datetime,temp_c,rain_mm,humidity_pct,wind_kmh,data_type,weather_imputed,rain_3h_sum,is_raining,rain_class
2025-01-01 00:00:00,9.8,0.0,89.0,16.8,observed,False,0.0,0,none
2025-01-01 01:00:00,8.0,0.0,87.0,13.6,observed,True,0.0,0,none
2025-01-01 02:00:00,7.2,0.0,100.0,9.0,observed,False,0.0,0,none
2025-01-01 03:00:00,7.6,0.0,86.0,5.6,observed,False,0.0,0,none
2025-01-01 04:00:00,6.7,0.0,92.0,11.9,observed,False,0.0,0,none
2025-01-01 05:00:00,8.1,0.0,95.0,7.3,observed,False,0.0,0,none
2025-01-01 06:00:00,8.9,0.0,89.0,8.0,observed,False,0.0,0,none
2025-01-01 07:00:00,10.4,0.0,88.0,11.4,observed,False,0.0,0,none
2025-01-01 08:00:00,12.2,0.0,90.0,14.6,observed,False,0.0,0,none
2025-01-01 09:00:00,13.3,0.0,74.0,10.4,observed,False,0.0,0,none
2025-01-01 10:00:00,16.1,0.0,78.0,15.4,observed,False,0.0,0,none
2025-01-01 11:00:00,16.9,0.0,75.0,19.1,observed,False,0.0,0,none
2025-01-01 12:00:00,19.2,0.0,63.0,10.4,observed,False,0.0,0,none
2025-01-01 13:00:00,19.5,0.0,67.0,5.0,observed,False,0.0,0,none
2025-01-01 14:00:00,20.6,0.0,73.0,15.9,observed,False,0.0,0,none
2025-01-01 15:00:00,21.3,0.0,66.0,5.3,observed,False,0.0,0,none
2025-01-01 16:00:00,20.6,0.0,66.0,7.8,observed,False,0.0,0,none
2025-01-01 17:00:00,19.3,0.0,63.0,5.7,observed,False,0.0,0,none
2025-01-01 18:00:00,18.9,0.0,67.0,13.2,observed,False,0.0,0,none
2025-01-01 19:00:00,17.0,0.0,61.0,20.3,observed,False,0.0,0,none
2025-01-01 20:00:00,15.6,0.0,79.0,7.3,observed,False,0.0,0,none
2025-01-01 21:00:00,14.3,0.0,77.0,10.7,observed,False,0.0,0,none
2025-01-01 22:00:00,11.7,0.0,77.0,11.0,observed,False,0.0,0,none
2025-01-01 23:00:00,11.5,0.0,85.0,20.5,observed,False,0.0,0,none
2025-01-02 00:00:00,10.3,0.0,91.0,11.2,observed,False,0.0,0,none
2025-01-02 01:00:00,8.7,0.0,92.0,10.2,observed,False,0.0,0,none
2025-01-02 02:00:00,9.9,0.0,89.0,19.1,observed,False,0.0,0,none
2025-01-02 03:00:00,7.8,0.0,94.0,5.4,observed,False,0.0,0,none
2025-01-02 04:00:00,8.2,0.0,83.0,8.4,observed,False,0.0,0,none
2025-01-02 05:00:00,8.7,0.0,93.0,8.8,observed,False,0.0,0,none
2025-01-02 06:00:00,10.0,0.0,88.0,8.2,observed,False,0.0,0,none
2025-01-02 07:00:00,11.7,0.0,93.0,12.6,observed,False,0.0,0,none
2025-01-02 08:00:00,13.5,0.0,80.0,15.4,observed,False,0.0,0,none
2025-01-02 09:00:00,15.3,0.0,79.0,7.4,observed,False,0.0,0,none
2025-01-02 10:00:00,16.6,0.0,75.0,14.3,observed,False,0.0,0,none
2025-01-02 11:00:00,18.4,0.0,70.0,10.8,observed,False,0.0,0,none
2025-01-02 12:00:00,19.7,0.0,72.0,18.7,observed,False,0.0,0,none
2025-01-02 13:00:00,20.2,0.0,65.0,10.9,observed,False,0.0,0,none
2025-01-02 14:00:00,21.9,0.0,58.0,12.8,observed,False,0.0,0,none
2025-01-02 15:00:00,21.6,0.0,56.0,10.7,observed,False,0.0,0,none
2025-01-02 16:00:00,20.8,0.5,65.0,7.9,observed,False,0.5,1,light
2025-01-02 17:00:00,20.3,0.0,56.0,8.6,observed,False,0.5,0,none
2025-01-02 18:00:00,19.2,0.0,73.0,7.6,observed,False,0.5,0,none
2025-01-02 19:00:00,15.4,5.7,87.0,17.0,observed,False,5.7,1,moderate
2025-01-02 20:00:00,15.6,0.0,76.0,10.6,observed,False,5.7,0,none
2025-01-02 21:00:00,13.7,0.3,82.0,12.5,observed,False,6.0,1,light
2025-01-02 22:00:00,13.0,0.0,79.0,18.0,observed,False,0.3,0,none
2025-01-02 23:00:00,11.2,0.0,91.0,6.1,observed,False,0.3,0,none
2025-01-03 00:00:00,8.8,0.0,93.0,15.0,observed,False,0.0,0,none
2025-01-03 01:00:00,8.4,0.0,93.0,13.7,observed,False,0.0,0,none
2025-01-03 02:00:00,7.5,0.0,95.0,11.0,observed,False,0.0,0,none
2025-01-03 03:00:00,7.5,0.0,96.0,4.0,observed,False,0.0,0,none
2025-01-03 04:00:00,7.7,0.0,86.0,21.1,observed,False,0.0,0,none
2025-01-03 05:00:00,8.9,0.0,100.0,13.5,observed,False,0.0,0,none
2025-01-03 06:00:00,10.3,0.0,90.0,14.7,observed,False,0.0,0,none
2025-01-03 07:00:00,11.6,0.0,85.0,11.2,observed,False,0.0,0,none
2025-01-03 08:00:00,12.0,0.0,86.0,12.2,observed,False,0.0,0,none
2025-01-03 09:00:00,14.7,0.0,79.0,12.1,observed,False,0.0,0,none
2025-01-03 10:00:00,15.8,0.0,78.0,9.9,observed,False,0.0,0,none
2025-01-03 11:00:00,17.4,0.0,66.0,6.2,observed,False,0.0,0,none
2025-01-03 12:00:00,19.7,0.0,69.0,17.3,observed,False,0.0,0,none
2025-01-03 13:00:00,20.8,0.0,59.0,14.3,observed,False,0.0,0,none
2025-01-03 14:00:00,20.8,0.0,60.0,7.6,observed,False,0.0,0,none
2025-01-03 15:00:00,21.4,0.0,55.0,4.5,observed,False,0.0,0,none
2025-01-03 16:00:00,22.2,0.0,67.0,9.0,observed,False,0.0,0,none
2025-01-03 17:00:00,20.6,0.0,63.0,12.6,observed,False,0.0,0,none
2025-01-03 18:00:00,18.9,0.0,70.0,8.4,observed,False,0.0,0,none
2025-01-03 19:00:00,17.3,0.0,60.0,9.5,observed,False,0.0,0,none
2025-01-03 20:00:00,16.3,0.0,72.0,14.7,observed,False,0.0,0,none
2025-01-03 21:00:00,14.6,0.0,80.0,7.8,observed,False,0.0,0,none
2025-01-03 22:00:00,12.5,0.0,82.0,9.6,observed,False,0.0,0,none
2025-01-03 23:00:00,11.5,0.0,85.0,15.4,observed,False,0.0,0,none
2025-01-04 00:00:00,9.5,0.0,90.0,21.5,observed,False,0.0,0,none
2025-01-04 01:00:00,7.9,0.0,91.0,7.8,observed,False,0.0,0,none
2025-01-04 02:00:00,7.7,0.0,95.0,11.5,observed,False,0.0,0,none
2025-01-04 03:00:00,7.0,0.0,100.0,7.9,observed,False,0.0,0,none
2025-01-04 04:00:00,8.75,0.0,95.0,7.7,observed,False,0.0,0,none
2025-01-04 05:00:00,8.3,0.0,90.0,18.1,observed,False,0.0,0,none
2025-01-04 06:00:00,9.2,0.0,88.0,8.7,observed,False,0.0,0,none
2025-01-04 07:00:00,9.6,0.0,93.0,12.8,observed,False,0.0,0,none
2025-01-04 08:00:00,12.7,0.0,79.0,13.7,observed,False,0.0,0,none
2025-01-04 09:00:00,14.0,0.0,87.0,6.3,observed,False,0.0,0,none
2025-01-04 10:00:00,16.2,0.0,69.0,16.4,observed,False,0.0,0,none
2025-01-04 11:00:00,17.4,0.0,67.5,11.5,observed,False,0.0,0,none
2025-01-04 12:00:00,19.4,0.0,66.0,12.8,observed,False,0.0,0,none
2025-01-04 13:00:00,20.0,0.0,59.0,16.7,observed,False,0.0,0,none
2025-01-04 14:00:00,20.6,0.0,68.0,12.5,observed,False,0.0,0,none
2025-01-04 15:00:00,19.9,0.0,63.0,11.2,observed,False,0.0,0,none
2025-01-04 16:00:00,20.7,0.0,69.0,6.8,observed,False,0.0,0,none
2025-01-04 17:00:00,20.4,0.0,59.0,12.3,observed,False,0.0,0,none
2025-01-04 18:00:00,19.2,0.0,61.0,7.1,observed,False,0.0,0,none
2025-01-04 19:00:00,18.1,0.0,61.0,8.3,observed,False,0.0,0,none
2025-01-04 20:00:00,15.3,0.0,81.0,16.0,observed,True,0.0,0,none
2025-01-04 21:00:00,13.8,0.0,81.0,5.3,observed,False,0.0,0,none
2025-01-04 22:00:00,12.4,0.0,84.0,11.2,observed,False,0.0,0,none
2025-01-04 23:00:00,10.5,0.0,87.0,10.0,observed,False,0.0,0,none
2025-01-05 00:00:00,7.2,0.0,100.0,10.1,observed,False,0.0,0,none
2025-01-05 01:00:00,5.8,0.0,95.0,19.3,observed,False,0.0,0,none
2025-01-05 02:00:00,5.4,0.0,99.0,15.2,observed,False,0.0,0,none
2025-01-05 03:00:00,6.1,0.0,100.0,17.6,observed,False,0.0,0,none
2025-01-05 04:00:00,6.5,0.0,100.0,21.5,observed,False,0.0,0,none
2025-01-05 05:00:00,6.3,0.0,98.0,7.0,observed,False,0.0,0,none
2025-01-05 06:00:00,7.8,0.0,96.0,5.3,observed,False,0.0,0,none
2025-01-05 07:00:00,8.0,0.0,98.0,7.2,observed,False,0.0,0,none
2025-01-05 08:00:00,10.9,0.0,92.0,10.9,observed,False,0.0,0,none
2025-01-05 09:00:00,12.7,0.0,78.0,11.8,observed,False,0.0,0,none
2025-01-05 10:00:00,13.8,0.0,83.0,6.3,observed,False,0.0,0,none
2025-01-05 11:00:00,16.1,0.0,80.0,7.7,observed,False,0.0,0,none
2025-01-05 12:00:00,17.7,0.0,71.0,12.2,observed,False,0.0,0,none
2025-01-05 13:00:00,19.1,0.0,69.0,11.4,observed,False,0.0,0,none
2025-01-05 14:00:00,19.2,0.0,64.0,5.8,observed,True,0.0,0,none
2025-01-05 15:00:00,18.9,0.0,75.0,14.3,observed,False,0.0,0,none
2025-01-05 16:00:00,19.6,0.0,72.0,20.7,observed,False,0.0,0,none
2025-01-05 17:00:00,19.3,0.0,65.0,13.2,observed,False,0.0,0,none
2025-01-05 18:00:00,15.7,0.0,63.0,4.0,observed,False,0.0,0,none
2025-01-05 19:00:00,16.3,0.0,73.0,6.3,observed,False,0.0,0,none
2025-01-05 20:00:00,13.2,0.0,69.0,5.5,observed,False,0.0,0,none
2025-01-05 21:00:00,12.6,0.0,84.0,9.6,observed,False,0.0,0,none
2025-01-05 22:00:00,11.3,0.0,85.0,10.1,observed,False,0.0,0,none
2025-01-05 23:00:00,8.9,0.0,97.0,19.8,observed,False,0.0,0,none
2025-01-06 00:00:00,9.0,0.0,86.0,14.3,observed,False,0.0,0,none
2025-01-06 01:00:00,8.1,0.0,91.0,11.0,observed,False,0.0,0,none
2025-01-06 02:00:00,7.7,0.0,96.0,21.4,observed,False,0.0,0,none
2025-01-06 03:00:00,7.9,0.0,93.0,5.9,observed,False,0.0,0,none
2025-01-06 04:00:00,8.0,0.0,88.0,14.3,observed,False,0.0,0,none
2025-01-06 05:00:00,8.8,0.0,90.0,7.1,observed,False,0.0,0,none
2025-01-06 06:00:00,9.9,0.0,85.0,9.0,observed,False,0.0,0,none
2025-01-06 07:00:00,9.9,0.0,91.0,16.1,observed,False,0.0,0,none
2025-01-06 08:00:00,11.8,0.0,77.0,10.8,observed,False,0.0,0,none
2025-01-06 09:00:00,13.9,0.0,74.0,6.7,observed,False,0.0,0,none
2025-01-06 10:00:00,15.9,0.0,70.0,3.6,observed,False,0.0,0,none
2025-01-06 11:00:00,18.0,0.0,69.0,10.2,observed,False,0.0,0,none
2025-01-06 12:00:00,18.7,0.0,73.0,11.5,observed,False,0.0,0,none
2025-01-06 13:00:00,20.8,0.0,66.0,16.9,observed,True,0.0,0,none
2025-01-06 14:00:00,21.0,0.0,60.0,16.5,observed,False,0.0,0,none
2025-01-06 15:00:00,20.0,0.0,57.0,8.0,observed,False,0.0,0,none
2025-01-06 16:00:00,20.8,0.0,53.0,7.3,observed,False,0.0,0,none
2025-01-06 17:00:00,20.0,0.0,61.0,7.4,observed,False,0.0,0,none
2025-01-06 18:00:00,19.2,0.0,60.0,6.8,observed,False,0.0,0,none
2025-01-06 19:00:00,17.2,0.0,69.0,9.0,observed,False,0.0,0,none
2025-01-06 20:00:00,16.6,0.0,64.0,14.7,observed,False,0.0,0,none
2025-01-06 21:00:00,14.1,0.0,82.0,5.4,observed,False,0.0,0,none
2025-01-06 22:00:00,12.1,0.0,87.0,14.7,observed,False,0.0,0,none
2025-01-06 23:00:00,11.0,0.0,90.66666666666667,15.0,observed,False,0.0,0,none
2025-01-07 00:00:00,8.7,0.0,94.33333333333333,10.0,observed,False,0.0,0,none
2025-01-07 01:00:00,8.5,0.0,98.0,15.3,observed,False,0.0,0,none
2025-01-07 02:00:00,7.6,0.0,99.0,12.9,observed,False,0.0,0,none
2025-01-07 03:00:00,7.7,0.0,100.0,4.2,observed,False,0.0,0,none
2025-01-07 04:00:00,8.0,0.0,89.0,12.5,observed,False,0.0,0,none
2025-01-07 05:00:00,8.6,0.0,89.0,19.7,observed,False,0.0,0,none
2025-01-07 06:00:00,8.8,0.0,85.0,12.9,observed,False,0.0,0,none
2025-01-07 07:00:00,10.8,0.0,88.0,8.7,observed,False,0.0,0,none
2025-01-07 08:00:00,13.1,0.0,79.0,5.7,observed,False,0.0,0,none
2025-01-07 09:00:00,15.1,0.0,77.0,10.5,observed,False,0.0,0,none
2025-01-07 10:00:00,17.0,0.0,78.0,14.7,observed,False,0.0,0,none
2025-01-07 11:00:00,17.2,0.0,72.0,16.7,observed,False,0.0,0,none
2025-01-07 12:00:00,19.4,0.0,68.0,10.1,observed,False,0.0,0,none
2025-01-07 13:00:00,20.2,0.0,67.0,9.0,observed,False,0.0,0,none
2025-01-07 14:00:00,21.7,0.0,58.0,10.8,observed,False,0.0,0,none
2025-01-07 15:00:00,20.9,0.0,69.0,9.6,observed,False,0.0,0,none
2025-01-07 16:00:00,19.5,0.0,61.0,11.6,observed,False,0.0,0,none
2025-01-07 17:00:00,20.6,0.0,62.0,7.6,observed,False,0.0,0,none
2025-01-07 18:00:00,19.4,0.0,67.0,7.4,observed,False,0.0,0,none
2025-01-07 19:00:00,16.3,0.0,70.0,14.7,observed,False,0.0,0,none
2025-01-07 20:00:00,15.6,0.0,77.0,14.5,observed,False,0.0,0,none
2025-01-07 21:00:00,14.6,0.0,77.0,10.4,observed,False,0.0,0,none
2025-01-07 22:00:00,12.7,0.0,75.0,7.7,observed,False,0.0,0,none
2025-01-07 23:00:00,10.1,0.0,84.0,6.2,observed,False,0.0,0,none
2025-01-08 00:00:00,10.2,0.0,86.5,7.9,observed,False,0.0,0,none
2025-01-08 01:00:00,8.9,0.0,89.0,7.9,observed,False,0.0,0,none
2025-01-08 02:00:00,7.7,0.0,94.0,11.5,observed,False,0.0,0,none
2025-01-08 03:00:00,7.9,0.0,89.0,5.4,observed,False,0.0,0,none
2025-01-08 04:00:00,8.8,0.0,91.0,10.7,observed,False,0.0,0,none
2025-01-08 05:00:00,9.45,0.0,88.0,10.55,observed,True,0.0,0,none
2025-01-08 06:00:00,10.1,0.0,85.0,10.4,observed,False,0.0,0,none
2025-01-08 07:00:00,10.6,0.0,87.0,12.9,observed,False,0.0,0,none
2025-01-08 08:00:00,12.9,0.0,81.0,7.2,observed,False,0.0,0,none
2025-01-08 09:00:00,15.1,0.0,82.0,9.3,observed,False,0.0,0,none
2025-01-08 10:00:00,16.7,0.0,76.0,6.0,observed,False,0.0,0,none
2025-01-08 11:00:00,17.9,0.0,74.0,8.3,observed,False,0.0,0,none
2025-01-08 12:00:00,19.3,0.0,72.0,14.0,observed,False,0.0,0,none
2025-01-08 13:00:00,20.8,0.0,61.0,9.1,observed,False,0.0,0,none
2025-01-08 14:00:00,21.0,0.0,57.0,17.0,observed,False,0.0,0,none
2025-01-08 15:00:00,21.9,0.0,66.0,11.3,observed,False,0.0,0,none
2025-01-08 16:00:00,21.9,0.0,63.0,13.8,observed,False,0.0,0,none
2025-01-08 17:00:00,20.9,0.0,66.0,7.8,observed,False,0.0,0,none
2025-01-08 18:00:00,20.4,0.0,70.0,13.9,observed,False,0.0,0,none
2025-01-08 19:00:00,17.9,0.0,69.0,10.0,observed,False,0.0,0,none
2025-01-08 20:00:00,16.2,0.0,77.0,7.5,observed,False,0.0,0,none
2025-01-08 21:00:00,14.2,0.0,84.0,12.1,observed,False,0.0,0,none
2025-01-08 22:00:00,12.2,0.0,81.0,6.1,observed,False,0.0,0,none
2025-01-08 23:00:00,11.3,0.0,86.0,12.3,observed,False,0.0,0,none
2025-01-09 00:00:00,11.9,0.0,75.0,12.8,observed,False,0.0,0,none
2025-01-09 01:00:00,10.0,0.0,91.0,13.9,observed,False,0.0,0,none
2025-01-09 02:00:00,9.1,0.0,85.0,10.7,observed,False,0.0,0,none
2025-01-09 03:00:00,8.7,0.0,92.0,7.2,observed,False,0.0,0,none
2025-01-09 04:00:00,9.6,0.0,87.0,15.0,observed,False,0.0,0,none
2025-01-09 05:00:00,9.8,0.0,90.0,14.4,observed,False,0.0,0,none
2025-01-09 06:00:00,10.7,0.0,90.0,14.1,observed,False,0.0,0,none
2025-01-09 07:00:00,12.1,0.0,85.0,13.4,observed,False,0.0,0,none
2025-01-09 08:00:00,13.8,0.0,82.0,21.4,observed,True,0.0,0,none
2025-01-09 09:00:00,15.2,0.0,89.0,12.3,observed,False,0.0,0,none
2025-01-09 10:00:00,18.4,0.0,66.0,16.0,observed,False,0.0,0,none
2025-01-09 11:00:00,19.1,0.0,72.0,19.5,observed,False,0.0,0,none
2025-01-09 12:00:00,20.7,0.0,62.0,7.9,observed,False,0.0,0,none
2025-01-09 13:00:00,22.2,0.0,59.0,8.3,observed,False,0.0,0,none
2025-01-09 14:00:00,22.5,0.0,63.0,7.6,observed,False,0.0,0,none
2025-01-09 15:00:00,22.4,0.0,58.0,13.9,observed,True,0.0,0,none
2025-01-09 16:00:00,22.2,0.0,61.0,9.2,observed,False,0.0,0,none
2025-01-09 17:00:00,22.0,0.0,55.0,15.3,observed,False,0.0,0,none
2025-01-09 18:00:00,21.0,0.0,67.0,11.8,observed,False,0.0,0,none
2025-01-09 19:00:00,19.5,0.0,60.0,7.1,observed,False,0.0,0,none
2025-01-09 20:00:00,17.5,0.0,70.0,8.2,observed,False,0.0,0,none
2025-01-09 21:00:00,16.4,0.0,73.0,6.5,observed,False,0.0,0,none
2025-01-09 22:00:00,13.9,0.0,78.0,13.0,observed,False,0.0,0,none
2025-01-09 23:00:00,13.1,0.0,92.0,10.0,observed,False,0.0,0,none
2025-01-10 00:00:00,11.9,0.0,83.0,13.7,observed,False,0.0,0,none
2025-01-10 01:00:00,9.5,0.0,85.0,9.6,observed,False,0.0,0,none
2025-01-10 02:00:00,9.7,0.0,91.0,10.0,observed,False,0.0,0,none
2025-01-10 03:00:00,10.0,0.0,91.0,7.0,observed,False,0.0,0,none
2025-01-10 04:00:00,10.2,0.0,86.0,10.1,observed,False,0.0,0,none
2025-01-10 05:00:00,9.9,0.0,90.0,10.7,observed,False,0.0,0,none
2025-01-10 06:00:00,11.4,0.0,82.0,11.9,observed,False,0.0,0,none
2025-01-10 07:00:00,13.0,0.0,95.0,11.3,observed,False,0.0,0,none
2025-01-10 08:00:00,14.2,0.0,80.0,6.7,observed,False,0.0,0,none
2025-01-10 09:00:00,16.4,0.0,69.0,14.4,observed,False,0.0,0,none
2025-01-10 10:00:00,18.1,0.0,67.0,11.9,observed,False,0.0,0,none
2025-01-10 11:00:00,20.4,0.0,64.0,28.8,observed,False,0.0,0,none
2025-01-10 12:00:00,21.4,0.0,63.0,12.7,observed,False,0.0,0,none
2025-01-10 13:00:00,21.9,0.0,59.0,11.6,observed,False,0.0,0,none
2025-01-10 14:00:00,23.5,0.0,48.0,15.6,observed,False,0.0,0,none
2025-01-10 15:00:00,24.2,0.0,53.0,20.0,observed,False,0.0,0,none
2025-01-10 16:00:00,23.1,0.0,59.0,12.3,observed,False,0.0,0,none
2025-01-10 17:00:00,22.5,0.0,66.0,11.6,observed,False,0.0,0,none
2025-01-10 18:00:00,21.1,0.0,60.0,4.1,observed,False,0.0,0,none
2025-01-10 19:00:00,19.6,0.0,72.0,9.8,observed,False,0.0,0,none
2025-01-10 20:00:00,18.1,0.0,64.0,14.0,observed,False,0.0,0,none
2025-01-10 21:00:00,15.8,0.0,76.0,21.5,observed,False,0.0,0,none
2025-01-10 22:00:00,14.6,0.0,82.0,11.9,observed,False,0.0,0,none
2025-01-10 23:00:00,12.1,0.0,85.0,8.3,observed,False,0.0,0,none
2025-01-11 00:00:00,11.0,0.0,88.0,9.3,observed,False,0.0,0,none
2025-01-11 01:00:00,10.7,0.0,88.0,9.1,observed,False,0.0,0,none
2025-01-11 02:00:00,10.3,0.0,92.0,9.8,observed,False,0.0,0,none
2025-01-11 03:00:00,9.0,0.0,91.0,8.8,observed,False,0.0,0,none
2025-01-11 04:00:00,9.5,0.0,94.0,13.1,observed,False,0.0,0,none
2025-01-11 05:00:00,9.5,0.0,84.0,10.5,observed,False,0.0,0,none
2025-01-11 06:00:00,11.0,0.0,90.0,10.5,observed,False,0.0,0,none
2025-01-11 07:00:00,12.6,0.0,71.0,7.1,observed,False,0.0,0,none
2025-01-11 08:00:00,14.4,0.0,72.0,13.8,observed,False,0.0,0,none
2025-01-11 09:00:00,16.2,0.0,72.0,14.25,observed,True,0.0,0,none
2025-01-11 10:00:00,18.0,0.0,72.0,14.7,observed,False,0.0,0,none
2025-01-11 11:00:00,19.1,0.0,58.0,14.1,observed,False,0.0,0,none
2025-01-11 12:00:00,20.2,0.0,75.0,9.1,observed,False,0.0,0,none
2025-01-11 13:00:00,21.5,0.0,67.0,7.6,observed,True,0.0,0,none
2025-01-11 14:00:00,22.8,0.0,59.0,6.1,observed,False,0.0,0,none
2025-01-11 15:00:00,22.5,0.0,47.0,12.5,observed,False,0.0,0,none
2025-01-11 16:00:00,22.7,0.0,60.0,18.9,observed,False,0.0,0,none
2025-01-11 17:00:00,22.3,0.0,58.0,4.7,observed,False,0.0,0,none
2025-01-11 18:00:00,20.3,0.0,63.0,8.7,observed,False,0.0,0,none
2025-01-11 19:00:00,19.1,0.0,58.0,6.2,observed,False,0.0,0,none
2025-01-11 20:00:00,17.8,0.0,64.0,14.1,observed,False,0.0,0,none
2025-01-11 21:00:00,14.9,0.0,64.0,10.3,observed,False,0.0,0,none
2025-01-11 22:00:00,14.3,0.0,77.0,14.4,observed,False,0.0,0,none
2025-01-11 23:00:00,12.4,0.0,78.0,17.7,observed,False,0.0,0,none
2025-01-12 00:00:00,11.5,0.0,90.0,5.2,observed,False,0.0,0,none
2025-01-12 01:00:00,11.4,0.0,81.0,8.1,observed,False,0.0,0,none
2025-01-12 02:00:00,9.7,0.0,96.0,13.7,observed,False,0.0,0,none
2025-01-12 03:00:00,10.1,0.0,83.0,8.5,observed,False,0.0,0,none
2025-01-12 04:00:00,9.6,0.0,92.0,5.0,observed,False,0.0,0,none
2025-01-12 05:00:00,11.2,0.0,89.0,12.1,observed,False,0.0,0,none
2025-01-12 06:00:00,11.5,0.0,82.0,7.4,observed,False,0.0,0,none
2025-01-12 07:00:00,13.9,0.0,75.0,10.2,observed,False,0.0,0,none
2025-01-12 08:00:00,14.8,0.0,85.0,10.4,observed,False,0.0,0,none
2025-01-12 09:00:00,16.1,0.0,72.0,4.9,observed,False,0.0,0,none
2025-01-12 10:00:00,18.5,0.0,54.0,10.9,observed,False,0.0,0,none
2025-01-12 11:00:00,19.8,0.0,56.0,5.8,observed,False,0.0,0,none
2025-01-12 12:00:00,21.7,0.0,61.0,26.3,observed,False,0.0,0,none
2025-01-12 13:00:00,23.2,0.0,51.0,12.2,observed,False,0.0,0,none
2025-01-12 14:00:00,24.1,0.0,53.0,12.6,observed,False,0.0,0,none
2025-01-12 15:00:00,23.5,0.0,60.0,13.4,observed,False,0.0,0,none
2025-01-12 16:00:00,23.4,0.0,55.0,12.3,observed,False,0.0,0,none
2025-01-12 17:00:00,23.0,0.0,56.0,16.1,observed,False,0.0,0,none
2025-01-12 18:00:00,21.2,0.0,59.0,8.3,observed,False,0.0,0,none
2025-01-12 19:00:00,20.6,0.0,63.0,12.4,observed,True,0.0,0,none
2025-01-12 20:00:00,17.8,0.0,72.0,7.7,observed,False,0.0,0,none
2025-01-12 21:00:00,17.4,0.0,77.0,14.7,observed,False,0.0,0,none
2025-01-12 22:00:00,14.9,0.0,81.0,5.4,observed,False,0.0,0,none
2025-01-12 23:00:00,13.0,0.0,79.0,8.8,observed,False,0.0,0,none
2025-01-13 00:00:00,11.7,0.0,89.0,12.0,observed,False,0.0,0,none
2025-01-13 01:00:00,10.7,0.0,96.0,7.8,observed,False,0.0,0,none
2025-01-13 02:00:00,9.4,0.0,99.0,13.9,observed,True,0.0,0,none
2025-01-13 03:00:00,9.6,0.0,90.0,13.5,observed,False,0.0,0,none
2025-01-13 04:00:00,10.1,0.0,99.0,17.8,observed,False,0.0,0,none
2025-01-13 05:00:00,11.0,0.0,88.0,7.1,observed,False,0.0,0,none
2025-01-13 06:00:00,11.4,0.0,76.0,14.7,observed,False,0.0,0,none
2025-01-13 07:00:00,13.2,0.0,83.0,6.7,observed,False,0.0,0,none
2025-01-13 08:00:00,15.9,0.0,78.0,13.2,observed,False,0.0,0,none
2025-01-13 09:00:00,17.2,0.0,73.0,8.6,observed,False,0.0,0,none
2025-01-13 10:00:00,18.4,0.0,78.0,13.6,observed,False,0.0,0,none
2025-01-13 11:00:00,19.95,0.0,65.0,5.3,observed,False,0.0,0,none
2025-01-13 12:00:00,21.525000000000002,0.0,56.5,12.65,observed,True,0.0,0,none
2025-01-13 13:00:00,23.1,0.0,48.0,20.0,observed,False,0.0,0,none
2025-01-13 14:00:00,24.4,0.0,61.0,4.2,observed,False,0.0,0,none
2025-01-13 15:00:00,24.4,0.0,46.0,15.3,observed,False,0.0,0,none
2025-01-13 16:00:00,23.1,0.0,57.0,15.1,observed,False,0.0,0,none
2025-01-13 17:00:00,22.6,0.0,59.0,5.2,observed,False,0.0,0,none
2025-01-13 18:00:00,22.8,0.0,48.0,19.9,observed,False,0.0,0,none
2025-01-13 19:00:00,20.5,0.0,65.0,8.8,observed,False,0.0,0,none
2025-01-13 20:00:00,18.7,0.0,65.0,18.4,observed,False,0.0,0,none
2025-01-13 21:00:00,16.0,0.0,79.0,14.4,observed,False,0.0,0,none
2025-01-13 22:00:00,14.6,0.0,75.0,9.3,observed,False,0.0,0,none
2025-01-13 23:00:00,13.3,0.0,80.0,9.7,observed,False,0.0,0,none
2025-01-14 00:00:00,11.8,0.0,93.0,8.7,observed,True,0.0,0,none
2025-01-14 01:00:00,11.4,0.0,96.0,7.1,observed,False,0.0,0,none
2025-01-14 02:00:00,10.3,0.0,93.0,6.4,observed,False,0.0,0,none
2025-01-14 03:00:00,10.3,0.0,82.0,6.4,observed,False,0.0,0,none
2025-01-14 04:00:00,10.6,0.0,87.0,22.9,observed,False,0.0,0,none
2025-01-14 05:00:00,11.1,0.0,79.0,9.5,observed,False,0.0,0,none
2025-01-14 06:00:00,12.0,0.0,89.0,11.3,observed,False,0.0,0,none
2025-01-14 07:00:00,13.4,0.0,80.0,9.5,observed,False,0.0,0,none
2025-01-14 08:00:00,15.6,0.0,80.0,8.1,observed,False,0.0,0,none
2025-01-14 09:00:00,17.8,0.0,70.0,15.6,observed,False,0.0,0,none
2025-01-14 10:00:00,18.7,0.0,70.0,11.5,observed,False,0.0,0,none
2025-01-14 11:00:00,20.9,0.0,64.0,15.1,observed,False,0.0,0,none
2025-01-14 12:00:00,22.3,0.0,69.0,11.2,observed,False,0.0,0,none
2025-01-14 13:00:00,23.5,0.0,60.0,6.7,observed,False,0.0,0,none
2025-01-14 14:00:00,23.6,0.0,57.0,9.3,observed,False,0.0,0,none
2025-01-14 15:00:00,24.2,0.0,66.0,14.2,observed,False,0.0,0,none
2025-01-14 16:00:00,24.0,0.0,60.0,5.7,observed,False,0.0,0,none
2025-01-14 17:00:00,24.0,0.0,43.0,6.6,observed,False,0.0,0,none
2025-01-14 18:00:00,21.9,0.0,59.0,6.7,observed,False,0.0,0,none
2025-01-14 19:00:00,21.1,0.0,69.0,13.0,observed,False,0.0,0,none
2025-01-14 20:00:00,19.7,0.0,76.0,8.9,observed,False,0.0,0,none
2025-01-14 21:00:00,17.1,0.0,70.0,15.4,observed,False,0.0,0,none
2025-01-14 22:00:00,15.0,0.0,87.0,10.1,observed,False,0.0,0,none
2025-01-14 23:00:00,13.6,0.0,69.0,12.5,observed,False,0.0,0,none
2025-01-15 00:00:00,10.9,0.0,83.0,10.6,observed,False,0.0,0,none
2025-01-15 01:00:00,9.3,0.0,95.0,8.5,observed,False,0.0,0,none
2025-01-15 02:00:00,8.3,0.0,92.0,11.0,observed,False,0.0,0,none
2025-01-15 03:00:00,8.3,0.0,87.0,11.6,observed,False,0.0,0,none
2025-01-15 04:00:00,8.0,0.0,93.0,4.4,observed,False,0.0,0,none
2025-01-15 05:00:00,9.9,0.0,84.0,7.7,observed,False,0.0,0,none
2025-01-15 06:00:00,10.3,0.0,86.5,10.3,observed,False,0.0,0,none
2025-01-15 07:00:00,11.5,0.0,89.0,11.1,observed,False,0.0,0,none
2025-01-15 08:00:00,13.4,0.0,80.0,5.4,observed,False,0.0,0,none
2025-01-15 09:00:00,15.5,0.0,76.0,13.9,observed,False,0.0,0,none
2025-01-15 10:00:00,17.6,0.0,66.0,11.7,observed,False,0.0,0,none
2025-01-15 11:00:00,19.8,0.0,69.0,8.0,observed,False,0.0,0,none
2025-01-15 12:00:00,20.4,0.0,59.0,12.6,observed,False,0.0,0,none
2025-01-15 13:00:00,20.5,0.0,67.0,10.8,observed,False,0.0,0,none
2025-01-15 14:00:00,21.4,0.0,66.0,10.0,observed,False,0.0,0,none
2025-01-15 15:00:00,21.9,0.0,68.0,15.3,observed,False,0.0,0,none
2025-01-15 16:00:00,22.1,0.0,66.0,14.5,observed,False,0.0,0,none
2025-01-15 17:00:00,21.1,0.0,59.0,16.1,observed,False,0.0,0,none
2025-01-15 18:00:00,20.6,0.0,64.0,14.0,observed,False,0.0,0,none
2025-01-15 19:00:00,18.5,0.0,72.0,7.5,observed,False,0.0,0,none
2025-01-15 20:00:00,15.4,0.0,75.0,17.0,observed,False,0.0,0,none
2025-01-15 21:00:00,14.9,0.0,70.0,6.8,observed,False,0.0,0,none
2025-01-15 22:00:00,13.9,0.0,78.0,10.1,observed,False,0.0,0,none
2025-01-15 23:00:00,12.6,0.0,87.0,8.0,observed,False,0.0,0,none
2025-01-16 00:00:00,10.1,0.0,87.0,13.7,observed,False,0.0,0,none
2025-01-16 01:00:00,9.9,0.0,87.0,12.2,observed,False,0.0,0,none
2025-01-16 02:00:00,8.700000000000001,0.0,87.0,12.1,observed,True,0.0,0,none
2025-01-16 03:00:00,7.5,0.0,87.0,12.0,observed,False,0.0,0,none
2025-01-16 04:00:00,8.6,0.0,85.0,14.8,observed,False,0.0,0,none
2025-01-16 05:00:00,8.9,0.0,92.0,13.7,observed,False,0.0,0,none
2025-01-16 06:00:00,10.2,0.0,100.0,10.1,observed,False,0.0,0,none
2025-01-16 07:00:00,11.7,0.0,96.0,14.2,observed,False,0.0,0,none
2025-01-16 08:00:00,12.8,0.0,92.0,14.6,observed,False,0.0,0,none
2025-01-16 09:00:00,16.0,0.0,70.0,9.0,observed,False,0.0,0,none
2025-01-16 10:00:00,16.9,0.0,70.0,5.6,observed,False,0.0,0,none
2025-01-16 11:00:00,18.0,0.0,78.0,14.2,observed,False,0.0,0,none
2025-01-16 12:00:00,20.1,0.0,72.0,16.3,observed,False,0.0,0,none
2025-01-16 13:00:00,21.8,0.0,53.0,10.4,observed,False,0.0,0,none
2025-01-16 14:00:00,21.5,0.0,59.0,10.4,observed,False,0.0,0,none
2025-01-16 15:00:00,22.4,0.0,54.0,10.9,observed,False,0.0,0,none
2025-01-16 16:00:00,22.2,0.0,66.0,13.8,observed,False,0.0,0,none
2025-01-16 17:00:00,20.9,0.0,60.0,8.4,observed,False,0.0,0,none
2025-01-16 18:00:00,19.0,0.0,65.0,6.7,observed,False,0.0,0,none
2025-01-16 19:00:00,19.1,0.0,70.0,21.0,observed,False,0.0,0,none
2025-01-16 20:00:00,16.65,0.0,68.0,5.5,observed,False,0.0,0,none
2025-01-16 21:00:00,15.5,0.0,68.0,6.4,observed,False,0.0,0,none
2025-01-16 22:00:00,12.9,0.0,87.0,11.7,observed,False,0.0,0,none
2025-01-16 23:00:00,12.2,0.0,88.0,15.8,observed,False,0.0,0,none
2025-01-17 00:00:00,11.1,0.0,89.0,9.8,observed,False,0.0,0,none
2025-01-17 01:00:00,8.8,0.0,91.0,10.5,observed,False,0.0,0,none
2025-01-17 02:00:00,8.0,0.0,100.0,15.7,observed,False,0.0,0,none
2025-01-17 03:00:00,7.1,0.0,92.0,18.8,observed,False,0.0,0,none
2025-01-17 04:00:00,8.5,0.0,87.0,26.8,observed,False,0.0,0,none
2025-01-17 05:00:00,8.4,0.0,93.0,13.1,observed,False,0.0,0,none
2025-01-17 06:00:00,10.4,0.0,81.0,10.2,observed,False,0.0,0,none
2025-01-17 07:00:00,11.45,0.0,90.0,10.6,observed,False,0.0,0,none
2025-01-17 08:00:00,12.6,0.0,77.0,10.7,observed,False,0.0,0,none
2025-01-17 09:00:00,15.0,0.0,78.0,7.8,observed,False,0.0,0,none
2025-01-17 10:00:00,16.4,0.0,82.0,12.5,observed,False,0.0,0,none
2025-01-17 11:00:00,17.9,0.0,68.0,13.6,observed,False,0.0,0,none
2025-01-17 12:00:00,19.8,0.0,69.0,8.2,observed,False,0.0,0,none
2025-01-17 13:00:00,20.7,0.0,56.0,15.4,observed,False,0.0,0,none
2025-01-17 14:00:00,21.7,0.0,64.0,10.1,observed,False,0.0,0,none
2025-01-17 15:00:00,22.0,0.0,53.0,4.8,observed,False,0.0,0,none
2025-01-17 16:00:00,20.5,0.0,70.0,4.9,observed,False,0.0,0,none
2025-01-17 17:00:00,21.200000000000003,0.0,61.0,14.1,observed,False,0.0,0,none
2025-01-17 18:00:00,19.4,0.0,64.0,16.9,observed,False,0.0,0,none
2025-01-17 19:00:00,18.5,0.0,69.0,5.1,observed,False,0.0,0,none
2025-01-17 20:00:00,17.0,0.0,71.0,13.8,observed,False,0.0,0,none
2025-01-17 21:00:00,14.5,0.0,77.0,24.5,observed,False,0.0,0,none
2025-01-17 22:00:00,14.0,0.0,81.0,12.7,observed,False,0.0,0,none
2025-01-17 23:00:00,10.8,0.0,78.0,15.9,observed,False,0.0,0,none
2025-01-18 00:00:00,13.4,0.0,76.0,11.4,observed,False,0.0,0,none
2025-01-18 01:00:00,11.7,0.0,79.0,15.1,observed,False,0.0,0,none
2025-01-18 02:00:00,11.8,0.0,85.0,12.8,observed,False,0.0,0,none
2025-01-18 03:00:00,10.5,0.0,99.0,17.4,observed,False,0.0,0,none
2025-01-18 04:00:00,11.3,0.0,82.0,8.6,observed,False,0.0,0,none
2025-01-18 05:00:00,12.0,0.0,75.0,18.3,observed,False,0.0,0,none
2025-01-18 06:00:00,13.2,0.0,80.0,25.0,observed,False,0.0,0,none
2025-01-18 07:00:00,14.2,0.0,83.0,10.2,observed,False,0.0,0,none
2025-01-18 08:00:00,15.6,0.0,77.0,9.1,observed,False,0.0,0,none
2025-01-18 09:00:00,17.4,0.0,76.0,13.2,observed,False,0.0,0,none
2025-01-18 10:00:00,19.1,0.0,60.0,9.5,observed,False,0.0,0,none
2025-01-18 11:00:00,20.9,0.0,58.0,13.9,observed,False,0.0,0,none
2025-01-18 12:00:00,22.7,0.0,55.0,11.1,observed,False,0.0,0,none
2025-01-18 13:00:00,23.2,0.0,56.5,9.9,observed,False,0.0,0,none
2025-01-18 14:00:00,23.4,0.0,58.0,10.5,observed,False,0.0,0,none
2025-01-18 15:00:00,23.6,0.0,60.0,9.7,observed,False,0.0,0,none
2025-01-18 16:00:00,24.3,0.0,58.0,4.8,observed,False,0.0,0,none
2025-01-18 17:00:00,23.9,0.0,61.0,8.2,observed,False,0.0,0,none
2025-01-18 18:00:00,21.9,0.0,61.0,12.7,observed,False,0.0,0,none
2025-01-18 19:00:00,20.8,0.0,64.0,13.2,observed,False,0.0,0,none
2025-01-18 20:00:00,19.1,0.0,67.0,13.2,observed,False,0.0,0,none
2025-01-18 21:00:00,18.4,0.0,61.0,12.2,observed,False,0.0,0,none
2025-01-18 22:00:00,15.7,0.0,72.0,16.8,observed,False,0.0,0,none
2025-01-18 23:00:00,14.9,0.0,74.0,8.4,observed,False,0.0,0,none
2025-01-19 00:00:00,11.6,0.0,86.0,13.0,observed,False,0.0,0,none
2025-01-19 01:00:00,10.7,0.0,82.0,12.2,observed,False,0.0,0,none
2025-01-19 02:00:00,10.1,0.0,92.0,6.3,observed,False,0.0,0,none
2025-01-19 03:00:00,9.0,0.0,89.0,10.7,observed,False,0.0,0,none
2025-01-19 04:00:00,10.1,0.0,91.0,12.7,observed,False,0.0,0,none
2025-01-19 05:00:00,10.7,0.0,92.0,11.7,observed,False,0.0,0,none
2025-01-19 06:00:00,12.0,0.0,94.0,16.8,observed,False,0.0,0,none
2025-01-19 07:00:00,13.0,0.0,88.0,12.3,observed,False,0.0,0,none
2025-01-19 08:00:00,14.4,0.0,84.0,11.1,observed,False,0.0,0,none
2025-01-19 09:00:00,15.9,0.0,78.0,12.0,observed,False,0.0,0,none
2025-01-19 10:00:00,18.4,0.0,61.0,7.9,observed,False,0.0,0,none
2025-01-19 11:00:00,20.4,0.0,69.0,10.0,observed,False,0.0,0,none
2025-01-19 12:00:00,21.4,0.0,66.0,14.9,observed,False,0.0,0,none
2025-01-19 13:00:00,22.2,0.0,50.0,17.8,observed,False,0.0,0,none
2025-01-19 14:00:00,22.5,0.0,59.0,5.2,observed,False,0.0,0,none
2025-01-19 15:00:00,23.7,0.0,56.0,14.0,observed,False,0.0,0,none
2025-01-19 16:00:00,22.9,0.0,64.0,7.6,observed,False,0.0,0,none
2025-01-19 17:00:00,22.2,0.0,55.0,8.8,observed,False,0.0,0,none
2025-01-19 18:00:00,21.2,0.0,58.0,8.5,observed,False,0.0,0,none
2025-01-19 19:00:00,19.9,0.0,63.0,20.7,observed,False,0.0,0,none
2025-01-19 20:00:00,18.8,0.0,73.0,15.5,observed,False,0.0,0,none
2025-01-19 21:00:00,16.7,0.0,87.0,15.1,observed,False,0.0,0,none
2025-01-19 22:00:00,15.3,0.0,78.0,8.2,observed,False,0.0,0,none
2025-01-19 23:00:00,13.1,0.0,82.0,10.4,observed,False,0.0,0,none
2025-01-20 00:00:00,13.3,0.0,78.0,9.5,observed,False,0.0,0,none
2025-01-20 01:00:00,11.1,0.0,92.0,14.1,observed,False,0.0,0,none
2025-01-20 02:00:00,11.1,0.0,88.0,8.6,observed,False,0.0,0,none
2025-01-20 03:00:00,11.3,0.0,82.0,8.7,observed,False,0.0,0,none
2025-01-20 04:00:00,11.3,0.0,82.0,8.5,observed,False,0.0,0,none
2025-01-20 05:00:00,11.5,0.0,73.0,13.6,observed,False,0.0,0,none
2025-01-20 06:00:00,12.4,0.0,86.0,11.5,observed,False,0.0,0,none
2025-01-20 07:00:00,13.700000000000001,0.0,88.0,8.5,observed,True,0.0,0,none
2025-01-20 08:00:00,15.0,0.0,78.0,9.5,observed,False,0.0,0,none
2025-01-20 09:00:00,17.3,0.0,74.0,17.7,observed,False,0.0,0,none
2025-01-20 10:00:00,20.9,0.0,66.0,11.6,observed,False,0.0,0,none
2025-01-20 11:00:00,21.4,0.0,66.0,4.5,observed,False,0.0,0,none
2025-01-20 12:00:00,22.5,0.0,67.0,9.3,observed,False,0.0,0,none
2025-01-20 13:00:00,23.8,0.0,52.0,6.1,observed,False,0.0,0,none
2025-01-20 14:00:00,24.3,0.0,56.0,17.3,observed,False,0.0,0,none
2025-01-20 15:00:00,24.4,0.0,58.0,8.4,observed,False,0.0,0,none
2025-01-20 16:00:00,23.1,0.0,52.0,18.8,observed,False,0.0,0,none
2025-01-20 17:00:00,23.8,0.0,55.0,6.9,observed,False,0.0,0,none
2025-01-20 18:00:00,22.6,0.0,63.0,15.0,observed,False,0.0,0,none
2025-01-20 19:00:00,19.3,0.0,65.0,12.2,observed,False,0.0,0,none
2025-01-20 20:00:00,19.9,0.0,64.0,12.2,observed,False,0.0,0,none
2025-01-20 21:00:00,17.5,0.0,78.0,15.0,observed,False,0.0,0,none
2025-01-20 22:00:00,15.8,0.0,72.0,16.1,observed,False,0.0,0,none
2025-01-20 23:00:00,14.2,0.0,75.0,5.6,observed,False,0.0,0,none
2025-01-21 00:00:00,10.9,0.0,81.0,7.5,observed,False,0.0,0,none
2025-01-21 01:00:00,10.1,0.0,86.0,11.0,observed,False,0.0,0,none
2025-01-21 02:00:00,9.1,0.0,96.0,11.6,observed,False,0.0,0,none
2025-01-21 03:00:00,8.2,0.0,93.0,13.1,observed,False,0.0,0,none
2025-01-21 04:00:00,10.1,0.0,84.0,7.1,observed,False,0.0,0,none
2025-01-21 05:00:00,10.7,0.0,89.0,6.7,observed,False,0.0,0,none
2025-01-21 06:00:00,10.7,0.0,84.0,11.3,observed,False,0.0,0,none
2025-01-21 07:00:00,12.1,0.0,86.0,13.6,observed,False,0.0,0,none
2025-01-21 08:00:00,13.9,0.0,75.0,13.6,observed,False,0.0,0,none
2025-01-21 09:00:00,16.0,0.0,70.0,16.4,observed,False,0.0,0,none
2025-01-21 10:00:00,17.7,0.0,72.0,5.9,observed,False,0.0,0,none
2025-01-21 11:00:00,19.6,0.0,64.0,15.2,observed,False,0.0,0,none
2025-01-21 12:00:00,19.2,0.0,57.0,13.6,observed,False,0.0,0,none
2025-01-21 13:00:00,21.1,0.0,54.0,7.9,observed,False,0.0,0,none
2025-01-21 14:00:00,22.4,0.0,57.5,7.0,observed,False,0.0,0,none
2025-01-21 15:00:00,21.8,0.0,61.0,18.4,observed,False,0.0,0,none
2025-01-21 16:00:00,21.0,0.0,66.0,7.9,observed,False,0.0,0,none
2025-01-21 17:00:00,21.2,0.0,55.0,11.1,observed,False,0.0,0,none
2025-01-21 18:00:00,20.8,0.0,61.0,15.4,observed,False,0.0,0,none
2025-01-21 19:00:00,19.8,0.0,66.0,12.1,observed,False,0.0,0,none
2025-01-21 20:00:00,17.9,0.0,67.0,10.4,observed,False,0.0,0,none
2025-01-21 21:00:00,15.3,0.0,79.0,11.1,observed,False,0.0,0,none
2025-01-21 22:00:00,13.4,0.0,85.0,6.0,observed,False,0.0,0,none
2025-01-21 23:00:00,12.5,0.0,87.0,12.4,observed,False,0.0,0,none
2025-01-22 00:00:00,10.3,0.0,83.0,15.7,observed,False,0.0,0,none
2025-01-22 01:00:00,9.3,0.0,91.0,9.9,observed,False,0.0,0,none
2025-01-22 02:00:00,9.1,0.0,97.0,7.3,observed,True,0.0,0,none
2025-01-22 03:00:00,9.0,0.0,95.0,4.5,observed,False,0.0,0,none
2025-01-22 04:00:00,8.6,0.0,93.0,10.6,observed,False,0.0,0,none
2025-01-22 05:00:00,9.4,0.0,88.0,7.7,observed,False,0.0,0,none
2025-01-22 06:00:00,10.8,0.0,94.0,6.2,observed,False,0.0,0,none
2025-01-22 07:00:00,12.3,0.0,81.0,14.9,observed,False,0.0,0,none
2025-01-22 08:00:00,13.2,0.0,80.0,14.2,observed,False,0.0,0,none
2025-01-22 09:00:00,15.1,0.0,84.0,11.6,observed,False,0.0,0,none
2025-01-22 10:00:00,16.6,0.0,73.0,9.0,observed,False,0.0,0,none
2025-01-22 11:00:00,18.1,0.0,69.0,5.3,observed,False,0.0,0,none
2025-01-22 12:00:00,20.5,0.0,65.0,9.1,observed,False,0.0,0,none
2025-01-22 13:00:00,21.6,0.0,58.0,6.7,observed,False,0.0,0,none
2025-01-22 14:00:00,21.7,0.0,59.0,13.5,observed,False,0.0,0,none
2025-01-22 15:00:00,22.2,0.0,61.0,7.1,observed,False,0.0,0,none
2025-01-22 16:00:00,22.4,0.0,63.0,7.2,observed,False,0.0,0,none
2025-01-22 17:00:00,22.1,0.0,59.0,15.1,observed,False,0.0,0,none
2025-01-22 18:00:00,20.4,0.0,66.0,10.1,observed,False,0.0,0,none
2025-01-22 19:00:00,19.6,0.0,61.0,5.8,observed,False,0.0,0,none
2025-01-22 20:00:00,16.2,0.0,74.0,6.1,observed,False,0.0,0,none
2025-01-22 21:00:00,15.5,0.0,73.0,18.3,observed,False,0.0,0,none
2025-01-22 22:00:00,14.2,0.0,83.0,12.8,observed,False,0.0,0,none
2025-01-22 23:00:00,12.3,0.0,86.0,12.7,observed,False,0.0,0,none
2025-01-23 00:00:00,10.0,0.0,95.0,7.3,observed,False,0.0,0,none
2025-01-23 01:00:00,8.6,0.0,91.0,15.2,observed,False,0.0,0,none
2025-01-23 02:00:00,7.2,0.0,98.0,9.2,observed,False,0.0,0,none
2025-01-23 03:00:00,7.5,0.0,90.0,16.1,observed,False,0.0,0,none
2025-01-23 04:00:00,8.1,0.0,98.0,13.8,observed,False,0.0,0,none
2025-01-23 05:00:00,8.6,0.0,88.0,11.0,observed,False,0.0,0,none
2025-01-23 06:00:00,9.4,0.0,86.0,3.2,observed,False,0.0,0,none
2025-01-23 07:00:00,11.3,0.0,86.0,6.3,observed,False,0.0,0,none
2025-01-23 08:00:00,12.5,0.0,82.0,7.1,observed,False,0.0,0,none
2025-01-23 09:00:00,14.7,0.0,79.0,15.0,observed,False,0.0,0,none
2025-01-23 10:00:00,16.3,0.0,80.0,9.1,observed,False,0.0,0,none
2025-01-23 11:00:00,18.2,0.0,67.0,5.9,observed,False,0.0,0,none
2025-01-23 12:00:00,20.0,0.0,62.0,6.5,observed,False,0.0,0,none
2025-01-23 13:00:00,20.3,0.0,63.0,21.7,observed,False,0.0,0,none
2025-01-23 14:00:00,21.3,0.0,60.0,10.5,observed,False,0.0,0,none
2025-01-23 15:00:00,20.6,0.0,67.0,7.2,observed,False,0.0,0,none
2025-01-23 16:00:00,20.6,0.0,60.0,9.1,observed,False,0.0,0,none
2025-01-23 17:00:00,19.6,0.0,62.0,11.9,observed,False,0.0,0,none
2025-01-23 18:00:00,19.7,0.0,63.0,12.7,observed,False,0.0,0,none
2025-01-23 19:00:00,17.3,0.0,71.0,20.0,observed,False,0.0,0,none
2025-01-23 20:00:00,16.9,0.0,80.0,6.5,observed,False,0.0,0,none
2025-01-23 21:00:00,15.0,0.0,74.0,11.9,observed,False,0.0,0,none
2025-01-23 22:00:00,11.4,0.0,80.0,9.6,observed,False,0.0,0,none
2025-01-23 23:00:00,10.3,0.0,91.0,5.7,observed,False,0.0,0,none
2025-01-24 00:00:00,10.5,0.0,94.0,8.2,observed,False,0.0,0,none
2025-01-24 01:00:00,8.3,0.0,93.0,8.9,observed,False,0.0,0,none
2025-01-24 02:00:00,8.1,0.0,95.0,4.5,observed,False,0.0,0,none
2025-01-24 03:00:00,8.7,0.0,85.0,10.7,observed,False,0.0,0,none
2025-01-24 04:00:00,9.2,0.0,88.0,9.9,observed,False,0.0,0,none
2025-01-24 05:00:00,8.7,0.0,88.0,14.6,observed,False,0.0,0,none
2025-01-24 06:00:00,10.2,0.0,88.0,13.9,observed,False,0.0,0,none
2025-01-24 07:00:00,11.4,0.0,90.0,12.2,observed,False,0.0,0,none
2025-01-24 08:00:00,13.1,0.0,77.0,8.8,observed,False,0.0,0,none
2025-01-24 09:00:00,15.2,0.0,80.0,17.5,observed,False,0.0,0,none
2025-01-24 10:00:00,16.35,0.0,81.0,7.2,observed,True,0.0,0,none
2025-01-24 11:00:00,17.5,0.0,68.0,9.2,observed,False,0.0,0,none
2025-01-24 12:00:00,19.1,0.0,66.0,13.3,observed,False,0.0,0,none
2025-01-24 13:00:00,20.9,0.0,61.0,9.6,observed,False,0.0,0,none
2025-01-24 14:00:00,21.5,0.0,64.0,5.2,observed,False,0.0,0,none
2025-01-24 15:00:00,21.5,0.0,62.0,8.5,observed,False,0.0,0,none
2025-01-24 16:00:00,21.7,0.0,54.0,14.3,observed,False,0.0,0,none
2025-01-24 17:00:00,20.9,0.0,57.0,4.1,observed,False,0.0,0,none
2025-01-24 18:00:00,20.3,0.0,56.0,8.8,observed,False,0.0,0,none
2025-01-24 19:00:00,18.3,0.0,68.0,5.3,observed,False,0.0,0,none
2025-01-24 20:00:00,16.7,0.0,73.0,9.2,observed,False,0.0,0,none
2025-01-24 21:00:00,15.0,0.0,78.0,9.3,observed,False,0.0,0,none
2025-01-24 22:00:00,13.6,0.0,78.0,10.8,observed,False,0.0,0,none
2025-01-24 23:00:00,11.8,0.0,78.0,11.4,observed,False,0.0,0,none
2025-01-25 00:00:00,12.2,0.0,87.0,9.0,observed,False,0.0,0,none
2025-01-25 01:00:00,11.9,0.0,82.0,10.5,observed,False,0.0,0,none
2025-01-25 02:00:00,10.7,0.0,86.0,14.2,observed,False,0.0,0,none
2025-01-25 03:00:00,9.9,0.0,96.0,8.9,observed,False,0.0,0,none
2025-01-25 04:00:00,9.5,0.0,93.0,12.3,observed,False,0.0,0,none
2025-01-25 05:00:00,11.2,0.0,91.0,13.2,observed,False,0.0,0,none
2025-01-25 06:00:00,12.1,0.0,94.0,8.4,observed,False,0.0,0,none
2025-01-25 07:00:00,14.4,0.0,75.0,12.4,observed,False,0.0,0,none
2025-01-25 08:00:00,14.5,0.0,77.0,4.1,observed,False,0.0,0,none
2025-01-25 09:00:00,17.3,0.0,67.0,7.8,observed,False,0.0,0,none
2025-01-25 10:00:00,18.3,0.0,70.0,9.7,observed,False,0.0,0,none
2025-01-25 11:00:00,20.5,0.0,66.0,5.9,observed,False,0.0,0,none
2025-01-25 12:00:00,21.7,0.0,66.0,9.4,observed,False,0.0,0,none
2025-01-25 13:00:00,23.3,0.0,47.0,15.9,observed,False,0.0,0,none
2025-01-25 14:00:00,24.3,0.0,56.0,9.0,observed,False,0.0,0,none
2025-01-25 15:00:00,24.1,0.0,58.0,7.5,observed,False,0.0,0,none
2025-01-25 16:00:00,23.1,0.0,59.0,15.2,observed,False,0.0,0,none
2025-01-25 17:00:00,22.4,0.0,56.0,11.4,observed,False,0.0,0,none
2025-01-25 18:00:00,21.8,0.0,56.0,14.8,observed,False,0.0,0,none
2025-01-25 19:00:00,19.9,0.0,67.0,8.4,observed,False,0.0,0,none
2025-01-25 20:00:00,19.0,0.0,68.0,9.0,observed,False,0.0,0,none
2025-01-25 21:00:00,17.2,0.0,75.0,11.3,observed,False,0.0,0,none
2025-01-25 22:00:00,15.9,0.0,68.0,7.8,observed,False,0.0,0,none
2025-01-25 23:00:00,14.0,0.0,75.5,12.3,observed,False,0.0,0,none
2025-01-26 00:00:00,11.6,0.0,83.0,6.3,observed,False,0.0,0,none
2025-01-26 01:00:00,10.1,0.0,80.0,10.7,observed,False,0.0,0,none
2025-01-26 02:00:00,8.7,0.0,93.0,6.4,observed,False,0.0,0,none
2025-01-26 03:00:00,9.0,0.0,88.0,11.3,observed,False,0.0,0,none
2025-01-26 04:00:00,9.6,0.0,92.0,18.9,observed,False,0.0,0,none
2025-01-26 05:00:00,9.8,0.0,89.0,8.2,observed,False,0.0,0,none
2025-01-26 06:00:00,11.2,0.0,95.0,10.2,observed,False,0.0,0,none
2025-01-26 07:00:00,13.1,0.0,79.0,9.8,observed,False,0.0,0,none
2025-01-26 08:00:00,14.6,0.0,71.0,9.2,observed,False,0.0,0,none
2025-01-26 09:00:00,16.3,0.0,76.0,6.1,observed,False,0.0,0,none
2025-01-26 10:00:00,17.4,0.0,59.0,13.6,observed,False,0.0,0,none
2025-01-26 11:00:00,18.5,0.0,74.0,8.4,observed,False,0.0,0,none
2025-01-26 12:00:00,20.8,0.0,73.0,12.4,observed,False,0.0,0,none
2025-01-26 13:00:00,22.6,0.0,63.0,10.9,observed,False,0.0,0,none
2025-01-26 14:00:00,22.0,0.0,62.0,14.3,observed,False,0.0,0,none
2025-01-26 15:00:00,22.2,0.0,67.0,6.3,observed,False,0.0,0,none
2025-01-26 16:00:00,22.2,0.0,64.0,10.6,observed,False,0.0,0,none
2025-01-26 17:00:00,21.3,0.0,69.0,7.2,observed,False,0.0,0,none
2025-01-26 18:00:00,20.1,0.0,56.0,8.0,observed,False,0.0,0,none
2025-01-26 19:00:00,18.2,0.0,63.0,12.7,observed,False,0.0,0,none
2025-01-26 20:00:00,17.6,0.0,65.0,9.8,observed,False,0.0,0,none
2025-01-26 21:00:00,16.6,0.0,68.0,10.4,observed,False,0.0,0,none
2025-01-26 22:00:00,14.3,0.0,77.0,15.1,observed,False,0.0,0,none
2025-01-26 23:00:00,12.1,0.0,81.0,14.9,observed,False,0.0,0,none
2025-01-27 00:00:00,11.5,0.0,88.0,8.9,observed,False,0.0,0,none
2025-01-27 01:00:00,10.7,0.0,88.0,8.4,observed,False,0.0,0,none
2025-01-27 02:00:00,9.6,0.0,97.0,18.4,observed,False,0.0,0,none
2025-01-27 03:00:00,9.5,0.0,95.0,10.1,observed,False,0.0,0,none
2025-01-27 04:00:00,9.5,0.0,91.0,12.2,observed,False,0.0,0,none
2025-01-27 05:00:00,10.7,0.0,85.0,10.7,observed,False,0.0,0,none
2025-01-27 06:00:00,11.9,0.0,84.5,10.2,observed,False,0.0,0,none
2025-01-27 07:00:00,14.3,0.0,84.0,12.7,observed,False,0.0,0,none
2025-01-27 08:00:00,14.4,0.0,79.0,13.9,observed,False,0.0,0,none
2025-01-27 09:00:00,16.3,0.0,81.0,6.8,observed,False,0.0,0,none
2025-01-27 10:00:00,18.0,0.0,71.0,6.4,observed,False,0.0,0,none
2025-01-27 11:00:00,20.1,0.0,65.0,10.5,observed,False,0.0,0,none
2025-01-27 12:00:00,20.9,0.0,73.0,5.4,observed,False,0.0,0,none
2025-01-27 13:00:00,21.8,0.0,60.0,17.6,observed,False,0.0,0,none
2025-01-27 14:00:00,23.2,0.0,65.0,22.0,observed,False,0.0,0,none
2025-01-27 15:00:00,23.6,0.0,63.0,14.2,observed,True,0.0,0,none
2025-01-27 16:00:00,23.6,0.0,47.0,7.0,observed,False,0.0,0,none
2025-01-27 17:00:00,22.3,0.0,53.0,7.7,observed,False,0.0,0,none
2025-01-27 18:00:00,21.6,0.0,57.0,6.9,observed,False,0.0,0,none
2025-01-27 19:00:00,19.5,0.0,72.0,19.0,observed,False,0.0,0,none
2025-01-27 20:00:00,17.7,0.0,68.0,11.2,observed,False,0.0,0,none
2025-01-27 21:00:00,16.8,0.0,71.0,7.6,observed,False,0.0,0,none
2025-01-27 22:00:00,15.2,0.0,73.0,6.3,observed,False,0.0,0,none
2025-01-27 23:00:00,13.1,0.0,76.0,12.7,observed,False,0.0,0,none
2025-01-28 00:00:00,12.6,0.0,84.0,7.8,observed,False,0.0,0,none
2025-01-28 01:00:00,12.0,0.0,88.0,12.1,observed,False,0.0,0,none
2025-01-28 02:00:00,10.5,0.0,87.0,7.9,observed,False,0.0,0,none
2025-01-28 03:00:00,10.4,0.0,87.0,10.4,observed,False,0.0,0,none
2025-01-28 04:00:00,10.1,0.0,86.0,4.5,observed,False,0.0,0,none
2025-01-28 05:00:00,10.8,0.0,96.0,10.4,observed,False,0.0,0,none
2025-01-28 06:00:00,12.2,0.0,83.0,10.4,observed,False,0.0,0,none
2025-01-28 07:00:00,13.2,0.0,75.0,15.4,observed,False,0.0,0,none
2025-01-28 08:00:00,15.5,0.0,78.0,22.7,observed,False,0.0,0,none
2025-01-28 09:00:00,17.2,0.0,74.0,16.9,observed,False,0.0,0,none
2025-01-28 10:00:00,19.0,0.0,70.0,12.7,observed,False,0.0,0,none
2025-01-28 11:00:00,20.9,0.0,70.0,16.7,observed,False,0.0,0,none
2025-01-28 12:00:00,21.7,0.0,60.0,8.6,observed,False,0.0,0,none
2025-01-28 13:00:00,23.0,0.0,50.0,5.7,observed,False,0.0,0,none
2025-01-28 14:00:00,23.1,0.0,60.0,11.8,observed,False,0.0,0,none
2025-01-28 15:00:00,24.5,0.0,52.0,4.8,observed,False,0.0,0,none
2025-01-28 16:00:00,23.9,0.0,58.0,3.9,observed,False,0.0,0,none
2025-01-28 17:00:00,23.0,0.0,56.0,10.0,observed,False,0.0,0,none
2025-01-28 18:00:00,21.8,0.0,61.0,14.2,observed,False,0.0,0,none
2025-01-28 19:00:00,20.0,0.0,64.0,22.8,observed,False,0.0,0,none
2025-01-28 20:00:00,19.1,0.0,62.0,16.7,observed,False,0.0,0,none
2025-01-28 21:00:00,17.4,0.0,71.0,8.6,observed,False,0.0,0,none
2025-01-28 22:00:00,15.2,0.0,64.0,14.0,observed,False,0.0,0,none
2025-01-28 23:00:00,13.7,0.0,77.0,12.6,observed,False,0.0,0,none
2025-01-29 00:00:00,12.4,0.0,85.0,8.1,observed,False,0.0,0,none
2025-01-29 01:00:00,11.6,0.0,76.0,7.6,observed,False,0.0,0,none
2025-01-29 02:00:00,10.9,0.0,89.0,7.8,observed,False,0.0,0,none
2025-01-29 03:00:00,10.2,0.0,83.0,14.8,observed,False,0.0,0,none
2025-01-29 04:00:00,10.5,0.0,88.0,13.1,observed,False,0.0,0,none
2025-01-29 05:00:00,11.8,0.0,86.0,9.8,observed,True,0.0,0,none
2025-01-29 06:00:00,13.0,0.0,78.0,17.4,observed,False,0.0,0,none
2025-01-29 07:00:00,14.7,0.0,81.0,11.7,observed,False,0.0,0,none
2025-01-29 08:00:00,15.5,0.0,74.0,4.5,observed,False,0.0,0,none
2025-01-29 09:00:00,17.2,0.0,67.0,9.9,observed,False,0.0,0,none
2025-01-29 10:00:00,19.1,0.0,76.0,8.3,observed,False,0.0,0,none
2025-01-29 11:00:00,20.7,0.0,54.0,6.0,observed,False,0.0,0,none
2025-01-29 12:00:00,22.6,0.0,54.0,7.1,observed,False,0.0,0,none
2025-01-29 13:00:00,23.7,0.0,52.0,12.7,observed,False,0.0,0,none
2025-01-29 14:00:00,24.0,0.0,52.0,5.0,observed,False,0.0,0,none
2025-01-29 15:00:00,25.1,0.0,56.0,6.1,observed,False,0.0,0,none
2025-01-29 16:00:00,23.7,0.0,59.0,10.0,observed,False,0.0,0,none
2025-01-29 17:00:00,23.1,0.0,54.0,16.2,observed,False,0.0,0,none
2025-01-29 18:00:00,21.1,0.0,66.0,13.2,observed,False,0.0,0,none
2025-01-29 19:00:00,20.1,0.0,67.0,5.4,observed,False,0.0,0,none
2025-01-29 20:00:00,18.9,0.0,69.0,18.2,observed,False,0.0,0,none
2025-01-29 21:00:00,16.7,0.0,70.0,11.2,observed,False,0.0,0,none
2025-01-29 22:00:00,15.6,0.0,73.0,10.1,observed,False,0.0,0,none
2025-01-29 23:00:00,14.5,0.0,72.0,12.8,observed,False,0.0,0,none
2025-01-30 00:00:00,11.7,0.0,89.0,16.6,observed,False,0.0,0,none
2025-01-30 01:00:00,11.6,0.0,88.0,6.7,observed,False,0.0,0,none
2025-01-30 02:00:00,9.8,0.0,91.0,9.0,observed,False,0.0,0,none
2025-01-30 03:00:00,10.0,0.0,81.0,12.3,observed,False,0.0,0,none
2025-01-30 04:00:00,9.9,0.0,83.0,22.3,observed,False,0.0,0,none
2025-01-30 05:00:00,10.8,0.0,85.0,4.0,observed,False,0.0,0,none
2025-01-30 06:00:00,11.7,0.0,93.0,9.8,observed,False,0.0,0,none
2025-01-30 07:00:00,13.5,0.0,71.0,15.6,observed,False,0.0,0,none
2025-01-30 08:00:00,15.4,0.0,83.0,21.9,observed,False,0.0,0,none
2025-01-30 09:00:00,17.3,0.0,81.0,10.4,observed,False,0.0,0,none
2025-01-30 10:00:00,18.8,0.0,73.0,5.8,observed,False,0.0,0,none
2025-01-30 11:00:00,20.25,0.0,65.5,8.55,observed,True,0.0,0,none
2025-01-30 12:00:00,21.7,0.0,58.0,11.3,observed,False,0.0,0,none
2025-01-30 13:00:00,22.7,0.0,62.0,6.9,observed,False,0.0,0,none
2025-01-30 14:00:00,22.8,0.0,60.0,21.8,observed,False,0.0,0,none
2025-01-30 15:00:00,23.8,0.0,51.0,13.9,observed,False,0.0,0,none
2025-01-30 16:00:00,23.5,0.0,58.0,11.5,observed,False,0.0,0,none
2025-01-30 17:00:00,23.2,0.0,62.0,11.2,observed,True,0.0,0,none
2025-01-30 18:00:00,20.8,0.0,58.0,21.2,observed,False,0.0,0,none
2025-01-30 19:00:00,20.1,0.0,72.0,4.6,observed,False,0.0,0,none
2025-01-30 20:00:00,18.8,0.0,76.0,7.6,observed,False,0.0,0,none
2025-01-30 21:00:00,16.8,0.0,80.0,13.8,observed,False,0.0,0,none
2025-01-30 22:00:00,14.7,0.0,75.0,6.9,observed,False,0.0,0,none
2025-01-30 23:00:00,13.8,0.0,83.0,10.5,observed,False,0.0,0,none
2025-01-31 00:00:00,11.2,0.0,83.0,7.8,observed,False,0.0,0,none
2025-01-31 01:00:00,10.2,0.0,96.0,5.7,observed,False,0.0,0,none
2025-01-31 02:00:00,9.6,0.0,84.0,4.6,observed,False,0.0,0,none
2025-01-31 03:00:00,10.4,0.0,92.0,5.7,observed,False,0.0,0,none
2025-01-31 04:00:00,9.5,0.0,83.0,14.5,observed,True,0.0,0,none
2025-01-31 05:00:00,10.1,0.0,94.0,11.6,observed,False,0.0,0,none
2025-01-31 06:00:00,10.2,0.0,89.0,20.3,observed,False,0.0,0,none
2025-01-31 07:00:00,13.1,0.0,90.0,7.3,observed,False,0.0,0,none
2025-01-31 08:00:00,14.2,0.0,78.0,17.2,observed,False,0.0,0,none
2025-01-31 09:00:00,16.1,0.0,75.0,7.6,observed,False,0.0,0,none
2025-01-31 10:00:00,18.6,0.0,78.0,12.2,observed,False,0.0,0,none
2025-01-31 11:00:00,19.2,0.0,60.0,18.4,observed,False,0.0,0,none
2025-01-31 12:00:00,21.6,0.0,58.0,12.3,observed,False,0.0,0,none
2025-01-31 13:00:00,22.2,0.0,66.0,8.6,observed,False,0.0,0,none
2025-01-31 14:00:00,23.1,0.0,60.0,11.8,observed,False,0.0,0,none
2025-01-31 15:00:00,23.1,0.0,57.0,14.3,observed,False,0.0,0,none
2025-01-31 16:00:00,22.4,0.0,59.0,9.7,observed,False,0.0,0,none
2025-01-31 17:00:00,22.0,0.0,55.0,4.0,observed,False,0.0,0,none
2025-01-31 18:00:00,20.9,0.0,74.0,16.9,observed,False,0.0,0,none
2025-01-31 19:00:00,19.8,0.0,63.0,11.3,observed,False,0.0,0,none
2025-01-31 20:00:00,18.1,0.0,77.0,21.4,observed,False,0.0,0,none
2025-01-31 21:00:00,16.5,0.0,71.0,13.1,observed,False,0.0,0,none
2025-01-31 22:00:00,15.3,0.0,92.0,9.5,observed,False,0.0,0,none
2025-01-31 23:00:00,12.5,0.0,79.0,6.7,observed,False,0.0,0,none
2025-02-01 00:00:00,13.3,0.0,78.0,5.8,observed,False,0.0,0,none
2025-02-01 01:00:00,12.2,0.0,85.0,19.9,observed,False,0.0,0,none
2025-02-01 02:00:00,11.5,0.0,91.0,5.8,observed,False,0.0,0,none
2025-02-01 03:00:00,11.5,0.0,84.0,3.2,observed,False,0.0,0,none
2025-02-01 04:00:00,11.8,0.0,80.0,5.1,observed,False,0.0,0,none
2025-02-01 05:00:00,11.4,0.0,89.0,9.1,observed,False,0.0,0,none
2025-02-01 06:00:00,13.4,0.0,84.0,6.4,observed,False,0.0,0,none
2025-02-01 07:00:00,14.850000000000001,0.0,78.0,9.45,observed,True,0.0,0,none
2025-02-01 08:00:00,16.3,0.0,72.0,12.5,observed,False,0.0,0,none
2025-02-01 09:00:00,18.5,0.0,75.0,13.6,observed,False,0.0,0,none
2025-02-01 10:00:00,19.3,0.0,57.0,7.1,observed,False,0.0,0,none
2025-02-01 11:00:00,21.3,0.0,65.0,12.1,observed,False,0.0,0,none
2025-02-01 12:00:00,22.9,0.0,60.0,8.7,observed,False,0.0,0,none
2025-02-01 13:00:00,24.2,0.0,59.0,12.9,observed,False,0.0,0,none
2025-02-01 14:00:00,25.8,0.0,50.0,6.4,observed,False,0.0,0,none
2025-02-01 15:00:00,24.6,0.0,53.0,14.1,observed,False,0.0,0,none
2025-02-01 16:00:00,24.8,0.0,54.0,11.5,observed,False,0.0,0,none
2025-02-01 17:00:00,24.1,0.0,55.0,4.5,observed,False,0.0,0,none
2025-02-01 18:00:00,23.1,0.0,63.0,20.8,observed,False,0.0,0,none
2025-02-01 19:00:00,21.4,0.0,66.0,18.2,observed,False,0.0,0,none
2025-02-01 20:00:00,19.6,0.0,64.0,9.8,observed,False,0.0,0,none
2025-02-01 21:00:00,18.0,0.0,65.0,5.3,observed,False,0.0,0,none
2025-02-01 22:00:00,16.1,0.0,75.0,23.0,observed,False,0.0,0,none
2025-02-01 23:00:00,14.4,0.0,74.0,18.0,observed,False,0.0,0,none
2025-02-02 00:00:00,13.4,0.0,75.0,9.5,observed,False,0.0,0,none
2025-02-02 01:00:00,12.3,0.0,81.0,12.6,observed,False,0.0,0,none
2025-02-02 02:00:00,11.6,0.0,83.0,9.7,observed,False,0.0,0,none
2025-02-02 03:00:00,11.9,0.0,78.0,11.4,observed,False,0.0,0,none
2025-02-02 04:00:00,10.0,0.0,94.0,8.3,observed,False,0.0,0,none
2025-02-02 05:00:00,11.5,0.0,85.0,7.8,observed,False,0.0,0,none
2025-02-02 06:00:00,13.1,0.0,88.0,10.7,observed,False,0.0,0,none
2025-02-02 07:00:00,14.2,0.0,80.0,15.1,observed,False,0.0,0,none
2025-02-02 08:00:00,16.2,0.0,70.0,11.7,observed,False,0.0,0,none
2025-02-02 09:00:00,18.0,0.0,72.0,7.3,observed,False,0.0,0,none
2025-02-02 10:00:00,20.6,0.0,62.0,5.2,observed,False,0.0,0,none
2025-02-02 11:00:00,20.6,0.0,62.0,7.4,observed,False,0.0,0,none
2025-02-02 12:00:00,22.5,0.0,58.0,4.7,observed,False,0.0,0,none
2025-02-02 13:00:00,23.7,0.0,57.0,3.3,observed,False,0.0,0,none
2025-02-02 14:00:00,24.2,0.0,59.0,8.3,observed,False,0.0,0,none
2025-02-02 15:00:00,25.0,0.0,53.0,11.5,observed,False,0.0,0,none
2025-02-02 16:00:00,24.9,0.0,46.0,10.5,observed,False,0.0,0,none
2025-02-02 17:00:00,24.4,0.0,52.0,5.7,observed,False,0.0,0,none
2025-02-02 18:00:00,22.7,0.0,61.0,10.8,observed,False,0.0,0,none
2025-02-02 19:00:00,21.3,0.0,59.0,10.3,observed,False,0.0,0,none
2025-02-02 20:00:00,19.9,0.0,69.0,8.2,observed,False,0.0,0,none
2025-02-02 21:00:00,18.0,0.0,69.0,5.4,observed,False,0.0,0,none
2025-02-02 22:00:00,16.1,0.0,76.0,10.7,observed,False,0.0,0,none
2025-02-02 23:00:00,14.8,0.0,82.0,17.8,observed,False,0.0,0,none
2025-02-03 00:00:00,13.0,0.0,85.0,11.2,observed,False,0.0,0,none
2025-02-03 01:00:00,11.5,0.0,86.0,13.9,observed,False,0.0,0,none
2025-02-03 02:00:00,11.0,0.0,85.0,7.6,observed,False,0.0,0,none
2025-02-03 03:00:00,9.5,0.0,96.0,16.5,observed,False,0.0,0,none
2025-02-03 04:00:00,10.9,0.0,85.0,8.7,observed,False,0.0,0,none
2025-02-03 05:00:00,12.2,0.0,87.0,6.3,observed,False,0.0,0,none
2025-02-03 06:00:00,13.7,0.0,84.0,10.2,observed,False,0.0,0,none
2025-02-03 07:00:00,14.5,0.0,80.0,11.7,observed,False,0.0,0,none
2025-02-03 08:00:00,15.7,0.0,76.0,11.8,observed,False,0.0,0,none
2025-02-03 09:00:00,18.1,0.0,69.0,10.1,observed,False,0.0,0,none
2025-02-03 10:00:00,19.2,0.0,61.0,18.1,observed,False,0.0,0,none
2025-02-03 11:00:00,20.9,0.0,54.0,19.2,observed,False,0.0,0,none
2025-02-03 12:00:00,22.55,0.0,55.0,14.4,observed,True,0.0,0,none
2025-02-03 13:00:00,24.2,0.0,56.0,9.6,observed,False,0.0,0,none
2025-02-03 14:00:00,25.1,0.0,52.0,7.3,observed,False,0.0,0,none
2025-02-03 15:00:00,25.7,0.0,60.0,9.5,observed,False,0.0,0,none
2025-02-03 16:00:00,24.9,0.0,66.0,8.9,observed,False,0.0,0,none
2025-02-03 17:00:00,23.6,0.0,50.0,9.8,observed,True,0.0,0,none
2025-02-03 18:00:00,22.3,0.0,54.0,10.2,observed,False,0.0,0,none
2025-02-03 19:00:00,21.7,0.0,68.0,11.9,observed,False,0.0,0,none
2025-02-03 20:00:00,19.5,0.0,64.0,12.0,observed,False,0.0,0,none
2025-02-03 21:00:00,17.4,0.0,63.0,10.2,observed,False,0.0,0,none
2025-02-03 22:00:00,15.7,0.0,79.0,9.9,observed,False,0.0,0,none
2025-02-03 23:00:00,15.0,0.0,79.0,8.9,observed,False,0.0,0,none
2025-02-04 00:00:00,15.1,0.0,75.0,10.0,observed,False,0.0,0,none
2025-02-04 01:00:00,12.7,0.0,82.0,7.4,observed,False,0.0,0,none
2025-02-04 02:00:00,12.0,0.0,82.0,18.7,observed,False,0.0,0,none
2025-02-04 03:00:00,11.5,0.0,81.0,14.2,observed,False,0.0,0,none
2025-02-04 04:00:00,11.0,0.0,88.0,18.9,observed,False,0.0,0,none
2025-02-04 05:00:00,13.3,0.0,81.0,13.4,observed,False,0.0,0,none
2025-02-04 06:00:00,12.8,0.0,74.0,11.8,observed,False,0.0,0,none
2025-02-04 07:00:00,15.1,0.0,81.0,11.9,observed,False,0.0,0,none
2025-02-04 08:00:00,17.3,0.0,68.0,15.1,observed,False,0.0,0,none
2025-02-04 09:00:00,18.8,0.0,74.0,5.6,observed,False,0.0,0,none
2025-02-04 10:00:00,21.0,0.0,59.0,11.3,observed,False,0.0,0,none
2025-02-04 11:00:00,21.8,0.0,60.0,20.5,observed,False,0.0,0,none
2025-02-04 12:00:00,23.6,0.0,51.0,7.9,observed,False,0.0,0,none
2025-02-04 13:00:00,23.8,0.0,56.0,12.7,observed,False,0.0,0,none
2025-02-04 14:00:00,25.2,0.0,52.0,12.8,observed,False,0.0,0,none
2025-02-04 15:00:00,24.6,0.0,52.0,16.3,observed,False,0.0,0,none
2025-02-04 16:00:00,24.7,0.0,52.0,6.2,observed,False,0.0,0,none
2025-02-04 17:00:00,25.1,0.0,51.0,7.2,observed,False,0.0,0,none
2025-02-04 18:00:00,22.7,0.0,64.0,14.6,observed,False,0.0,0,none
2025-02-04 19:00:00,22.4,0.0,58.0,13.8,observed,False,0.0,0,none
2025-02-04 20:00:00,20.2,0.0,67.0,10.2,observed,False,0.0,0,none
2025-02-04 21:00:00,18.4,0.0,74.0,8.1,observed,False,0.0,0,none
2025-02-04 22:00:00,16.3,0.0,78.0,13.1,observed,False,0.0,0,none
2025-02-04 23:00:00,14.8,0.0,83.0,8.5,observed,False,0.0,0,none
2025-02-05 00:00:00,13.0,0.0,74.0,10.2,observed,False,0.0,0,none
2025-02-05 01:00:00,12.4,0.0,77.0,7.5,observed,False,0.0,0,none
2025-02-05 02:00:00,11.0,0.0,78.0,13.8,observed,False,0.0,0,none
2025-02-05 03:00:00,10.5,0.0,94.0,5.5,observed,False,0.0,0,none
2025-02-05 04:00:00,11.0,0.0,83.0,12.2,observed,False,0.0,0,none
2025-02-05 05:00:00,11.5,0.0,92.0,6.8,observed,False,0.0,0,none
2025-02-05 06:00:00,12.5,0.0,90.0,19.0,observed,False,0.0,0,none
2025-02-05 07:00:00,15.5,0.0,81.0,7.0,observed,False,0.0,0,none
2025-02-05 08:00:00,16.4,0.0,74.0,13.4,observed,False,0.0,0,none
2025-02-05 09:00:00,18.2,0.0,65.0,11.9,observed,False,0.0,0,none
2025-02-05 10:00:00,19.9,0.0,73.0,12.6,observed,False,0.0,0,none
2025-02-05 11:00:00,20.9,0.0,63.0,8.4,observed,False,0.0,0,none
2025-02-05 12:00:00,22.7,0.0,63.0,14.4,observed,False,0.0,0,none
2025-02-05 13:00:00,24.6,0.0,47.0,11.4,observed,False,0.0,0,none
2025-02-05 14:00:00,24.5,0.0,62.0,14.4,observed,False,0.0,0,none
2025-02-05 15:00:00,24.3,0.0,51.0,6.3,observed,False,0.0,0,none
2025-02-05 16:00:00,24.4,0.0,59.0,8.4,observed,False,0.0,0,none
2025-02-05 17:00:00,24.5,0.0,56.0,14.1,observed,False,0.0,0,none
2025-02-05 18:00:00,23.4,0.0,61.0,11.6,observed,False,0.0,0,none
2025-02-05 19:00:00,21.9,0.0,51.0,13.6,observed,False,0.0,0,none
2025-02-05 20:00:00,19.9,0.0,65.0,16.05,observed,True,0.0,0,none
2025-02-05 21:00:00,17.9,0.0,79.0,18.5,observed,False,0.0,0,none
2025-02-05 22:00:00,16.4,0.0,74.0,12.6,observed,False,0.0,0,none
2025-02-05 23:00:00,14.8,0.0,75.0,8.3,observed,False,0.0,0,none
2025-02-06 00:00:00,13.4,0.0,79.0,12.6,observed,False,0.0,0,none
2025-02-06 01:00:00,12.9,0.0,72.0,11.3,observed,False,0.0,0,none
2025-02-06 02:00:00,12.1,0.0,79.0,18.9,observed,False,0.0,0,none
2025-02-06 03:00:00,11.8,0.0,84.0,17.8,observed,False,0.0,0,none
2025-02-06 04:00:00,11.6,0.0,87.0,10.1,observed,False,0.0,0,none
2025-02-06 05:00:00,12.6,0.0,79.0,12.0,observed,False,0.0,0,none
2025-02-06 06:00:00,12.6,0.0,79.0,8.8,observed,False,0.0,0,none
2025-02-06 07:00:00,16.5,0.0,73.0,12.8,observed,False,0.0,0,none
2025-02-06 08:00:00,16.8,0.0,74.0,10.4,observed,False,0.0,0,none
2025-02-06 09:00:00,17.5,0.0,58.0,23.1,observed,False,0.0,0,none
2025-02-06 10:00:00,19.6,0.0,71.0,9.4,observed,False,0.0,0,none
2025-02-06 11:00:00,21.1,0.0,58.0,9.3,observed,False,0.0,0,none
2025-02-06 12:00:00,23.0,0.0,59.0,11.9,observed,False,0.0,0,none
2025-02-06 13:00:00,23.9,0.0,48.0,4.9,observed,False,0.0,0,none
2025-02-06 14:00:00,25.5,0.0,49.0,5.2,observed,False,0.0,0,none
2025-02-06 15:00:00,25.4,0.0,59.0,9.7,observed,False,0.0,0,none
2025-02-06 16:00:00,25.0,0.0,60.0,13.3,observed,False,0.0,0,none
2025-02-06 17:00:00,25.0,0.0,60.0,12.5,observed,False,0.0,0,none
2025-02-06 18:00:00,23.8,0.0,64.0,11.0,observed,False,0.0,0,none
2025-02-06 19:00:00,22.1,0.0,57.0,6.3,observed,False,0.0,0,none
2025-02-06 20:00:00,19.45,0.0,69.0,9.7,observed,False,0.0,0,none
2025-02-06 21:00:00,17.9,0.0,69.0,5.7,observed,False,0.0,0,none
2025-02-06 22:00:00,16.25,0.0,75.0,5.6,observed,True,0.0,0,none
2025-02-06 23:00:00,14.6,0.0,72.0,7.7,observed,False,0.0,0,none
2025-02-07 00:00:00,13.3,0.0,76.0,12.4,observed,False,0.0,0,none
2025-02-07 01:00:00,11.1,0.0,81.0,10.7,observed,False,0.0,0,none
2025-02-07 02:00:00,12.3,0.0,84.0,11.6,observed,False,0.0,0,none
2025-02-07 03:00:00,11.4,0.0,93.0,11.3,observed,False,0.0,0,none
2025-02-07 04:00:00,12.0,0.0,88.0,12.4,observed,False,0.0,0,none
2025-02-07 05:00:00,12.5,0.0,83.0,10.6,observed,False,0.0,0,none
2025-02-07 06:00:00,13.0,0.0,86.0,4.7,observed,False,0.0,0,none
2025-02-07 07:00:00,15.4,0.0,77.0,8.5,observed,False,0.0,0,none
2025-02-07 08:00:00,17.3,0.0,69.5,9.65,observed,True,0.0,0,none
2025-02-07 09:00:00,19.2,0.0,62.0,10.8,observed,False,0.0,0,none
2025-02-07 10:00:00,19.7,0.0,59.0,14.0,observed,False,0.0,0,none
2025-02-07 11:00:00,21.3,0.0,64.0,13.6,observed,False,0.0,0,none
2025-02-07 12:00:00,23.3,0.0,47.0,15.2,observed,False,0.0,0,none
2025-02-07 13:00:00,24.2,0.0,54.0,20.6,observed,False,0.0,0,none
2025-02-07 14:00:00,25.7,0.0,56.0,9.6,observed,False,0.0,0,none
2025-02-07 15:00:00,25.3,0.0,57.0,19.8,observed,False,0.0,0,none
2025-02-07 16:00:00,25.4,0.0,55.0,12.2,observed,False,0.0,0,none
2025-02-07 17:00:00,24.2,0.0,57.0,16.3,observed,False,0.0,0,none
2025-02-07 18:00:00,23.15,0.0,61.5,14.450000000000001,observed,True,0.0,0,none
2025-02-07 19:00:00,22.1,0.0,66.0,12.6,observed,False,0.0,0,none
2025-02-07 20:00:00,20.5,0.0,70.0,8.1,observed,False,0.0,0,none
2025-02-07 21:00:00,19.0,0.0,70.0,7.1,observed,False,0.0,0,none
2025-02-07 22:00:00,17.1,0.0,64.0,15.9,observed,False,0.0,0,none
2025-02-07 23:00:00,14.5,0.0,77.0,15.3,observed,False,0.0,0,none
2025-02-08 00:00:00,12.7,0.0,85.0,13.8,observed,False,0.0,0,none
2025-02-08 01:00:00,11.5,0.0,90.0,16.2,observed,False,0.0,0,none
2025-02-08 02:00:00,10.3,0.0,90.0,5.8,observed,False,0.0,0,none
2025-02-08 03:00:00,10.6,0.0,85.0,6.4,observed,False,0.0,0,none
2025-02-08 04:00:00,10.7,0.0,84.0,5.4,observed,False,0.0,0,none
2025-02-08 05:00:00,11.8,0.0,84.0,12.6,observed,False,0.0,0,none
2025-02-08 06:00:00,12.4,0.0,82.0,8.8,observed,False,0.0,0,none
2025-02-08 07:00:00,12.9,0.0,89.0,14.1,observed,False,0.0,0,none
2025-02-08 08:00:00,14.5,0.0,76.0,22.6,observed,False,0.0,0,none
2025-02-08 09:00:00,16.8,0.0,74.0,16.0,observed,False,0.0,0,none
2025-02-08 10:00:00,18.4,0.0,75.0,11.5,observed,False,0.0,0,none
2025-02-08 11:00:00,20.5,0.0,52.0,15.5,observed,False,0.0,0,none
2025-02-08 12:00:00,21.8,0.0,58.0,12.4,observed,False,0.0,0,none
2025-02-08 13:00:00,22.9,0.0,53.5,12.8,observed,False,0.0,0,none
2025-02-08 14:00:00,24.2,0.0,49.0,7.0,observed,False,0.0,0,none
2025-02-08 15:00:00,24.2,0.0,60.0,13.7,observed,False,0.0,0,none
2025-02-08 16:00:00,23.0,0.0,61.0,23.9,observed,False,0.0,0,none
2025-02-08 17:00:00,23.8,0.0,49.0,10.9,observed,False,0.0,0,none
2025-02-08 18:00:00,22.8,0.0,53.0,9.1,observed,False,0.0,0,none
2025-02-08 19:00:00,19.8,0.0,60.0,8.4,observed,False,0.0,0,none
2025-02-08 20:00:00,19.2,0.0,65.0,13.3,observed,False,0.0,0,none
2025-02-08 21:00:00,17.6,0.0,65.0,13.4,observed,False,0.0,0,none
2025-02-08 22:00:00,16.0,0.0,67.0,9.3,observed,False,0.0,0,none
2025-02-08 23:00:00,12.9,0.0,80.0,9.6,observed,False,0.0,0,none
2025-02-09 00:00:00,11.6,0.0,77.0,17.9,observed,False,0.0,0,none
2025-02-09 01:00:00,10.4,0.0,84.0,27.4,observed,False,0.0,0,none
2025-02-09 02:00:00,9.8,0.0,92.0,17.4,observed,False,0.0,0,none
2025-02-09 03:00:00,9.2,0.0,95.0,7.9,observed,False,0.0,0,none
2025-02-09 04:00:00,8.8,0.0,98.0,9.3,observed,False,0.0,0,none
2025-02-09 05:00:00,10.2,0.0,87.0,5.9,observed,False,0.0,0,none
2025-02-09 06:00:00,10.9,0.0,87.0,24.5,observed,False,0.0,0,none
2025-02-09 07:00:00,12.9,0.0,85.0,13.9,observed,False,0.0,0,none
2025-02-09 08:00:00,14.6,0.0,87.0,9.1,observed,False,0.0,0,none
2025-02-09 09:00:00,16.2,0.0,71.0,6.8,observed,False,0.0,0,none
2025-02-09 10:00:00,17.8,0.0,70.0,14.9,observed,False,0.0,0,none
2025-02-09 11:00:00,20.0,0.0,70.0,15.5,observed,True,0.0,0,none
2025-02-09 12:00:00,18.9,3.2,97.0,4.3,observed,False,3.2,1,moderate
2025-02-09 13:00:00,21.7,0.0,64.0,9.2,observed,False,3.2,0,none
2025-02-09 14:00:00,23.5,0.0,59.0,10.1,observed,False,3.2,0,none
2025-02-09 15:00:00,23.2,0.2,54.0,18.4,observed,False,0.2,1,light
2025-02-09 16:00:00,21.3,1.2,81.0,3.3,observed,False,1.4,1,light
2025-02-09 17:00:00,22.0,0.0,57.0,13.5,observed,False,1.4,0,none
2025-02-09 18:00:00,19.9,2.0,81.0,8.9,observed,False,3.2,1,light
2025-02-09 19:00:00,19.6,0.0,66.0,12.2,observed,False,2.0,0,none
2025-02-09 20:00:00,17.8,0.0,65.0,7.6,observed,False,2.0,0,none
2025-02-09 21:00:00,16.7,0.0,70.0,9.5,observed,False,0.0,0,none
2025-02-09 22:00:00,14.2,0.0,81.0,8.2,observed,False,0.0,0,none
2025-02-09 23:00:00,13.1,0.0,90.0,7.2,observed,False,0.0,0,none
2025-02-10 00:00:00,13.0,0.0,84.0,17.1,observed,False,0.0,0,none
2025-02-10 01:00:00,10.8,0.0,86.0,10.3,observed,False,0.0,0,none
2025-02-10 02:00:00,12.0,0.0,85.0,8.9,observed,False,0.0,0,none
2025-02-10 03:00:00,10.9,0.0,83.0,6.8,observed,False,0.0,0,none
2025-02-10 04:00:00,10.4,0.0,91.0,7.4,observed,False,0.0,0,none
2025-02-10 05:00:00,10.7,0.0,92.0,7.9,observed,False,0.0,0,none
2025-02-10 06:00:00,12.4,0.0,72.0,6.9,observed,False,0.0,0,none
2025-02-10 07:00:00,13.6,0.0,78.0,8.3,observed,False,0.0,0,none
2025-02-10 08:00:00,15.7,0.0,75.0,13.8,observed,False,0.0,0,none
2025-02-10 09:00:00,17.3,0.0,75.0,13.9,observed,False,0.0,0,none
2025-02-10 10:00:00,19.6,0.0,61.0,21.9,observed,False,0.0,0,none
2025-02-10 11:00:00,21.4,0.0,62.0,11.2,observed,False,0.0,0,none
2025-02-10 12:00:00,21.7,0.0,66.0,8.0,observed,False,0.0,0,none
2025-02-10 13:00:00,23.2,0.0,63.5,7.6,observed,False,0.0,0,none
2025-02-10 14:00:00,23.6,0.0,61.0,8.4,observed,False,0.0,0,none
2025-02-10 15:00:00,24.5,0.0,63.0,14.3,observed,False,0.0,0,none
2025-02-10 16:00:00,23.9,0.0,43.0,7.2,observed,False,0.0,0,none
2025-02-10 17:00:00,23.0,0.0,60.0,10.9,observed,False,0.0,0,none
2025-02-10 18:00:00,21.8,0.0,51.0,6.1,observed,False,0.0,0,none
2025-02-10 19:00:00,20.200000000000003,0.0,58.0,15.4,observed,True,0.0,0,none
2025-02-10 20:00:00,18.6,0.0,74.0,13.4,observed,False,0.0,0,none
2025-02-10 21:00:00,17.5,0.0,67.0,12.5,observed,False,0.0,0,none
2025-02-10 22:00:00,15.6,0.0,79.0,18.5,observed,False,0.0,0,none
2025-02-10 23:00:00,13.0,0.0,84.0,7.9,observed,False,0.0,0,none
2025-02-11 00:00:00,12.8,0.0,83.0,9.3,observed,False,0.0,0,none
2025-02-11 01:00:00,12.5,0.0,88.0,14.9,observed,False,0.0,0,none
2025-02-11 02:00:00,10.9,0.0,83.0,15.0,observed,False,0.0,0,none
2025-02-11 03:00:00,11.5,0.0,89.0,10.8,observed,False,0.0,0,none
2025-02-11 04:00:00,10.9,0.0,80.0,12.1,observed,False,0.0,0,none
2025-02-11 05:00:00,12.2,0.0,77.0,7.7,observed,False,0.0,0,none
2025-02-11 06:00:00,12.8,0.0,80.0,10.4,observed,False,0.0,0,none
2025-02-11 07:00:00,14.5,0.0,82.0,5.5,observed,False,0.0,0,none
2025-02-11 08:00:00,16.0,0.0,70.0,11.6,observed,False,0.0,0,none
2025-02-11 09:00:00,17.5,0.0,69.0,10.9,observed,False,0.0,0,none
2025-02-11 10:00:00,19.4,0.0,63.0,22.7,observed,False,0.0,0,none
2025-02-11 11:00:00,21.0,0.0,61.0,7.9,observed,False,0.0,0,none
2025-02-11 12:00:00,22.8,0.0,56.0,10.3,observed,False,0.0,0,none
2025-02-11 13:00:00,22.7,0.0,64.0,9.4,observed,False,0.0,0,none
2025-02-11 14:00:00,23.5,0.0,58.0,8.75,observed,True,0.0,0,none
2025-02-11 15:00:00,24.3,0.0,52.0,8.1,observed,False,0.0,0,none
2025-02-11 16:00:00,24.1,0.0,54.0,9.25,observed,True,0.0,0,none
2025-02-11 17:00:00,23.9,0.0,56.0,10.4,observed,False,0.0,0,none
2025-02-11 18:00:00,23.1,0.0,61.0,7.4,observed,False,0.0,0,none
2025-02-11 19:00:00,20.4,0.0,63.0,5.6,observed,False,0.0,0,none
2025-02-11 20:00:00,20.3,0.0,64.0,13.4,observed,False,0.0,0,none
2025-02-11 21:00:00,17.1,0.0,67.0,10.8,observed,False,0.0,0,none
2025-02-11 22:00:00,15.9,0.0,83.0,5.3,observed,False,0.0,0,none
2025-02-11 23:00:00,14.7,0.0,73.0,10.2,observed,False,0.0,0,none
2025-02-12 00:00:00,14.850000000000001,0.0,69.0,9.0,observed,False,0.0,0,none
2025-02-12 01:00:00,12.6,0.0,75.0,5.8,observed,False,0.0,0,none
2025-02-12 02:00:00,12.0,0.0,81.0,9.4,observed,False,0.0,0,none
2025-02-12 03:00:00,12.0,0.0,72.0,10.0,observed,False,0.0,0,none
2025-02-12 04:00:00,12.200000000000001,0.0,79.5,11.9,observed,True,0.0,0,none
2025-02-12 05:00:00,12.4,0.0,87.0,13.8,observed,False,0.0,0,none
2025-02-12 06:00:00,14.4,0.0,83.0,10.6,observed,False,0.0,0,none
2025-02-12 07:00:00,14.4,0.0,84.0,17.8,observed,False,0.0,0,none
2025-02-12 08:00:00,17.1,0.0,67.0,14.1,observed,False,0.0,0,none
2025-02-12 09:00:00,18.8,0.0,65.0,9.0,observed,False,0.0,0,none
2025-02-12 10:00:00,20.5,0.0,61.0,8.1,observed,False,0.0,0,none
2025-02-12 11:00:00,22.05,0.0,60.5,10.05,observed,True,0.0,0,none
2025-02-12 12:00:00,23.6,0.0,60.0,12.0,observed,False,0.0,0,none
2025-02-12 13:00:00,24.5,0.0,49.0,5.7,observed,False,0.0,0,none
2025-02-12 14:00:00,25.8,0.0,54.0,18.3,observed,True,0.0,0,none
2025-02-12 15:00:00,26.2,0.0,47.0,17.9,observed,False,0.0,0,none
2025-02-12 16:00:00,25.3,0.0,53.0,10.6,observed,False,0.0,0,none
2025-02-12 17:00:00,24.6,0.0,59.0,9.3,observed,False,0.0,0,none
2025-02-12 18:00:00,23.0,0.0,61.0,12.7,observed,False,0.0,0,none
2025-02-12 19:00:00,22.1,0.0,53.0,11.8,observed,False,0.0,0,none
2025-02-12 20:00:00,20.8,0.0,69.0,9.2,observed,False,0.0,0,none
2025-02-12 21:00:00,18.7,0.0,70.0,10.0,observed,False,0.0,0,none
2025-02-12 22:00:00,16.2,0.0,79.0,10.3,observed,False,0.0,0,none
2025-02-12 23:00:00,14.9,0.0,70.0,12.3,observed,False,0.0,0,none
2025-02-13 00:00:00,10.9,0.0,82.0,6.7,observed,False,0.0,0,none
2025-02-13 01:00:00,10.8,0.0,87.0,13.3,observed,False,0.0,0,none
2025-02-13 02:00:00,9.9,0.0,85.0,10.7,observed,False,0.0,0,none
2025-02-13 03:00:00,8.9,0.0,83.0,9.1,observed,False,0.0,0,none
2025-02-13 04:00:00,10.4,0.0,87.0,16.1,observed,False,0.0,0,none
2025-02-13 05:00:00,10.6,0.0,90.0,9.2,observed,False,0.0,0,none
2025-02-13 06:00:00,11.5,0.0,82.0,8.1,observed,False,0.0,0,none
2025-02-13 07:00:00,12.2,0.0,83.0,17.0,observed,False,0.0,0,none
2025-02-13 08:00:00,14.6,0.0,81.0,10.5,observed,False,0.0,0,none
2025-02-13 09:00:00,16.8,0.0,70.0,16.6,observed,False,0.0,0,none
2025-02-13 10:00:00,18.4,0.0,76.0,14.7,observed,False,0.0,0,none
2025-02-13 11:00:00,18.5,0.0,74.0,13.3,observed,False,0.0,0,none
2025-02-13 12:00:00,21.0,0.0,67.0,12.7,observed,False,0.0,0,none
2025-02-13 13:00:00,22.3,0.0,60.0,15.6,observed,False,0.0,0,none
2025-02-13 14:00:00,22.4,0.0,55.0,17.7,observed,False,0.0,0,none
2025-02-13 15:00:00,22.8,0.0,61.0,11.1,observed,False,0.0,0,none
2025-02-13 16:00:00,23.2,0.0,53.0,3.6,observed,False,0.0,0,none
2025-02-13 17:00:00,22.9,0.0,58.0,15.6,observed,False,0.0,0,none
2025-02-13 18:00:00,21.5,0.0,65.0,16.3,observed,False,0.0,0,none
2025-02-13 19:00:00,20.5,0.0,64.0,12.9,observed,False,0.0,0,none
2025-02-13 20:00:00,18.0,0.0,74.0,15.7,observed,False,0.0,0,none
2025-02-13 21:00:00,16.4,0.0,79.0,11.9,observed,False,0.0,0,none
2025-02-13 22:00:00,13.7,0.0,75.0,7.7,observed,False,0.0,0,none
2025-02-13 23:00:00,13.1,0.0,80.0,17.3,observed,False,0.0,0,none
2025-02-14 00:00:00,12.6,0.0,81.0,9.2,observed,False,0.0,0,none
2025-02-14 01:00:00,11.5,0.0,90.0,4.5,observed,False,0.0,0,none
2025-02-14 02:00:00,10.5,0.0,92.0,7.3,observed,False,0.0,0,none
2025-02-14 03:00:00,10.1,0.0,98.0,3.6,observed,False,0.0,0,none
2025-02-14 04:00:00,10.6,0.0,91.0,15.7,observed,False,0.0,0,none
2025-02-14 05:00:00,11.9,0.0,86.0,11.5,observed,False,0.0,0,none
2025-02-14 06:00:00,11.7,0.0,92.0,10.1,observed,False,0.0,0,none
2025-02-14 07:00:00,13.8,0.0,87.0,10.2,observed,False,0.0,0,none
2025-02-14 08:00:00,16.0,0.0,64.0,9.8,observed,False,0.0,0,none
2025-02-14 09:00:00,16.9,0.0,75.0,4.6,observed,False,0.0,0,none
2025-02-14 10:00:00,19.1,0.0,67.0,14.4,observed,False,0.0,0,none
2025-02-14 11:00:00,20.8,0.0,70.0,15.0,observed,False,0.0,0,none
2025-02-14 12:00:00,21.2,0.0,60.0,9.4,observed,False,0.0,0,none
2025-02-14 13:00:00,23.7,0.0,64.0,13.9,observed,False,0.0,0,none
2025-02-14 14:00:00,24.6,0.0,56.0,8.7,observed,False,0.0,0,none
2025-02-14 15:00:00,25.2,0.0,59.0,11.1,observed,False,0.0,0,none
2025-02-14 16:00:00,23.2,0.0,67.0,19.0,observed,False,0.0,0,none
2025-02-14 17:00:00,23.1,0.0,59.0,10.9,observed,False,0.0,0,none
2025-02-14 18:00:00,22.1,0.0,64.0,4.0,observed,False,0.0,0,none
2025-02-14 19:00:00,20.7,0.0,56.0,4.1,observed,False,0.0,0,none
2025-02-14 20:00:00,18.4,0.0,70.0,9.6,observed,False,0.0,0,none
2025-02-14 21:00:00,16.5,0.0,76.0,7.9,observed,False,0.0,0,none
2025-02-14 22:00:00,15.4,0.0,84.0,11.5,observed,False,0.0,0,none
2025-02-14 23:00:00,13.4,0.0,73.0,5.2,observed,False,0.0,0,none
2025-02-15 00:00:00,10.4,0.0,82.0,9.0,observed,False,0.0,0,none
2025-02-15 01:00:00,9.1,0.0,90.0,15.4,observed,False,0.0,0,none
2025-02-15 02:00:00,8.7,0.0,91.0,7.9,observed,False,0.0,0,none
2025-02-15 03:00:00,9.0,0.0,100.0,9.6,observed,False,0.0,0,none
2025-02-15 04:00:00,8.4,0.0,92.0,15.2,observed,False,0.0,0,none
2025-02-15 05:00:00,9.3,0.0,91.0,7.8,observed,False,0.0,0,none
2025-02-15 06:00:00,10.3,0.0,84.0,14.4,observed,False,0.0,0,none
2025-02-15 07:00:00,11.4,0.0,88.0,10.3,observed,False,0.0,0,none
2025-02-15 08:00:00,14.1,0.0,79.0,12.5,observed,False,0.0,0,none
2025-02-15 09:00:00,15.0,0.0,82.0,6.6,observed,False,0.0,0,none
2025-02-15 10:00:00,15.9,0.0,73.0,17.6,observed,False,0.0,0,none
2025-02-15 11:00:00,18.2,0.0,75.0,6.8,observed,False,0.0,0,none
2025-02-15 12:00:00,19.7,0.0,63.0,15.6,observed,False,0.0,0,none
2025-02-15 13:00:00,20.2,0.0,61.0,5.5,observed,False,0.0,0,none
2025-02-15 14:00:00,21.0,0.0,61.0,17.9,observed,False,0.0,0,none
2025-02-15 15:00:00,21.8,0.0,56.0,10.0,observed,False,0.0,0,none
2025-02-15 16:00:00,22.9,0.0,57.0,9.5,observed,False,0.0,0,none
2025-02-15 17:00:00,21.7,0.0,65.0,11.6,observed,False,0.0,0,none
2025-02-15 18:00:00,19.9,0.0,65.0,14.5,observed,False,0.0,0,none
2025-02-15 19:00:00,18.2,0.0,70.0,10.3,observed,False,0.0,0,none
2025-02-15 20:00:00,16.3,0.0,71.0,7.1,observed,False,0.0,0,none
2025-02-15 21:00:00,15.7,0.0,71.0,13.5,observed,False,0.0,0,none
2025-02-15 22:00:00,13.4,0.0,82.0,9.2,observed,False,0.0,0,none
2025-02-15 23:00:00,11.4,0.0,87.0,7.1,observed,False,0.0,0,none
2025-02-16 00:00:00,11.1,0.0,93.0,14.5,observed,False,0.0,0,none
2025-02-16 01:00:00,10.0,0.4,84.0,12.1,observed,False,0.40000000000000024,1,light
2025-02-16 02:00:00,10.1,0.0,95.0,7.4,observed,False,0.40000000000000024,0,none
2025-02-16 03:00:00,8.7,0.0,97.0,13.5,observed,False,0.40000000000000024,0,none
2025-02-16 04:00:00,8.5,0.0,93.0,6.1,observed,False,0.0,0,none
2025-02-16 05:00:00,10.2,0.0,94.0,6.5,observed,False,0.0,0,none
2025-02-16 06:00:00,10.7,0.0,86.0,20.1,observed,False,0.0,0,none
2025-02-16 07:00:00,12.3,0.0,78.0,16.4,observed,False,0.0,0,none
2025-02-16 08:00:00,14.200000000000001,0.0,79.0,9.7,observed,True,0.0,0,none
2025-02-16 09:00:00,16.1,0.0,68.0,10.4,observed,False,0.0,0,none
2025-02-16 10:00:00,17.2,0.0,88.0,6.5,observed,False,0.0,0,none
2025-02-16 11:00:00,18.65,0.0,77.5,8.15,observed,True,0.0,0,none
2025-02-16 12:00:00,20.1,0.0,67.0,9.8,observed,False,0.0,0,none
2025-02-16 13:00:00,21.7,0.0,59.0,13.7,observed,False,0.0,0,none
2025-02-16 14:00:00,22.1,0.0,55.0,13.3,observed,False,0.0,0,none
2025-02-16 15:00:00,22.3,0.0,59.0,11.6,observed,False,0.0,0,none
2025-02-16 16:00:00,21.9,0.0,61.0,7.7,observed,False,0.0,0,none
2025-02-16 17:00:00,21.0,0.0,57.0,16.6,observed,False,0.0,0,none
2025-02-16 18:00:00,20.5,0.0,68.0,6.3,observed,False,0.0,0,none
2025-02-16 19:00:00,19.4,0.0,74.0,6.9,observed,False,0.0,0,none
2025-02-16 20:00:00,17.9,0.0,71.0,13.4,observed,False,0.0,0,none
2025-02-16 21:00:00,17.2,0.0,70.0,15.1,observed,False,0.0,0,none
2025-02-16 22:00:00,13.4,0.0,71.0,17.3,observed,False,0.0,0,none
2025-02-16 23:00:00,11.7,0.0,83.0,16.6,observed,False,0.0,0,none
2025-02-17 00:00:00,9.85,0.0,88.0,14.85,observed,True,0.0,0,none
2025-02-17 01:00:00,8.0,0.0,93.0,13.1,observed,False,0.0,0,none
2025-02-17 02:00:00,7.0,0.0,100.0,15.4,observed,False,0.0,0,none
2025-02-17 03:00:00,6.9,0.0,89.0,10.9,observed,False,0.0,0,none
2025-02-17 04:00:00,7.7,0.0,90.0,14.0,observed,False,0.0,0,none
2025-02-17 05:00:00,8.6,0.0,100.0,12.1,observed,False,0.0,0,none
2025-02-17 06:00:00,9.4,0.0,85.0,10.9,observed,False,0.0,0,none
2025-02-17 07:00:00,10.9,0.0,88.0,4.7,observed,False,0.0,0,none
2025-02-17 08:00:00,12.4,0.0,88.0,3.8,observed,False,0.0,0,none
2025-02-17 09:00:00,13.8,0.0,80.0,9.9,observed,False,0.0,0,none
2025-02-17 10:00:00,16.0,0.0,84.0,6.8,observed,False,0.0,0,none
2025-02-17 11:00:00,16.9,0.0,71.0,15.6,observed,False,0.0,0,none
2025-02-17 12:00:00,18.5,0.0,73.0,13.2,observed,False,0.0,0,none
2025-02-17 13:00:00,19.9,0.0,61.0,11.8,observed,False,0.0,0,none
2025-02-17 14:00:00,21.0,0.0,56.0,19.9,observed,False,0.0,0,none
2025-02-17 15:00:00,20.6,0.0,66.0,8.9,observed,False,0.0,0,none
2025-02-17 16:00:00,19.9,0.0,60.0,10.4,observed,False,0.0,0,none
2025-02-17 17:00:00,20.9,0.0,64.0,7.0,observed,False,0.0,0,none
2025-02-17 18:00:00,19.2,0.0,65.0,15.1,observed,False,0.0,0,none
2025-02-17 19:00:00,17.7,0.0,75.0,6.2,observed,False,0.0,0,none
2025-02-17 20:00:00,15.6,0.0,68.0,11.1,observed,True,0.0,0,none
2025-02-17 21:00:00,14.7,0.0,83.0,12.7,observed,False,0.0,0,none
2025-02-17 22:00:00,12.9,0.0,79.0,16.1,observed,False,0.0,0,none
2025-02-17 23:00:00,10.8,0.0,84.0,3.8,observed,False,0.0,0,none
2025-02-18 00:00:00,11.6,0.0,78.0,10.6,observed,False,0.0,0,none
2025-02-18 01:00:00,10.9,0.0,82.0,4.9,observed,False,0.0,0,none
2025-02-18 02:00:00,10.2,0.0,88.0,18.6,observed,False,0.0,0,none
2025-02-18 03:00:00,9.6,0.0,84.0,9.1,observed,False,0.0,0,none
2025-02-18 04:00:00,9.4,0.0,90.0,5.8,observed,False,0.0,0,none
2025-02-18 05:00:00,10.0,0.0,87.0,10.7,observed,False,0.0,0,none
2025-02-18 06:00:00,12.3,0.0,84.0,9.4,observed,False,0.0,0,none
2025-02-18 07:00:00,13.1,0.0,84.0,7.4,observed,False,0.0,0,none
2025-02-18 08:00:00,14.8,0.0,76.0,5.0,observed,False,0.0,0,none
2025-02-18 09:00:00,15.9,0.0,71.0,8.9,observed,False,0.0,0,none
2025-02-18 10:00:00,18.8,0.0,60.0,7.2,observed,False,0.0,0,none
2025-02-18 11:00:00,20.2,0.0,60.0,7.0,observed,False,0.0,0,none
2025-02-18 12:00:00,21.2,0.0,66.0,10.6,observed,False,0.0,0,none
2025-02-18 13:00:00,21.0,0.0,65.0,12.8,observed,False,0.0,0,none
2025-02-18 14:00:00,23.3,0.0,57.0,6.8,observed,False,0.0,0,none
2025-02-18 15:00:00,22.5,0.0,64.0,12.2,observed,False,0.0,0,none
2025-02-18 16:00:00,22.8,0.0,63.0,6.0,observed,False,0.0,0,none
2025-02-18 17:00:00,21.6,0.0,66.0,3.7,observed,False,0.0,0,none
2025-02-18 18:00:00,20.8,0.0,59.0,6.8,observed,False,0.0,0,none
2025-02-18 19:00:00,19.2,0.0,67.0,21.7,observed,False,0.0,0,none
2025-02-18 20:00:00,17.9,0.0,70.0,13.9,observed,False,0.0,0,none
2025-02-18 21:00:00,16.0,0.0,73.0,12.2,observed,False,0.0,0,none
2025-02-18 22:00:00,15.3,0.0,82.0,9.0,observed,False,0.0,0,none
2025-02-18 23:00:00,13.9,0.0,74.0,19.6,observed,False,0.0,0,none
2025-02-19 00:00:00,10.6,0.0,94.0,12.0,observed,False,0.0,0,none
2025-02-19 01:00:00,10.2,0.0,88.0,12.4,observed,False,0.0,0,none
2025-02-19 02:00:00,10.2,0.0,94.0,8.4,observed,False,0.0,0,none
2025-02-19 03:00:00,9.1,0.0,96.0,10.3,observed,False,0.0,0,none
2025-02-19 04:00:00,9.9,0.0,98.0,6.6,observed,False,0.0,0,none
2025-02-19 05:00:00,9.5,0.0,88.0,13.6,observed,False,0.0,0,none
2025-02-19 06:00:00,10.9,0.0,91.0,20.9,observed,False,0.0,0,none
2025-02-19 07:00:00,12.3,0.0,82.0,4.3,observed,False,0.0,0,none
2025-02-19 08:00:00,14.2,0.0,80.0,9.8,observed,False,0.0,0,none
2025-02-19 09:00:00,16.3,0.0,78.0,6.9,observed,False,0.0,0,none
2025-02-19 10:00:00,17.3,0.0,61.0,6.8,observed,False,0.0,0,none
2025-02-19 11:00:00,19.4,0.0,65.0,8.6,observed,False,0.0,0,none
2025-02-19 12:00:00,20.1,0.0,71.0,17.1,observed,False,0.0,0,none
2025-02-19 13:00:00,21.3,0.0,64.0,16.1,observed,True,0.0,0,none
2025-02-19 14:00:00,22.5,0.0,57.0,15.1,observed,False,0.0,0,none
2025-02-19 15:00:00,21.9,0.0,56.0,16.9,observed,False,0.0,0,none
2025-02-19 16:00:00,22.2,0.0,68.0,8.9,observed,False,0.0,0,none
2025-02-19 17:00:00,21.7,0.0,64.0,9.6,observed,False,0.0,0,none
2025-02-19 18:00:00,20.9,0.0,67.0,13.1,observed,False,0.0,0,none
2025-02-19 19:00:00,18.7,0.0,61.0,5.7,observed,False,0.0,0,none
2025-02-19 20:00:00,17.8,0.0,80.0,10.4,observed,False,0.0,0,none
2025-02-19 21:00:00,16.2,0.0,70.0,7.6,observed,False,0.0,0,none
2025-02-19 22:00:00,14.0,0.0,80.0,15.2,observed,False,0.0,0,none
2025-02-19 23:00:00,13.1,0.0,87.0,5.8,observed,False,0.0,0,none
2025-02-20 00:00:00,12.4,0.0,81.0,4.9,observed,False,0.0,0,none
2025-02-20 01:00:00,11.9,0.0,79.0,5.4,observed,False,0.0,0,none
2025-02-20 02:00:00,11.6,0.0,91.0,13.1,observed,False,0.0,0,none
2025-02-20 03:00:00,11.2,0.0,80.0,7.9,observed,False,0.0,0,none
2025-02-20 04:00:00,11.4,0.0,95.0,12.5,observed,False,0.0,0,none
2025-02-20 05:00:00,12.8,0.0,82.0,4.5,observed,False,0.0,0,none
2025-02-20 06:00:00,13.9,0.0,67.0,17.4,observed,False,0.0,0,none
2025-02-20 07:00:00,15.4,0.0,80.0,6.5,observed,False,0.0,0,none
2025-02-20 08:00:00,16.1,0.0,75.0,6.1,observed,False,0.0,0,none
2025-02-20 09:00:00,18.6,0.0,75.0,6.8,observed,False,0.0,0,none
2025-02-20 10:00:00,19.3,0.0,67.0,7.6,observed,False,0.0,0,none
2025-02-20 11:00:00,21.5,0.0,61.0,7.7,observed,False,0.0,0,none
2025-02-20 12:00:00,23.0,0.0,61.0,16.1,observed,False,0.0,0,none
2025-02-20 13:00:00,24.2,0.0,55.0,10.4,observed,False,0.0,0,none
2025-02-20 14:00:00,24.7,0.0,49.0,16.7,observed,False,0.0,0,none
2025-02-20 15:00:00,25.5,0.0,53.0,12.2,observed,False,0.0,0,none
2025-02-20 16:00:00,25.3,0.0,42.0,6.4,observed,False,0.0,0,none
2025-02-20 17:00:00,24.1,0.0,57.0,13.9,observed,False,0.0,0,none
2025-02-20 18:00:00,22.5,0.0,54.0,12.8,observed,False,0.0,0,none
2025-02-20 19:00:00,21.2,0.0,60.0,14.4,observed,False,0.0,0,none
2025-02-20 20:00:00,19.8,0.0,63.0,8.8,observed,False,0.0,0,none
2025-02-20 21:00:00,18.7,0.0,60.0,7.8,observed,False,0.0,0,none
2025-02-20 22:00:00,16.4,0.0,74.0,6.5,observed,False,0.0,0,none
2025-02-20 23:00:00,14.4,0.0,75.0,11.1,observed,False,0.0,0,none
2025-02-21 00:00:00,14.1,0.0,79.0,7.3,observed,False,0.0,0,none
2025-02-21 01:00:00,12.3,0.0,87.0,6.5,observed,False,0.0,0,none
2025-02-21 02:00:00,11.0,0.0,91.0,10.8,observed,False,0.0,0,none
2025-02-21 03:00:00,12.2,0.0,87.0,14.1,observed,False,0.0,0,none
2025-02-21 04:00:00,11.3,0.0,86.0,5.8,observed,False,0.0,0,none
2025-02-21 05:00:00,13.1,0.0,78.0,13.0,observed,False,0.0,0,none
2025-02-21 06:00:00,13.7,0.0,74.0,11.7,observed,False,0.0,0,none
2025-02-21 07:00:00,15.7,0.0,77.0,8.9,observed,False,0.0,0,none
2025-02-21 08:00:00,17.1,0.0,81.0,11.7,observed,False,0.0,0,none
2025-02-21 09:00:00,18.8,0.0,63.0,10.5,observed,False,0.0,0,none
2025-02-21 10:00:00,19.5,0.0,56.0,14.0,observed,False,0.0,0,none
2025-02-21 11:00:00,21.2,0.0,64.0,10.8,observed,False,0.0,0,none
2025-02-21 12:00:00,24.0,0.0,64.0,22.1,observed,False,0.0,0,none
2025-02-21 13:00:00,23.9,0.0,59.0,13.0,observed,False,0.0,0,none
2025-02-21 14:00:00,25.1,0.0,63.0,6.3,observed,False,0.0,0,none
2025-02-21 15:00:00,24.9,0.0,51.0,12.4,observed,False,0.0,0,none
2025-02-21 16:00:00,25.7,0.0,49.0,13.7,observed,False,0.0,0,none
2025-02-21 17:00:00,24.6,0.0,54.0,11.5,observed,False,0.0,0,none
2025-02-21 18:00:00,22.3,0.0,61.0,8.7,observed,False,0.0,0,none
2025-02-21 19:00:00,22.0,0.0,56.0,14.0,observed,False,0.0,0,none
2025-02-21 20:00:00,20.2,0.0,52.0,13.9,observed,False,0.0,0,none
2025-02-21 21:00:00,18.4,0.0,69.0,5.3,observed,False,0.0,0,none
2025-02-21 22:00:00,16.0,0.0,68.0,10.9,observed,False,0.0,0,none
2025-02-21 23:00:00,15.2,0.0,70.0,3.5,observed,False,0.0,0,none
2025-02-22 00:00:00,14.4,0.0,70.0,9.1,observed,False,0.0,0,none
2025-02-22 01:00:00,13.4,0.0,83.0,14.1,observed,False,0.0,0,none
2025-02-22 02:00:00,11.8,0.0,85.0,5.6,observed,False,0.0,0,none
2025-02-22 03:00:00,10.6,0.0,96.0,15.1,observed,False,0.0,0,none
2025-02-22 04:00:00,12.9,0.0,85.0,5.1,observed,False,0.0,0,none
2025-02-22 05:00:00,14.0,0.0,83.0,7.55,observed,True,0.0,0,none
2025-02-22 06:00:00,15.1,0.0,81.0,10.0,observed,False,0.0,0,none
2025-02-22 07:00:00,15.0,0.0,76.0,10.4,observed,False,0.0,0,none
2025-02-22 08:00:00,17.6,0.0,73.0,5.8,observed,False,0.0,0,none
2025-02-22 09:00:00,18.8,0.0,62.0,12.1,observed,False,0.0,0,none
2025-02-22 10:00:00,21.3,0.0,65.0,8.2,observed,False,0.0,0,none
2025-02-22 11:00:00,22.5,0.0,60.0,5.2,observed,False,0.0,0,none
2025-02-22 12:00:00,24.1,0.0,57.0,8.4,observed,False,0.0,0,none
2025-02-22 13:00:00,24.1,0.0,52.0,3.4,observed,False,0.0,0,none
2025-02-22 14:00:00,24.6,0.0,58.0,10.2,observed,False,0.0,0,none
2025-02-22 15:00:00,25.3,0.0,54.0,4.2,observed,False,0.0,0,none
2025-02-22 16:00:00,25.0,0.0,54.0,14.5,observed,False,0.0,0,none
2025-02-22 17:00:00,25.2,0.0,57.0,9.0,observed,False,0.0,0,none
2025-02-22 18:00:00,23.0,0.0,51.0,7.7,observed,False,0.0,0,none
2025-02-22 19:00:00,23.5,0.0,50.0,8.6,observed,False,0.0,0,none
2025-02-22 20:00:00,21.1,0.0,56.0,12.0,observed,False,0.0,0,none
2025-02-22 21:00:00,18.7,0.0,68.0,14.5,observed,False,0.0,0,none
2025-02-22 22:00:00,16.6,0.0,66.0,5.6,observed,False,0.0,0,none
2025-02-22 23:00:00,16.0,0.0,74.0,11.2,observed,False,0.0,0,none
2025-02-23 00:00:00,14.5,0.0,81.0,10.1,observed,False,0.0,0,none
2025-02-23 01:00:00,13.1,0.0,70.0,7.4,observed,False,0.0,0,none
2025-02-23 02:00:00,11.9,0.0,82.0,5.6,observed,False,0.0,0,none
2025-02-23 03:00:00,12.2,0.0,85.0,7.4,observed,False,0.0,0,none
2025-02-23 04:00:00,11.3,0.0,91.0,12.3,observed,False,0.0,0,none
2025-02-23 05:00:00,12.9,0.0,85.0,4.9,observed,False,0.0,0,none
2025-02-23 06:00:00,13.9,0.0,68.0,23.0,observed,False,0.0,0,none
2025-02-23 07:00:00,15.05,0.0,77.0,8.0,observed,False,0.0,0,none
2025-02-23 08:00:00,16.9,0.0,80.0,9.1,observed,False,0.0,0,none
2025-02-23 09:00:00,18.7,0.0,69.0,10.2,observed,False,0.0,0,none
2025-02-23 10:00:00,20.2,0.0,67.0,13.8,observed,False,0.0,0,none
2025-02-23 11:00:00,23.2,0.0,54.0,11.2,observed,False,0.0,0,none
2025-02-23 12:00:00,23.75,0.0,56.5,12.9,observed,True,0.0,0,none
2025-02-23 13:00:00,24.3,0.0,59.0,14.6,observed,False,0.0,0,none
2025-02-23 14:00:00,25.8,0.0,54.0,11.2,observed,False,0.0,0,none
2025-02-23 15:00:00,25.3,0.0,49.0,16.3,observed,False,0.0,0,none
2025-02-23 16:00:00,24.9,0.0,50.0,6.0,observed,False,0.0,0,none
2025-02-23 17:00:00,25.3,0.0,53.0,12.2,observed,False,0.0,0,none
2025-02-23 18:00:00,24.0,0.0,53.0,12.1,observed,False,0.0,0,none
2025-02-23 19:00:00,21.7,0.0,57.0,11.6,observed,False,0.0,0,none
2025-02-23 20:00:00,21.2,0.0,67.0,6.3,observed,False,0.0,0,none
2025-02-23 21:00:00,19.75,0.0,59.0,6.1,observed,False,0.0,0,none
2025-02-23 22:00:00,16.7,0.0,70.0,4.9,observed,False,0.0,0,none
2025-02-23 23:00:00,15.0,0.0,79.0,5.3,observed,False,0.0,0,none
2025-02-24 00:00:00,15.9,0.0,65.0,6.3,observed,False,0.0,0,none
2025-02-24 01:00:00,14.2,0.0,79.0,21.1,observed,False,0.0,0,none
2025-02-24 02:00:00,14.1,0.0,70.0,8.3,observed,False,0.0,0,none
2025-02-24 03:00:00,13.4,0.0,74.0,11.6,observed,False,0.0,0,none
2025-02-24 04:00:00,13.5,0.0,79.0,14.3,observed,False,0.0,0,none
2025-02-24 05:00:00,13.9,0.0,78.0,7.9,observed,False,0.0,0,none
2025-02-24 06:00:00,15.2,0.0,83.0,11.8,observed,False,0.0,0,none
2025-02-24 07:00:00,16.8,0.0,67.0,11.6,observed,False,0.0,0,none
2025-02-24 08:00:00,18.1,0.0,80.0,13.8,observed,False,0.0,0,none
2025-02-24 09:00:00,20.0,0.0,65.0,10.6,observed,False,0.0,0,none
2025-02-24 10:00:00,21.3,0.0,51.0,9.9,observed,False,0.0,0,none
2025-02-24 11:00:00,23.2,0.0,71.0,12.0,observed,False,0.0,0,none
2025-02-24 12:00:00,25.3,0.0,43.0,13.0,observed,False,0.0,0,none
2025-02-24 13:00:00,25.7,0.0,55.0,11.6,observed,False,0.0,0,none
2025-02-24 14:00:00,27.0,0.0,52.0,8.5,observed,False,0.0,0,none
2025-02-24 15:00:00,26.8,0.0,46.0,11.8,observed,False,0.0,0,none
2025-02-24 16:00:00,26.7,0.0,52.0,7.2,observed,False,0.0,0,none
2025-02-24 17:00:00,25.8,0.0,48.0,14.9,observed,False,0.0,0,none
2025-02-24 18:00:00,24.5,0.0,56.0,12.0,observed,False,0.0,0,none
2025-02-24 19:00:00,23.6,0.0,49.0,20.1,observed,False,0.0,0,none
2025-02-24 20:00:00,21.8,0.0,57.0,11.2,observed,False,0.0,0,none
2025-02-24 21:00:00,21.0,0.0,57.0,10.4,observed,False,0.0,0,none
2025-02-24 22:00:00,18.1,0.0,74.0,7.1,observed,False,0.0,0,none
2025-02-24 23:00:00,15.2,0.0,79.0,8.0,observed,False,0.0,0,none
2025-02-25 00:00:00,15.0,0.0,76.0,7.8,observed,False,0.0,0,none
2025-02-25 01:00:00,13.7,0.0,78.0,20.0,observed,False,0.0,0,none
2025-02-25 02:00:00,13.7,0.0,72.0,5.9,observed,False,0.0,0,none
2025-02-25 03:00:00,12.9,0.0,75.0,9.8,observed,False,0.0,0,none
2025-02-25 04:00:00,12.7,0.0,82.0,15.2,observed,False,0.0,0,none
2025-02-25 05:00:00,12.5,0.0,81.0,8.6,observed,False,0.0,0,none
2025-02-25 06:00:00,14.3,0.0,74.0,8.4,observed,False,0.0,0,none
2025-02-25 07:00:00,16.4,0.0,72.0,12.6,observed,False,0.0,0,none
2025-02-25 08:00:00,17.1,0.0,74.0,3.4,observed,False,0.0,0,none
2025-02-25 09:00:00,19.8,0.0,65.0,7.0,observed,False,0.0,0,none
2025-02-25 10:00:00,21.9,0.0,58.0,10.8,observed,False,0.0,0,none
2025-02-25 11:00:00,23.0,0.0,65.0,12.3,observed,False,0.0,0,none
2025-02-25 12:00:00,23.9,0.0,54.0,10.7,observed,False,0.0,0,none
2025-02-25 13:00:00,25.0,0.0,58.0,7.0,observed,False,0.0,0,none
2025-02-25 14:00:00,26.2,0.0,50.0,14.7,observed,False,0.0,0,none
2025-02-25 15:00:00,26.9,0.0,59.0,7.0,observed,True,0.0,0,none
2025-02-25 16:00:00,26.7,0.0,39.0,6.7,observed,False,0.0,0,none
2025-02-25 17:00:00,25.3,0.0,58.0,10.3,observed,False,0.0,0,none
2025-02-25 18:00:00,24.9,0.0,54.0,9.8,observed,False,0.0,0,none
2025-02-25 19:00:00,22.6,0.0,62.0,7.8,observed,False,0.0,0,none
2025-02-25 20:00:00,20.8,0.0,62.0,10.6,observed,False,0.0,0,none
2025-02-25 21:00:00,19.2,0.0,76.0,9.6,observed,False,0.0,0,none
2025-02-25 22:00:00,17.2,0.0,69.0,10.0,observed,False,0.0,0,none
2025-02-25 23:00:00,15.7,0.0,77.0,6.2,observed,False,0.0,0,none
2025-02-26 00:00:00,12.6,0.0,78.0,20.0,observed,False,0.0,0,none
2025-02-26 01:00:00,11.7,0.0,92.0,4.3,observed,False,0.0,0,none
2025-02-26 02:00:00,10.8,0.0,90.0,6.4,observed,False,0.0,0,none
2025-02-26 03:00:00,11.3,0.0,88.0,9.1,observed,False,0.0,0,none
2025-02-26 04:00:00,11.5,0.0,87.0,12.8,observed,False,0.0,0,none
2025-02-26 05:00:00,11.7,0.0,89.0,10.8,observed,False,0.0,0,none
2025-02-26 06:00:00,13.3,0.0,88.0,11.1,observed,False,0.0,0,none
2025-02-26 07:00:00,14.2,0.0,70.0,8.1,observed,False,0.0,0,none
2025-02-26 08:00:00,15.0,0.0,77.0,11.3,observed,False,0.0,0,none
2025-02-26 09:00:00,18.2,0.0,64.0,12.5,observed,False,0.0,0,none
2025-02-26 10:00:00,19.0,0.0,73.0,8.1,observed,False,0.0,0,none
2025-02-26 11:00:00,20.599999999999998,0.0,60.5,6.85,observed,True,0.0,0,none
2025-02-26 12:00:00,22.2,0.0,48.0,5.6,observed,False,0.0,0,none
2025-02-26 13:00:00,23.6,0.0,60.0,9.4,observed,False,0.0,0,none
2025-02-26 14:00:00,24.1,0.0,59.5,7.75,observed,True,0.0,0,none
2025-02-26 15:00:00,24.6,0.0,59.0,6.1,observed,False,0.0,0,none
2025-02-26 16:00:00,24.5,0.0,53.0,11.7,observed,True,0.0,0,none
2025-02-26 17:00:00,23.6,0.0,62.0,9.8,observed,False,0.0,0,none
2025-02-26 18:00:00,22.3,0.0,62.5,9.8,observed,False,0.0,0,none
2025-02-26 19:00:00,21.5,0.0,63.0,5.2,observed,False,0.0,0,none
2025-02-26 20:00:00,20.1,0.0,66.0,7.6,observed,False,0.0,0,none
2025-02-26 21:00:00,17.4,0.0,70.0,11.2,observed,False,0.0,0,none
2025-02-26 22:00:00,15.5,0.0,77.0,8.0,observed,False,0.0,0,none
2025-02-26 23:00:00,13.6,0.0,78.0,6.6,observed,False,0.0,0,none
2025-02-27 00:00:00,12.4,0.0,86.0,11.1,observed,False,0.0,0,none
2025-02-27 01:00:00,10.9,0.0,97.0,8.7,observed,False,0.0,0,none
2025-02-27 02:00:00,9.8,0.0,86.0,7.5,observed,False,0.0,0,none
2025-02-27 03:00:00,9.5,0.0,92.0,13.1,observed,False,0.0,0,none
2025-02-27 04:00:00,10.0,0.0,88.0,8.9,observed,False,0.0,0,none
2025-02-27 05:00:00,10.3,0.0,82.0,10.8,observed,False,0.0,0,none
2025-02-27 06:00:00,12.9,0.0,82.0,6.3,observed,False,0.0,0,none
2025-02-27 07:00:00,13.1,0.0,82.0,5.3,observed,False,0.0,0,none
2025-02-27 08:00:00,14.9,0.0,72.0,19.3,observed,False,0.0,0,none
2025-02-27 09:00:00,16.5,0.0,76.0,11.0,observed,False,0.0,0,none
2025-02-27 10:00:00,17.9,0.0,74.0,16.1,observed,False,0.0,0,none
2025-02-27 11:00:00,19.3,0.0,63.0,16.1,observed,False,0.0,0,none
2025-02-27 12:00:00,21.0,0.0,68.0,9.3,observed,False,0.0,0,none
2025-02-27 13:00:00,22.0,0.0,51.0,11.2,observed,False,0.0,0,none
2025-02-27 14:00:00,23.3,0.0,62.0,9.5,observed,False,0.0,0,none
2025-02-27 15:00:00,23.0,0.0,48.0,6.6,observed,False,0.0,0,none
2025-02-27 16:00:00,23.0,0.0,56.0,14.0,observed,False,0.0,0,none
2025-02-27 17:00:00,22.6,0.0,56.0,16.6,observed,False,0.0,0,none
2025-02-27 18:00:00,21.1,0.0,53.0,5.9,observed,False,0.0,0,none
2025-02-27 19:00:00,20.0,0.0,65.0,12.6,observed,False,0.0,0,none
2025-02-27 20:00:00,17.9,0.0,68.0,9.7,observed,False,0.0,0,none
2025-02-27 21:00:00,17.4,0.0,74.0,11.6,observed,False,0.0,0,none
2025-02-27 22:00:00,14.3,0.0,75.0,16.9,observed,False,0.0,0,none
2025-02-27 23:00:00,12.4,0.0,79.0,9.6,observed,False,0.0,0,none
2025-02-28 00:00:00,11.3,0.0,88.0,5.3,observed,False,0.0,0,none
2025-02-28 01:00:00,10.0,0.0,90.0,20.1,observed,False,0.0,0,none
2025-02-28 02:00:00,9.0,0.0,86.0,12.9,observed,False,0.0,0,none
2025-02-28 03:00:00,10.3,0.0,100.0,17.7,observed,False,0.0,0,none
2025-02-28 04:00:00,9.4,0.0,98.0,9.7,observed,False,0.0,0,none
2025-02-28 05:00:00,9.8,0.0,87.0,6.1,observed,False,0.0,0,none
2025-02-28 06:00:00,10.2,0.0,86.0,6.7,observed,False,0.0,0,none
2025-02-28 07:00:00,12.8,0.0,83.0,13.2,observed,False,0.0,0,none
2025-02-28 08:00:00,14.9,0.0,75.0,10.6,observed,False,0.0,0,none
2025-02-28 09:00:00,16.3,0.0,67.0,9.1,observed,False,0.0,0,none
2025-02-28 10:00:00,17.6,0.0,69.0,7.8,observed,False,0.0,0,none
2025-02-28 11:00:00,19.7,0.0,72.0,11.6,observed,False,0.0,0,none
2025-02-28 12:00:00,19.6,0.0,66.0,16.4,observed,False,0.0,0,none
2025-02-28 13:00:00,22.1,0.0,65.0,13.6,observed,False,0.0,0,none
2025-02-28 14:00:00,22.6,0.0,59.0,8.8,observed,False,0.0,0,none
2025-02-28 15:00:00,23.1,0.0,63.0,10.1,observed,False,0.0,0,none
2025-02-28 16:00:00,23.1,0.0,58.0,16.4,observed,False,0.0,0,none
2025-02-28 17:00:00,22.8,0.0,68.0,3.8,observed,False,0.0,0,none
2025-02-28 18:00:00,21.8,0.0,57.0,12.7,observed,False,0.0,0,none
2025-02-28 19:00:00,18.9,0.0,68.0,9.2,observed,False,0.0,0,none
2025-02-28 20:00:00,17.9,0.0,70.0,9.3,observed,False,0.0,0,none
2025-02-28 21:00:00,16.5,0.0,69.0,11.4,observed,False,0.0,0,none
2025-02-28 22:00:00,13.3,0.0,90.0,10.4,observed,False,0.0,0,none
2025-02-28 23:00:00,12.9,0.0,82.0,11.3,observed,False,0.0,0,none
2025-03-01 00:00:00,14.0,0.0,86.0,16.9,observed,False,0.0,0,none
2025-03-01 01:00:00,12.2,0.0,89.0,12.0,observed,False,0.0,0,none
2025-03-01 02:00:00,12.2,0.0,80.0,14.3,observed,False,0.0,0,none
2025-03-01 03:00:00,12.2,0.0,94.0,7.2,observed,False,0.0,0,none
2025-03-01 04:00:00,11.8,0.0,88.0,15.8,observed,False,0.0,0,none
2025-03-01 05:00:00,13.1,0.0,74.0,18.0,observed,False,0.0,0,none
2025-03-01 06:00:00,13.8,0.0,85.0,14.4,observed,False,0.0,0,none
2025-03-01 07:00:00,14.9,0.0,77.0,5.1,observed,False,0.0,0,none
2025-03-01 08:00:00,15.9,0.0,82.0,10.9,observed,False,0.0,0,none
2025-03-01 09:00:00,17.5,0.0,73.0,9.3,observed,False,0.0,0,none
2025-03-01 10:00:00,18.2,0.0,68.0,14.0,observed,False,0.0,0,none
2025-03-01 11:00:00,19.4,0.0,72.0,13.0,observed,False,0.0,0,none
2025-03-01 12:00:00,21.2,0.0,55.0,7.4,observed,False,0.0,0,none
2025-03-01 13:00:00,23.0,0.0,63.0,12.3,observed,False,0.0,0,none
2025-03-01 14:00:00,22.8,0.0,50.0,6.3,observed,False,0.0,0,none
2025-03-01 15:00:00,22.7,0.0,58.0,15.5,observed,False,0.0,0,none
2025-03-01 16:00:00,22.0,0.0,61.0,7.5,observed,False,0.0,0,none
2025-03-01 17:00:00,21.8,0.0,61.0,10.2,observed,False,0.0,0,none
2025-03-01 18:00:00,21.4,0.0,63.0,16.4,observed,False,0.0,0,none
2025-03-01 19:00:00,21.1,0.0,64.0,6.7,observed,False,0.0,0,none
2025-03-01 20:00:00,17.1,0.0,74.0,11.6,observed,False,0.0,0,none
2025-03-01 21:00:00,18.2,0.0,71.0,9.4,observed,False,0.0,0,none
2025-03-01 22:00:00,17.0,0.0,70.0,15.7,observed,False,0.0,0,none
2025-03-01 23:00:00,15.5,0.0,69.0,10.8,observed,False,0.0,0,none
2025-03-02 00:00:00,15.0,0.0,74.0,9.0,observed,False,0.0,0,none
2025-03-02 01:00:00,13.5,0.0,83.0,10.1,observed,False,0.0,0,none
2025-03-02 02:00:00,12.6,0.0,77.5,14.1,observed,False,0.0,0,none
2025-03-02 03:00:00,13.2,0.0,72.0,11.0,observed,False,0.0,0,none
2025-03-02 04:00:00,12.6,0.0,83.0,5.0,observed,False,0.0,0,none
2025-03-02 05:00:00,12.6,0.0,78.0,22.2,observed,False,0.0,0,none
2025-03-02 06:00:00,14.0,0.0,77.0,5.7,observed,False,0.0,0,none
2025-03-02 07:00:00,15.5,0.0,78.0,4.6,observed,False,0.0,0,none
2025-03-02 08:00:00,17.5,0.0,73.0,3.8,observed,False,0.0,0,none
2025-03-02 09:00:00,17.7,0.0,71.0,10.8,observed,False,0.0,0,none
2025-03-02 10:00:00,20.4,0.0,60.0,13.0,observed,False,0.0,0,none
2025-03-02 11:00:00,19.8,0.0,67.0,12.6,observed,False,0.0,0,none
2025-03-02 12:00:00,20.2,0.6,80.0,9.3,observed,False,0.6000000000000002,1,light
2025-03-02 13:00:00,19.2,2.5,80.0,12.0,observed,False,3.1,1,light
2025-03-02 14:00:00,21.45,0.0,64.0,11.9,observed,True,3.1,0,none
2025-03-02 15:00:00,23.7,0.0,48.0,11.8,observed,False,2.5,0,none
2025-03-02 16:00:00,22.8,0.0,58.0,12.8,observed,False,0.0,0,none
2025-03-02 17:00:00,22.9,0.5,58.0,14.8,observed,False,0.5,1,light
2025-03-02 18:00:00,21.9,0.0,55.0,10.9,observed,False,0.5,0,none
2025-03-02 19:00:00,20.1,0.0,64.0,17.1,observed,False,0.5,0,none
2025-03-02 20:00:00,19.2,0.0,67.0,12.3,observed,False,0.0,0,none
2025-03-02 21:00:00,18.5,0.0,65.0,19.3,observed,False,0.0,0,none
2025-03-02 22:00:00,17.4,0.0,75.0,14.6,observed,False,0.0,0,none
2025-03-02 23:00:00,15.6,0.0,76.0,12.7,observed,False,0.0,0,none
2025-03-03 00:00:00,13.8,0.0,76.0,18.0,observed,False,0.0,0,none
2025-03-03 01:00:00,13.6,0.0,85.0,13.7,observed,False,0.0,0,none
2025-03-03 02:00:00,12.8,0.0,79.0,19.2,observed,False,0.0,0,none
2025-03-03 03:00:00,12.1,0.0,85.0,15.8,observed,False,0.0,0,none
2025-03-03 04:00:00,13.0,0.0,75.0,9.6,observed,False,0.0,0,none
2025-03-03 05:00:00,13.6,0.0,79.0,11.6,observed,False,0.0,0,none
2025-03-03 06:00:00,14.5,0.0,84.0,14.8,observed,False,0.0,0,none
2025-03-03 07:00:00,14.7,0.0,79.0,6.1,observed,False,0.0,0,none
2025-03-03 08:00:00,16.8,0.0,71.0,12.5,observed,False,0.0,0,none
2025-03-03 09:00:00,18.6,0.0,75.0,12.5,observed,False,0.0,0,none
2025-03-03 10:00:00,19.3,0.0,68.0,8.1,observed,False,0.0,0,none
2025-03-03 11:00:00,20.8,0.0,68.0,11.8,observed,False,0.0,0,none
2025-03-03 12:00:00,22.4,0.0,60.0,6.9,observed,False,0.0,0,none
2025-03-03 13:00:00,22.5,0.0,53.0,5.1,observed,False,0.0,0,none
2025-03-03 14:00:00,21.3,2.2,81.0,15.5,observed,False,2.2,1,light
2025-03-03 15:00:00,23.4,0.0,65.0,6.1,observed,False,2.2,0,none
2025-03-03 16:00:00,23.5,0.0,56.0,9.8,observed,False,2.2,0,none
2025-03-03 17:00:00,19.6,8.5,83.0,10.8,observed,False,8.5,1,heavy
2025-03-03 18:00:00,21.9,0.5,61.0,13.8,observed,False,9.0,1,light
2025-03-03 19:00:00,20.5,0.5,68.0,13.8,observed,False,9.5,1,light
2025-03-03 20:00:00,19.3,0.0,69.0,10.7,observed,False,1.0,0,none
2025-03-03 21:00:00,15.8,0.7,86.0,12.8,observed,False,1.2,1,light
2025-03-03 22:00:00,16.2,0.0,71.0,14.7,observed,False,0.7,0,none
2025-03-03 23:00:00,15.0,0.0,77.0,15.5,observed,False,0.7,0,none
2025-03-04 00:00:00,14.1,0.0,77.0,13.8,observed,False,0.0,0,none
2025-03-04 01:00:00,13.2,0.0,80.0,11.7,observed,False,0.0,0,none
2025-03-04 02:00:00,13.5,0.0,83.0,10.6,observed,False,0.0,0,none
2025-03-04 03:00:00,12.7,0.0,81.0,13.5,observed,False,0.0,0,none
2025-03-04 04:00:00,13.2,0.0,88.0,12.4,observed,False,0.0,0,none
2025-03-04 05:00:00,13.0,0.0,78.0,15.6,observed,False,0.0,0,none
2025-03-04 06:00:00,14.0,0.0,79.0,7.8,observed,False,0.0,0,none
2025-03-04 07:00:00,15.4,0.0,68.0,10.1,observed,False,0.0,0,none
2025-03-04 08:00:00,16.6,0.0,83.0,19.9,observed,False,0.0,0,none
2025-03-04 09:00:00,18.9,0.0,75.0,7.3,observed,False,0.0,0,none
2025-03-04 10:00:00,19.8,0.0,60.0,13.3,observed,True,0.0,0,none
2025-03-04 11:00:00,21.7,0.0,62.0,8.4,observed,False,0.0,0,none
2025-03-04 12:00:00,22.1,0.0,66.0,19.8,observed,False,0.0,0,none
2025-03-04 13:00:00,23.7,0.0,58.0,12.7,observed,False,0.0,0,none
2025-03-04 14:00:00,23.1,0.0,63.0,9.2,observed,False,0.0,0,none
2025-03-04 15:00:00,23.0,0.0,60.0,11.3,observed,False,0.0,0,none
2025-03-04 16:00:00,23.8,0.0,47.0,10.1,observed,False,0.0,0,none
2025-03-04 17:00:00,23.1,0.0,60.0,10.1,observed,False,0.0,0,none
2025-03-04 18:00:00,23.0,0.0,59.0,16.0,observed,False,0.0,0,none
2025-03-04 19:00:00,21.5,0.0,65.0,4.2,observed,False,0.0,0,none
2025-03-04 20:00:00,20.8,0.0,64.0,9.5,observed,False,0.0,0,none
2025-03-04 21:00:00,18.2,0.0,64.0,20.3,observed,False,0.0,0,none
2025-03-04 22:00:00,16.5,0.0,64.0,7.6,observed,False,0.0,0,none
2025-03-04 23:00:00,14.9,0.0,74.0,8.1,observed,False,0.0,0,none
2025-03-05 00:00:00,15.8,0.0,73.0,13.0,observed,False,0.0,0,none
2025-03-05 01:00:00,15.0,0.0,76.0,11.8,observed,False,0.0,0,none
2025-03-05 02:00:00,13.6,0.0,81.0,10.7,observed,False,0.0,0,none
2025-03-05 03:00:00,14.7,0.0,86.0,4.4,observed,False,0.0,0,none
2025-03-05 04:00:00,15.1,0.0,77.0,8.0,observed,False,0.0,0,none
2025-03-05 05:00:00,14.1,0.0,74.0,5.6,observed,False,0.0,0,none
2025-03-05 06:00:00,15.6,0.0,84.0,11.0,observed,False,0.0,0,none
2025-03-05 07:00:00,17.0,0.0,79.0,9.5,observed,False,0.0,0,none
2025-03-05 08:00:00,18.1,0.0,62.0,8.3,observed,False,0.0,0,none
2025-03-05 09:00:00,19.5,0.0,58.0,20.7,observed,False,0.0,0,none
2025-03-05 10:00:00,21.1,0.0,63.0,13.7,observed,False,0.0,0,none
2025-03-05 11:00:00,22.3,0.0,59.5,14.25,observed,True,0.0,0,none
2025-03-05 12:00:00,23.5,0.0,56.0,14.8,observed,False,0.0,0,none
2025-03-05 13:00:00,25.1,0.0,52.0,6.4,observed,False,0.0,0,none
2025-03-05 14:00:00,25.5,0.0,52.0,13.5,observed,False,0.0,0,none
2025-03-05 15:00:00,23.2,1.2,67.0,7.5,observed,False,1.2,1,light
2025-03-05 16:00:00,22.95,0.0,71.0,6.6499999999999995,observed,True,1.2,0,none
2025-03-05 17:00:00,22.7,1.3,75.0,5.8,observed,False,2.5,1,light
2025-03-05 18:00:00,22.9,0.3,66.0,4.8,observed,False,1.6,1,light
2025-03-05 19:00:00,20.1,16.1,75.0,5.3,observed,False,17.700000000000003,1,heavy
2025-03-05 20:00:00,21.8,0.0,61.0,16.9,observed,False,16.400000000000002,0,none
2025-03-05 21:00:00,17.5,1.3,90.0,5.0,observed,False,17.400000000000002,1,light
2025-03-05 22:00:00,16.3,12.8,80.0,5.9,observed,False,14.100000000000001,1,heavy
2025-03-05 23:00:00,17.2,0.0,69.0,5.7,observed,False,14.100000000000001,0,none
2025-03-06 00:00:00,13.9,0.0,78.0,13.1,observed,False,12.8,0,none
2025-03-06 01:00:00,14.1,0.0,77.0,13.2,observed,False,0.0,0,none
2025-03-06 02:00:00,12.7,0.0,77.0,9.9,observed,False,0.0,0,none
2025-03-06 03:00:00,11.9,0.0,91.0,15.4,observed,False,0.0,0,none
2025-03-06 04:00:00,12.3,0.0,87.0,9.6,observed,False,0.0,0,none
2025-03-06 05:00:00,13.1,0.0,88.0,11.6,observed,False,0.0,0,none
2025-03-06 06:00:00,14.3,0.0,80.0,7.3,observed,False,0.0,0,none
2025-03-06 07:00:00,14.4,0.0,75.0,11.3,observed,False,0.0,0,none
2025-03-06 08:00:00,16.1,0.0,79.0,6.5,observed,False,0.0,0,none
2025-03-06 09:00:00,17.6,0.0,65.0,17.9,observed,False,0.0,0,none
2025-03-06 10:00:00,19.3,0.0,63.0,12.6,observed,False,0.0,0,none
2025-03-06 11:00:00,20.55,0.5,62.0,9.6,observed,True,0.5,1,light
2025-03-06 12:00:00,21.8,0.0,56.0,5.3,observed,False,0.5,0,none
2025-03-06 13:00:00,22.2,0.0,61.0,15.1,observed,False,0.5,0,none
2025-03-06 14:00:00,23.6,0.0,58.0,10.3,observed,False,0.0,0,none
2025-03-06 15:00:00,23.0,0.0,57.0,7.7,observed,False,0.0,0,none
2025-03-06 16:00:00,24.0,0.0,54.0,19.1,observed,False,0.0,0,none
2025-03-06 17:00:00,22.9,0.0,49.0,14.0,observed,False,0.0,0,none
2025-03-06 18:00:00,21.5,0.0,64.0,14.9,observed,False,0.0,0,none
2025-03-06 19:00:00,17.8,5.3,92.0,3.6,observed,False,5.3,1,moderate
2025-03-06 20:00:00,19.4,0.0,67.0,9.8,observed,False,5.3,0,none
2025-03-06 21:00:00,17.8,0.0,69.0,7.3,observed,False,5.3,0,none
2025-03-06 22:00:00,16.3,0.0,72.0,17.3,observed,False,0.0,0,none
2025-03-06 23:00:00,15.8,0.0,77.0,11.4,observed,False,0.0,0,none
2025-03-07 00:00:00,13.3,0.0,83.0,9.9,observed,False,0.0,0,none
2025-03-07 01:00:00,13.1,0.0,93.0,12.7,observed,False,0.0,0,none
2025-03-07 02:00:00,12.7,0.0,91.0,7.7,observed,False,0.0,0,none
2025-03-07 03:00:00,11.4,0.0,86.0,16.9,observed,False,0.0,0,none
2025-03-07 04:00:00,11.7,0.0,86.0,11.3,observed,False,0.0,0,none
2025-03-07 05:00:00,12.1,0.0,77.0,9.5,observed,False,0.0,0,none
2025-03-07 06:00:00,12.8,0.0,85.0,11.5,observed,False,0.0,0,none
2025-03-07 07:00:00,15.5,0.0,67.0,11.4,observed,False,0.0,0,none
2025-03-07 08:00:00,15.5,0.0,78.0,11.8,observed,False,0.0,0,none
2025-03-07 09:00:00,17.4,0.0,66.0,7.8,observed,False,0.0,0,none
2025-03-07 10:00:00,19.1,0.0,60.0,11.3,observed,False,0.0,0,none
2025-03-07 11:00:00,19.8,0.0,70.0,11.7,observed,False,0.0,0,none
2025-03-07 12:00:00,22.7,0.0,53.0,9.2,observed,False,0.0,0,none
2025-03-07 13:00:00,22.2,0.0,57.0,12.2,observed,False,0.0,0,none
2025-03-07 14:00:00,21.5,0.0,62.0,10.8,observed,False,0.0,0,none
2025-03-07 15:00:00,23.2,0.0,51.0,17.7,observed,False,0.0,0,none
2025-03-07 16:00:00,23.1,0.0,53.0,4.6,observed,False,0.0,0,none
2025-03-07 17:00:00,21.85,0.0,56.5,8.149999999999999,observed,True,0.0,0,none
2025-03-07 18:00:00,20.6,0.0,60.0,11.7,observed,False,0.0,0,none
2025-03-07 19:00:00,20.0,0.0,66.0,15.4,observed,False,0.0,0,none
2025-03-07 20:00:00,18.5,0.0,73.0,8.8,observed,False,0.0,0,none
2025-03-07 21:00:00,17.6,0.0,71.0,9.9,observed,False,0.0,0,none
2025-03-07 22:00:00,16.2,0.0,71.0,5.4,observed,False,0.0,0,none
2025-03-07 23:00:00,14.4,0.0,79.0,9.6,observed,False,0.0,0,none
2025-03-08 00:00:00,14.9,0.0,79.0,7.6,observed,False,0.0,0,none
2025-03-08 01:00:00,14.2,0.0,82.0,6.6,observed,False,0.0,0,none
2025-03-08 02:00:00,13.6,0.0,73.0,10.8,observed,False,0.0,0,none
2025-03-08 03:00:00,12.0,0.0,80.0,10.4,observed,False,0.0,0,none
2025-03-08 04:00:00,13.0,0.0,80.0,12.3,observed,False,0.0,0,none
2025-03-08 05:00:00,14.8,0.0,80.0,17.2,observed,False,0.0,0,none
2025-03-08 06:00:00,14.7,0.0,73.0,6.8,observed,False,0.0,0,none
2025-03-08 07:00:00,16.0,0.0,75.0,8.8,observed,False,0.0,0,none
2025-03-08 08:00:00,17.3,0.0,65.0,9.1,observed,False,0.0,0,none
2025-03-08 09:00:00,19.0,0.0,65.0,6.0,observed,False,0.0,0,none
2025-03-08 10:00:00,20.2,0.0,61.0,6.3,observed,True,0.0,0,none
2025-03-08 11:00:00,20.6,0.2,54.0,12.9,observed,False,0.2,1,light
2025-03-08 12:00:00,22.6,0.0,67.0,11.7,observed,False,0.2,0,none
2025-03-08 13:00:00,23.9,0.0,61.0,15.5,observed,False,0.2,0,none
2025-03-08 14:00:00,21.9,1.4,78.0,8.4,observed,False,1.4,1,light
2025-03-08 15:00:00,22.9,0.0,58.0,20.1,observed,True,1.4,0,none
2025-03-08 16:00:00,23.9,0.3,65.0,10.1,observed,False,1.7,1,light
2025-03-08 17:00:00,24.05,0.0,66.0,8.3,observed,False,0.3,0,none
2025-03-08 18:00:00,23.4,0.0,62.0,16.1,observed,False,0.3,0,none
2025-03-08 19:00:00,21.5,0.0,65.0,11.3,observed,False,0.0,0,none
2025-03-08 20:00:00,19.8,0.0,70.0,9.3,observed,False,0.0,0,none
2025-03-08 21:00:00,18.1,0.0,71.0,10.6,observed,False,0.0,0,none
2025-03-08 22:00:00,17.8,0.0,74.0,14.9,observed,False,0.0,0,none
2025-03-08 23:00:00,15.9,0.0,76.0,11.6,observed,False,0.0,0,none
2025-03-09 00:00:00,13.0,0.0,80.0,14.7,observed,False,0.0,0,none
2025-03-09 01:00:00,13.3,0.0,85.0,10.0,observed,False,0.0,0,none
2025-03-09 02:00:00,11.9,0.0,90.0,12.9,observed,False,0.0,0,none
2025-03-09 03:00:00,13.0,0.0,82.0,7.3,observed,False,0.0,0,none
2025-03-09 04:00:00,11.9,0.0,84.0,12.3,observed,False,0.0,0,none
2025-03-09 05:00:00,13.4,0.0,85.0,15.0,observed,False,0.0,0,none
2025-03-09 06:00:00,13.9,0.0,77.0,8.7,observed,False,0.0,0,none
2025-03-09 07:00:00,15.8,0.0,73.0,18.5,observed,False,0.0,0,none
2025-03-09 08:00:00,15.8,0.0,67.0,14.9,observed,False,0.0,0,none
2025-03-09 09:00:00,17.0,0.0,76.0,9.0,observed,False,0.0,0,none
2025-03-09 10:00:00,19.3,0.0,70.0,6.1,observed,False,0.0,0,none
2025-03-09 11:00:00,20.6,0.0,69.0,8.0,observed,False,0.0,0,none
2025-03-09 12:00:00,21.8,0.0,64.0,7.5,observed,False,0.0,0,none
2025-03-09 13:00:00,23.0,0.0,57.0,15.8,observed,False,0.0,0,none
2025-03-09 14:00:00,22.3,0.0,59.0,8.9,observed,False,0.0,0,none
2025-03-09 15:00:00,23.3,0.0,53.0,11.0,observed,False,0.0,0,none
2025-03-09 16:00:00,23.6,0.0,54.0,4.1,observed,False,0.0,0,none
2025-03-09 17:00:00,21.7,0.0,54.0,12.4,observed,False,0.0,0,none
2025-03-09 18:00:00,22.7,0.0,63.0,5.1,observed,False,0.0,0,none
2025-03-09 19:00:00,20.3,0.0,59.0,9.9,observed,False,0.0,0,none
2025-03-09 20:00:00,19.4,0.0,72.0,9.4,observed,False,0.0,0,none
2025-03-09 21:00:00,16.8,0.0,78.0,5.3,observed,False,0.0,0,none
2025-03-09 22:00:00,16.25,0.0,77.0,13.0,observed,False,0.0,0,none
2025-03-09 23:00:00,15.6,0.0,78.0,18.9,observed,False,0.0,0,none
2025-03-10 00:00:00,14.6,0.0,74.0,9.9,observed,False,0.0,0,none
2025-03-10 01:00:00,14.8,0.0,89.0,17.9,observed,False,0.0,0,none
2025-03-10 02:00:00,13.3,0.0,84.0,12.7,observed,False,0.0,0,none
2025-03-10 03:00:00,13.7,0.0,80.0,6.8,observed,False,0.0,0,none
2025-03-10 04:00:00,13.6,0.0,78.0,9.8,observed,True,0.0,0,none
2025-03-10 05:00:00,13.9,0.0,77.0,12.1,observed,False,0.0,0,none
2025-03-10 06:00:00,14.8,0.0,81.0,8.1,observed,False,0.0,0,none
2025-03-10 07:00:00,16.0,0.0,74.0,5.4,observed,False,0.0,0,none
2025-03-10 08:00:00,17.2,0.0,74.0,13.0,observed,False,0.0,0,none
2025-03-10 09:00:00,18.8,0.0,67.0,7.8,observed,False,0.0,0,none
2025-03-10 10:00:00,20.5,0.0,67.0,19.7,observed,False,0.0,0,none
2025-03-10 11:00:00,21.4,0.0,70.0,11.9,observed,False,0.0,0,none
2025-03-10 12:00:00,22.4,0.0,62.0,6.0,observed,False,0.0,0,none
2025-03-10 13:00:00,23.3,0.0,64.0,8.4,observed,False,0.0,0,none
2025-03-10 14:00:00,25.3,0.0,56.0,11.7,observed,False,0.0,0,none
2025-03-10 15:00:00,24.2,0.0,57.0,11.1,observed,False,0.0,0,none
2025-03-10 16:00:00,23.1,0.0,61.0,11.4,observed,False,0.0,0,none
2025-03-10 17:00:00,24.0,0.0,61.0,15.3,observed,False,0.0,0,none
2025-03-10 18:00:00,23.3,0.0,62.0,8.6,observed,False,0.0,0,none
2025-03-10 19:00:00,22.1,0.0,53.0,7.0,observed,False,0.0,0,none
2025-03-10 20:00:00,20.6,0.0,68.0,8.3,observed,False,0.0,0,none
2025-03-10 21:00:00,19.8,0.0,67.0,12.7,observed,False,0.0,0,none
2025-03-10 22:00:00,17.9,0.0,66.0,18.5,observed,False,0.0,0,none
2025-03-10 23:00:00,16.1,0.0,70.0,6.7,observed,False,0.0,0,none
2025-03-11 00:00:00,14.2,0.0,76.0,7.5,observed,False,0.0,0,none
2025-03-11 01:00:00,14.0,0.0,82.5,8.4,observed,False,0.0,0,none
2025-03-11 02:00:00,13.4,0.0,89.0,7.1,observed,False,0.0,0,none
2025-03-11 03:00:00,12.2,0.0,78.0,15.8,observed,False,0.0,0,none
2025-03-11 04:00:00,12.4,0.0,84.0,8.3,observed,False,0.0,0,none
2025-03-11 05:00:00,13.7,0.0,73.0,17.6,observed,False,0.0,0,none
2025-03-11 06:00:00,14.6,0.0,76.0,14.5,observed,False,0.0,0,none
2025-03-11 07:00:00,16.0,0.0,78.0,8.8,observed,False,0.0,0,none
2025-03-11 08:00:00,16.9,0.0,79.0,14.4,observed,False,0.0,0,none
2025-03-11 09:00:00,18.9,0.0,79.0,11.7,observed,False,0.0,0,none
2025-03-11 10:00:00,19.5,0.0,65.0,12.6,observed,False,0.0,0,none
2025-03-11 11:00:00,21.0,0.0,66.0,16.1,observed,False,0.0,0,none
2025-03-11 12:00:00,22.1,0.0,64.0,11.4,observed,False,0.0,0,none
2025-03-11 13:00:00,23.0,0.0,56.0,11.3,observed,False,0.0,0,none
2025-03-11 14:00:00,23.4,0.0,59.0,9.9,observed,False,0.0,0,none
2025-03-11 15:00:00,23.9,0.0,55.0,11.2,observed,False,0.0,0,none
2025-03-11 16:00:00,23.7,0.0,60.0,12.0,observed,False,0.0,0,none
2025-03-11 17:00:00,23.1,0.0,62.0,15.4,observed,False,0.0,0,none
2025-03-11 18:00:00,21.9,0.0,53.0,14.1,observed,False,0.0,0,none
2025-03-11 19:00:00,20.5,0.0,63.0,14.0,observed,False,0.0,0,none
2025-03-11 20:00:00,19.7,0.0,65.0,17.4,observed,False,0.0,0,none
2025-03-11 21:00:00,18.0,0.0,64.0,12.4,observed,False,0.0,0,none
2025-03-11 22:00:00,16.6,0.0,85.0,16.4,observed,False,0.0,0,none
2025-03-11 23:00:00,16.5,0.0,76.0,5.1,observed,False,0.0,0,none
2025-03-12 00:00:00,14.1,0.0,74.0,6.4,observed,False,0.0,0,none
2025-03-12 01:00:00,13.4,0.0,77.0,5.6,observed,False,0.0,0,none
2025-03-12 02:00:00,12.2,0.0,79.0,4.6,observed,False,0.0,0,none
2025-03-12 03:00:00,12.2,0.0,81.5,4.6,observed,True,0.0,0,none
2025-03-12 04:00:00,12.2,0.0,84.0,4.6,observed,False,0.0,0,none
2025-03-12 05:00:00,13.1,0.0,79.0,8.3,observed,False,0.0,0,none
2025-03-12 06:00:00,13.2,0.0,77.0,10.9,observed,False,0.0,0,none
2025-03-12 07:00:00,15.0,0.0,72.0,5.7,observed,False,0.0,0,none
2025-03-12 08:00:00,16.6,0.0,82.0,6.4,observed,False,0.0,0,none
2025-03-12 09:00:00,18.9,0.0,67.0,9.2,observed,False,0.0,0,none
2025-03-12 10:00:00,18.8,0.0,64.0,8.7,observed,False,0.0,0,none
2025-03-12 11:00:00,21.2,0.0,61.0,6.6,observed,False,0.0,0,none
2025-03-12 12:00:00,22.1,0.0,56.0,9.6,observed,False,0.0,0,none
2025-03-12 13:00:00,23.0,0.0,60.0,8.9,observed,False,0.0,0,none
2025-03-12 14:00:00,23.45,0.0,55.0,10.65,observed,True,0.0,0,none
2025-03-12 15:00:00,23.9,0.0,50.0,12.4,observed,False,0.0,0,none
2025-03-12 16:00:00,22.9,0.0,65.0,15.7,observed,False,0.0,0,none
2025-03-12 17:00:00,22.9,0.0,53.0,17.3,observed,False,0.0,0,none
2025-03-12 18:00:00,22.5,0.0,61.0,8.7,observed,False,0.0,0,none
2025-03-12 19:00:00,20.4,0.0,65.0,5.6,observed,False,0.0,0,none
2025-03-12 20:00:00,19.0,0.0,74.0,21.1,observed,False,0.0,0,none
2025-03-12 21:00:00,18.05,0.0,67.0,9.5,observed,True,0.0,0,none
2025-03-12 22:00:00,17.1,0.0,68.0,13.5,observed,False,0.0,0,none
2025-03-12 23:00:00,14.4,0.0,85.0,16.3,observed,False,0.0,0,none
2025-03-13 00:00:00,13.4,0.0,77.0,12.0,observed,False,0.0,0,none
2025-03-13 01:00:00,13.5,0.0,73.0,16.3,observed,False,0.0,0,none
2025-03-13 02:00:00,12.3,0.0,82.0,3.3,observed,False,0.0,0,none
2025-03-13 03:00:00,12.2,0.0,95.0,6.8,observed,False,0.0,0,none
2025-03-13 04:00:00,12.5,0.0,82.0,13.7,observed,False,0.0,0,none
2025-03-13 05:00:00,14.0,0.0,82.0,16.1,observed,False,0.0,0,none
2025-03-13 06:00:00,13.7,0.0,80.0,16.0,observed,False,0.0,0,none
2025-03-13 07:00:00,15.4,0.0,74.0,18.8,observed,False,0.0,0,none
2025-03-13 08:00:00,16.0,0.0,76.0,16.3,observed,False,0.0,0,none
2025-03-13 09:00:00,17.0,0.0,67.0,10.7,observed,False,0.0,0,none
2025-03-13 10:00:00,18.8,0.0,67.0,14.1,observed,False,0.0,0,none
2025-03-13 11:00:00,21.2,0.0,63.0,8.8,observed,False,0.0,0,none
2025-03-13 12:00:00,21.8,0.0,68.0,23.5,observed,False,0.0,0,none
2025-03-13 13:00:00,23.1,0.3,47.0,11.5,observed,False,0.3,1,light
2025-03-13 14:00:00,21.7,4.6,82.0,13.9,observed,False,4.8999999999999995,1,moderate
2025-03-13 15:00:00,23.0,0.0,57.0,6.7,observed,False,4.8999999999999995,0,none
2025-03-13 16:00:00,23.2,0.3,52.0,6.5,observed,False,4.8999999999999995,1,light
2025-03-13 17:00:00,20.0,2.1,84.0,12.6,observed,False,2.4,1,light
2025-03-13 18:00:00,19.0,6.3,79.0,11.2,observed,False,8.7,1,moderate
2025-03-13 19:00:00,20.9,0.2,58.0,13.4,observed,False,8.6,1,light
2025-03-13 20:00:00,17.5,9.5,85.0,13.1,observed,False,16.0,1,heavy
2025-03-13 21:00:00,17.1,0.0,60.0,9.6,observed,False,9.700000000000001,0,none
2025-03-13 22:00:00,16.6,0.0,73.0,13.3,observed,False,9.500000000000002,0,none
2025-03-13 23:00:00,14.6,0.0,86.0,11.9,observed,False,0.0,0,none
2025-03-14 00:00:00,14.7,0.0,83.0,12.9,observed,False,0.0,0,none
2025-03-14 01:00:00,13.7,0.0,81.0,8.9,observed,False,0.0,0,none
2025-03-14 02:00:00,13.4,0.0,84.0,13.8,observed,False,0.0,0,none
2025-03-14 03:00:00,13.4,0.0,79.0,9.4,observed,False,0.0,0,none
2025-03-14 04:00:00,12.8,0.0,85.0,13.8,observed,False,0.0,0,none
2025-03-14 05:00:00,13.9,0.0,74.0,6.8,observed,False,0.0,0,none
2025-03-14 06:00:00,13.8,0.0,80.0,10.9,observed,False,0.0,0,none
2025-03-14 07:00:00,15.2,0.0,78.0,12.8,observed,False,0.0,0,none
2025-03-14 08:00:00,17.3,0.0,73.0,10.1,observed,False,0.0,0,none
2025-03-14 09:00:00,18.2,0.0,63.0,15.9,observed,False,0.0,0,none
2025-03-14 10:00:00,19.6,0.0,67.0,8.4,observed,False,0.0,0,none
2025-03-14 11:00:00,21.4,0.0,54.0,12.4,observed,False,0.0,0,none
2025-03-14 12:00:00,21.8,0.0,60.0,9.0,observed,False,0.0,0,none
2025-03-14 13:00:00,23.5,0.0,56.0,10.3,observed,False,0.0,0,none
2025-03-14 14:00:00,24.1,0.0,57.0,5.9,observed,False,0.0,0,none
2025-03-14 15:00:00,22.8,0.0,55.5,8.9,observed,False,0.0,0,none
2025-03-14 16:00:00,22.7,0.0,54.0,7.6,observed,False,0.0,0,none
2025-03-14 17:00:00,23.2,0.0,55.0,13.4,observed,False,0.0,0,none
2025-03-14 18:00:00,21.8,0.0,67.0,5.4,observed,False,0.0,0,none
2025-03-14 19:00:00,21.8,0.0,56.0,8.7,observed,False,0.0,0,none
2025-03-14 20:00:00,18.6,0.0,72.0,7.8,observed,False,0.0,0,none
2025-03-14 21:00:00,18.0,0.0,66.0,13.2,observed,False,0.0,0,none
2025-03-14 22:00:00,16.6,0.0,73.0,15.6,observed,False,0.0,0,none
2025-03-14 23:00:00,14.6,0.0,76.0,9.8,observed,False,0.0,0,none
2025-03-15 00:00:00,13.6,0.0,81.0,8.5,observed,False,0.0,0,none
2025-03-15 01:00:00,13.0,0.0,78.0,16.7,observed,False,0.0,0,none
2025-03-15 02:00:00,12.6,0.0,84.0,6.6,observed,False,0.0,0,none
2025-03-15 03:00:00,12.0,0.0,82.0,17.2,observed,False,0.0,0,none
2025-03-15 04:00:00,13.1,0.0,84.0,7.8,observed,False,0.0,0,none
2025-03-15 05:00:00,13.3,0.0,86.0,7.6,observed,False,0.0,0,none
2025-03-15 06:00:00,13.8,0.0,77.0,8.8,observed,False,0.0,0,none
2025-03-15 07:00:00,14.9,0.0,68.0,9.1,observed,False,0.0,0,none
2025-03-15 08:00:00,17.3,0.0,71.0,11.6,observed,False,0.0,0,none
2025-03-15 09:00:00,18.2,0.0,75.0,12.6,observed,False,0.0,0,none
2025-03-15 10:00:00,19.1,0.0,66.0,6.8,observed,False,0.0,0,none
2025-03-15 11:00:00,20.7,0.0,63.0,16.1,observed,False,0.0,0,none
2025-03-15 12:00:00,22.4,0.0,62.0,10.6,observed,False,0.0,0,none
2025-03-15 13:00:00,22.0,0.0,67.0,16.1,observed,False,0.0,0,none
2025-03-15 14:00:00,20.2,5.6,79.0,10.0,observed,False,5.600000000000001,1,moderate
2025-03-15 15:00:00,23.6,0.1,61.0,11.6,observed,False,5.700000000000001,1,light
2025-03-15 16:00:00,20.4,1.7,81.0,10.6,observed,False,7.400000000000001,1,light
2025-03-15 17:00:00,20.9,1.1,73.0,10.0,observed,False,2.900000000000002,1,light
2025-03-15 18:00:00,21.9,0.0,60.0,6.7,observed,False,2.8000000000000016,0,none
2025-03-15 19:00:00,20.9,0.0,67.0,10.9,observed,False,1.1000000000000019,0,none
2025-03-15 20:00:00,17.3,3.6,83.0,8.8,observed,False,3.600000000000002,1,moderate
2025-03-15 21:00:00,15.6,0.6,88.0,21.9,observed,False,4.200000000000002,1,light
2025-03-15 22:00:00,15.8,0.0,81.0,8.5,observed,False,4.200000000000002,0,none
2025-03-15 23:00:00,15.2,0.0,87.0,16.2,observed,False,0.6000000000000018,0,none
2025-03-16 00:00:00,15.8,0.0,68.0,20.0,observed,False,0.0,0,none
2025-03-16 01:00:00,14.2,0.0,81.0,9.3,observed,False,0.0,0,none
2025-03-16 02:00:00,12.95,0.0,90.0,10.9,observed,False,0.0,0,none
2025-03-16 03:00:00,14.3,0.0,73.0,11.5,observed,False,0.0,0,none
2025-03-16 04:00:00,13.8,0.0,87.0,15.3,observed,False,0.0,0,none
2025-03-16 05:00:00,14.8,0.0,76.0,12.1,observed,False,0.0,0,none
2025-03-16 06:00:00,14.8,0.0,75.0,7.5,observed,False,0.0,0,none
2025-03-16 07:00:00,16.5,0.0,65.0,8.2,observed,False,0.0,0,none
2025-03-16 08:00:00,18.5,0.0,72.0,8.8,observed,False,0.0,0,none
2025-03-16 09:00:00,19.0,0.0,65.0,7.4,observed,False,0.0,0,none
2025-03-16 10:00:00,20.6,0.0,62.0,10.0,observed,False,0.0,0,none
2025-03-16 11:00:00,22.1,0.0,62.0,6.6,observed,False,0.0,0,none
2025-03-16 12:00:00,22.9,0.0,56.0,12.3,observed,False,0.0,0,none
2025-03-16 13:00:00,24.3,0.0,55.0,10.6,observed,False,0.0,0,none
2025-03-16 14:00:00,24.4,0.0,51.0,4.9,observed,False,0.0,0,none
2025-03-16 15:00:00,24.8,0.0,55.0,13.0,observed,False,0.0,0,none
2025-03-16 16:00:00,24.8,0.0,53.0,8.8,observed,False,0.0,0,none
2025-03-16 17:00:00,24.200000000000003,0.0,53.0,8.700000000000001,observed,True,0.0,0,none
2025-03-16 18:00:00,23.6,0.0,53.0,8.6,observed,False,0.0,0,none
2025-03-16 19:00:00,21.6,0.0,60.0,12.4,observed,False,0.0,0,none
2025-03-16 20:00:00,20.7,0.0,64.0,4.8,observed,False,0.0,0,none
2025-03-16 21:00:00,20.3,0.0,64.0,12.0,observed,False,0.0,0,none
2025-03-16 22:00:00,19.1,0.0,72.0,10.9,observed,False,0.0,0,none
2025-03-16 23:00:00,16.8,0.0,75.0,13.8,observed,False,0.0,0,none
2025-03-17 00:00:00,15.4,0.0,78.66666666666667,15.4,observed,False,0.0,0,none
2025-03-17 01:00:00,14.0,0.0,82.33333333333333,14.700000000000001,observed,True,0.0,0,none
2025-03-17 02:00:00,12.6,0.0,86.0,14.0,observed,False,0.0,0,none
2025-03-17 03:00:00,13.5,0.0,78.0,4.5,observed,False,0.0,0,none
2025-03-17 04:00:00,13.9,0.0,80.0,14.7,observed,False,0.0,0,none
2025-03-17 05:00:00,13.9,0.0,73.0,5.0,observed,False,0.0,0,none
2025-03-17 06:00:00,15.6,0.0,75.0,5.8,observed,False,0.0,0,none
2025-03-17 07:00:00,16.9,0.0,80.0,7.8,observed,False,0.0,0,none
2025-03-17 08:00:00,17.2,0.0,76.0,5.0,observed,False,0.0,0,none
2025-03-17 09:00:00,18.3,0.0,68.0,3.8,observed,False,0.0,0,none
2025-03-17 10:00:00,19.7,0.0,67.0,6.4,observed,False,0.0,0,none
2025-03-17 11:00:00,21.3,0.0,55.0,7.1,observed,False,0.0,0,none
2025-03-17 12:00:00,23.2,0.0,56.0,11.8,observed,False,0.0,0,none
2025-03-17 13:00:00,23.2,0.0,53.5,14.3,observed,False,0.0,0,none
2025-03-17 14:00:00,24.8,0.0,51.0,6.0,observed,False,0.0,0,none
2025-03-17 15:00:00,25.2,0.0,40.0,7.1,observed,False,0.0,0,none
2025-03-17 16:00:00,24.0,0.0,58.0,13.1,observed,False,0.0,0,none
2025-03-17 17:00:00,24.2,0.0,45.0,15.9,observed,False,0.0,0,none
2025-03-17 18:00:00,22.6,0.0,61.0,16.6,observed,False,0.0,0,none
2025-03-17 19:00:00,21.1,0.0,61.0,10.0,observed,False,0.0,0,none
2025-03-17 20:00:00,20.0,0.0,64.0,9.6,observed,False,0.0,0,none
2025-03-17 21:00:00,18.9,0.0,66.0,9.4,observed,False,0.0,0,none
2025-03-17 22:00:00,16.8,0.0,73.0,7.0,observed,False,0.0,0,none
2025-03-17 23:00:00,16.5,0.0,69.0,13.5,observed,False,0.0,0,none
2025-03-18 00:00:00,16.5,0.0,71.0,9.1,observed,False,0.0,0,none
2025-03-18 01:00:00,14.9,0.0,79.0,5.2,observed,False,0.0,0,none
2025-03-18 02:00:00,14.4,0.0,70.0,8.8,observed,False,0.0,0,none
2025-03-18 03:00:00,14.2,0.0,80.0,8.7,observed,False,0.0,0,none
2025-03-18 04:00:00,14.8,0.0,78.0,11.2,observed,True,0.0,0,none
2025-03-18 05:00:00,15.2,0.0,81.5,12.1,observed,False,0.0,0,none
2025-03-18 06:00:00,16.1,0.0,85.0,6.8,observed,False,0.0,0,none
2025-03-18 07:00:00,16.5,0.0,78.0,5.5,observed,False,0.0,0,none
2025-03-18 08:00:00,18.9,0.0,61.0,9.2,observed,False,0.0,0,none
2025-03-18 09:00:00,20.4,0.0,66.0,8.8,observed,False,0.0,0,none
2025-03-18 10:00:00,20.7,0.0,59.0,6.7,observed,False,0.0,0,none
2025-03-18 11:00:00,23.4,0.0,58.0,10.4,observed,False,0.0,0,none
2025-03-18 12:00:00,23.7,0.0,62.0,7.3,observed,False,0.0,0,none
2025-03-18 13:00:00,23.6,0.0,65.0,8.3,observed,False,0.0,0,none
2025-03-18 14:00:00,25.7,0.0,51.0,13.5,observed,False,0.0,0,none
2025-03-18 15:00:00,25.5,0.0,52.0,12.2,observed,False,0.0,0,none
2025-03-18 16:00:00,25.7,0.0,51.0,6.3,observed,False,0.0,0,none
2025-03-18 17:00:00,25.3,0.0,53.0,9.8,observed,False,0.0,0,none
2025-03-18 18:00:00,23.7,0.0,60.0,9.1,observed,False,0.0,0,none
2025-03-18 19:00:00,22.75,0.0,61.0,8.2,observed,True,0.0,0,none
2025-03-18 20:00:00,21.8,0.0,62.0,7.3,observed,False,0.0,0,none
2025-03-18 21:00:00,19.5,0.0,67.0,8.4,observed,False,0.0,0,none
2025-03-18 22:00:00,18.2,0.0,65.0,11.6,observed,False,0.0,0,none
2025-03-18 23:00:00,16.5,0.0,65.0,10.0,observed,False,0.0,0,none
2025-03-19 00:00:00,17.1,0.0,69.0,10.6,observed,False,0.0,0,none
2025-03-19 01:00:00,15.4,0.0,72.0,9.5,observed,False,0.0,0,none
2025-03-19 02:00:00,16.0,0.0,75.0,12.6,observed,False,0.0,0,none
2025-03-19 03:00:00,15.3,0.0,78.0,14.8,observed,False,0.0,0,none
2025-03-19 04:00:00,15.8,0.0,69.0,18.1,observed,False,0.0,0,none
2025-03-19 05:00:00,15.6,0.0,76.0,15.6,observed,False,0.0,0,none
2025-03-19 06:00:00,16.7,0.0,73.0,9.2,observed,False,0.0,0,none
2025-03-19 07:00:00,18.3,0.0,65.0,5.4,observed,False,0.0,0,none
2025-03-19 08:00:00,18.8,0.0,57.0,14.5,observed,False,0.0,0,none
2025-03-19 09:00:00,20.2,0.0,64.0,8.8,observed,False,0.0,0,none
2025-03-19 10:00:00,21.5,0.0,57.0,19.3,observed,False,0.0,0,none
2025-03-19 11:00:00,24.0,0.0,44.0,6.3,observed,False,0.0,0,none
2025-03-19 12:00:00,23.5,0.0,50.0,12.3,observed,False,0.0,0,none
2025-03-19 13:00:00,25.5,0.0,47.0,6.3,observed,False,0.0,0,none
2025-03-19 14:00:00,25.6,0.0,42.0,15.5,observed,False,0.0,0,none
2025-03-19 15:00:00,25.5,0.0,53.0,12.4,observed,False,0.0,0,none
2025-03-19 16:00:00,25.4,0.0,58.0,6.9,observed,False,0.0,0,none
2025-03-19 17:00:00,25.5,0.0,63.0,11.3,observed,False,0.0,0,none
2025-03-19 18:00:00,24.1,0.0,56.0,5.8,observed,False,0.0,0,none
2025-03-19 19:00:00,23.2,0.0,57.0,9.8,observed,False,0.0,0,none
2025-03-19 20:00:00,22.6,0.0,64.0,11.6,observed,False,0.0,0,none
2025-03-19 21:00:00,20.0,0.0,54.0,11.5,observed,False,0.0,0,none
2025-03-19 22:00:00,18.8,0.0,62.0,12.0,observed,False,0.0,0,none
2025-03-19 23:00:00,17.0,0.0,71.0,6.7,observed,False,0.0,0,none
2025-03-20 00:00:00,15.8,0.0,73.0,10.6,observed,False,0.0,0,none
2025-03-20 01:00:00,15.6,0.0,73.0,16.1,observed,False,0.0,0,none
2025-03-20 02:00:00,15.4,0.0,73.0,11.3,observed,False,0.0,0,none
2025-03-20 03:00:00,14.2,0.0,86.0,5.7,observed,False,0.0,0,none
2025-03-20 04:00:00,14.3,0.0,78.0,10.1,observed,False,0.0,0,none
2025-03-20 05:00:00,14.4,0.0,76.0,6.5,observed,False,0.0,0,none
2025-03-20 06:00:00,15.1,0.0,72.0,9.8,observed,False,0.0,0,none
2025-03-20 07:00:00,17.3,0.0,71.0,13.3,observed,False,0.0,0,none
2025-03-20 08:00:00,18.6,0.0,66.0,12.9,observed,False,0.0,0,none
2025-03-20 09:00:00,19.5,0.0,63.0,13.6,observed,False,0.0,0,none
2025-03-20 10:00:00,21.1,0.0,70.0,13.7,observed,False,0.0,0,none
2025-03-20 11:00:00,23.0,0.0,56.0,13.0,observed,False,0.0,0,none
2025-03-20 12:00:00,23.7,0.0,57.0,12.0,observed,False,0.0,0,none
2025-03-20 13:00:00,24.4,0.0,51.0,13.4,observed,False,0.0,0,none
2025-03-20 14:00:00,25.0,0.0,56.0,15.7,observed,False,0.0,0,none
2025-03-20 15:00:00,25.2,0.0,47.0,6.3,observed,False,0.0,0,none
2025-03-20 16:00:00,25.1,0.0,51.0,14.5,observed,False,0.0,0,none
2025-03-20 17:00:00,24.2,0.0,57.0,10.8,observed,False,0.0,0,none
2025-03-20 18:00:00,24.1,0.0,61.0,9.6,observed,False,0.0,0,none
2025-03-20 19:00:00,22.7,0.0,54.0,12.6,observed,False,0.0,0,none
2025-03-20 20:00:00,21.3,0.0,65.0,20.3,observed,False,0.0,0,none
2025-03-20 21:00:00,18.7,0.0,66.0,11.8,observed,False,0.0,0,none
2025-03-20 22:00:00,18.8,0.0,59.0,9.0,observed,False,0.0,0,none
2025-03-20 23:00:00,17.0,0.0,70.0,14.4,observed,False,0.0,0,none
2025-03-21 00:00:00,17.2,0.0,70.0,5.5,observed,False,0.0,0,none
2025-03-21 01:00:00,16.3,0.0,63.0,13.4,observed,False,0.0,0,none
2025-03-21 02:00:00,15.5,0.0,67.0,23.3,observed,False,0.0,0,none
2025-03-21 03:00:00,15.2,0.0,76.0,10.7,observed,False,0.0,0,none
2025-03-21 04:00:00,15.3,0.0,86.0,8.8,observed,False,0.0,0,none
2025-03-21 05:00:00,16.4,0.0,75.0,6.1,observed,False,0.0,0,none
2025-03-21 06:00:00,16.2,0.0,69.5,5.9,observed,False,0.0,0,none
2025-03-21 07:00:00,19.0,0.0,64.0,6.6,observed,False,0.0,0,none
2025-03-21 08:00:00,19.3,0.0,55.0,10.7,observed,False,0.0,0,none
2025-03-21 09:00:00,21.0,0.0,61.0,6.3,observed,False,0.0,0,none
2025-03-21 10:00:00,22.0,0.0,60.0,9.0,observed,False,0.0,0,none
2025-03-21 11:00:00,23.0,0.0,62.0,6.8,observed,False,0.0,0,none
2025-03-21 12:00:00,24.5,0.0,53.0,11.3,observed,False,0.0,0,none
2025-03-21 13:00:00,25.4,0.0,52.0,6.7,observed,False,0.0,0,none
2025-03-21 14:00:00,25.9,0.0,50.0,22.0,observed,False,0.0,0,none
2025-03-21 15:00:00,26.5,0.0,48.0,10.3,observed,False,0.0,0,none
2025-03-21 16:00:00,25.8,0.0,50.0,14.1,observed,False,0.0,0,none
2025-03-21 17:00:00,25.0,0.0,58.0,5.4,observed,False,0.0,0,none
2025-03-21 18:00:00,24.7,0.0,51.0,8.2,observed,False,0.0,0,none
2025-03-21 19:00:00,22.6,0.0,63.0,10.7,observed,False,0.0,0,none
2025-03-21 20:00:00,21.8,0.0,57.0,7.8,observed,False,0.0,0,none
2025-03-21 21:00:00,20.6,0.0,69.0,8.7,observed,False,0.0,0,none
2025-03-21 22:00:00,19.1,0.0,68.0,9.6,observed,False,0.0,0,none
2025-03-21 23:00:00,17.7,0.0,66.0,6.3,observed,False,0.0,0,none
2025-03-22 00:00:00,18.6,0.0,66.0,17.5,observed,False,0.0,0,none
2025-03-22 01:00:00,16.8,0.0,77.0,11.6,observed,False,0.0,0,none
2025-03-22 02:00:00,16.7,0.0,64.0,14.9,observed,False,0.0,0,none
2025-03-22 03:00:00,16.7,0.0,68.0,16.4,observed,False,0.0,0,none
2025-03-22 04:00:00,15.8,0.0,79.0,6.0,observed,False,0.0,0,none
2025-03-22 05:00:00,16.3,0.0,77.0,7.8,observed,False,0.0,0,none
2025-03-22 06:00:00,17.2,0.0,69.0,14.8,observed,False,0.0,0,none
2025-03-22 07:00:00,18.8,0.0,60.0,15.3,observed,False,0.0,0,none
2025-03-22 08:00:00,19.4,0.0,65.0,14.0,observed,False,0.0,0,none
2025-03-22 09:00:00,19.98,0.0,64.2,13.1,observed,True,0.0,0,none
2025-03-22 10:00:00,20.56,0.0,63.4,12.2,observed,True,0.0,0,none
2025-03-22 11:00:00,21.14,0.0,62.6,11.3,observed,True,0.0,0,none
2025-03-22 12:00:00,21.72,0.0,61.8,10.4,observed,True,0.0,0,none
2025-03-22 13:00:00,22.3,0.0,61.0,9.5,observed,True,0.0,0,none
2025-03-22 14:00:00,22.88,0.0,60.2,8.6,observed,True,0.0,0,none
2025-03-22 15:00:00,23.46,0.0,59.4,7.699999999999999,observed,True,0.0,0,none
2025-03-22 16:00:00,24.04,0.0,58.6,6.8,observed,True,0.0,0,none
2025-03-22 17:00:00,24.62,0.0,57.8,5.8999999999999995,observed,True,0.0,0,none
2025-03-22 18:00:00,25.2,0.0,57.0,5.0,observed,False,0.0,0,none
2025-03-22 19:00:00,24.3,0.0,60.0,6.3,observed,False,0.0,0,none
2025-03-22 20:00:00,23.6,0.0,50.0,6.5,observed,False,0.0,0,none
2025-03-22 21:00:00,21.4,0.0,57.0,9.8,observed,False,0.0,0,none
2025-03-22 22:00:00,20.6,0.0,63.0,11.9,observed,False,0.0,0,none
2025-03-22 23:00:00,18.7,0.0,68.0,8.9,observed,False,0.0,0,none
2025-03-23 00:00:00,17.5,0.0,64.0,8.3,observed,False,0.0,0,none
2025-03-23 01:00:00,16.3,0.0,76.0,9.4,observed,False,0.0,0,none
2025-03-23 02:00:00,15.5,0.0,80.0,14.5,observed,False,0.0,0,none
2025-03-23 03:00:00,16.1,0.0,71.0,19.8,observed,False,0.0,0,none
2025-03-23 04:00:00,16.5,0.0,74.0,8.6,observed,False,0.0,0,none
2025-03-23 05:00:00,16.2,0.0,73.0,14.8,observed,False,0.0,0,none
2025-03-23 06:00:00,17.8,0.0,67.0,5.4,observed,False,0.0,0,none
2025-03-23 07:00:00,19.1,0.0,69.0,16.4,observed,False,0.0,0,none
2025-03-23 08:00:00,20.5,0.0,64.0,13.1,observed,False,0.0,0,none
2025-03-23 09:00:00,22.1,0.0,59.0,9.9,observed,False,0.0,0,none
2025-03-23 10:00:00,22.6,0.0,59.0,24.0,observed,False,0.0,0,none
2025-03-23 11:00:00,24.5,0.0,57.0,8.9,observed,False,0.0,0,none
2025-03-23 12:00:00,24.5,0.0,60.0,7.3,observed,False,0.0,0,none
2025-03-23 13:00:00,26.1,0.0,52.0,8.9,observed,False,0.0,0,none
2025-03-23 14:00:00,26.7,0.0,47.0,14.0,observed,False,0.0,0,none
2025-03-23 15:00:00,26.549999999999997,0.0,40.0,20.1,observed,True,0.0,0,none
2025-03-23 16:00:00,26.4,0.0,54.0,8.1,observed,False,0.0,0,none
2025-03-23 17:00:00,26.3,0.0,42.0,13.7,observed,False,0.0,0,none
2025-03-23 18:00:00,25.8,0.0,47.0,13.4,observed,False,0.0,0,none
2025-03-23 19:00:00,24.0,0.0,61.0,3.8,observed,False,0.0,0,none
2025-03-23 20:00:00,22.4,0.0,61.0,4.4,observed,False,0.0,0,none
2025-03-23 21:00:00,20.6,0.0,63.0,8.7,observed,False,0.0,0,none
2025-03-23 22:00:00,20.0,0.0,70.0,9.3,observed,False,0.0,0,none
2025-03-23 23:00:00,17.7,0.0,72.0,16.9,observed,False,0.0,0,none
2025-03-24 00:00:00,16.6,0.0,74.0,14.8,observed,False,0.0,0,none
2025-03-24 01:00:00,16.7,0.0,72.0,7.2,observed,False,0.0,0,none
2025-03-24 02:00:00,15.5,0.0,69.0,16.6,observed,False,0.0,0,none
2025-03-24 03:00:00,15.8,0.0,78.0,9.5,observed,False,0.0,0,none
2025-03-24 04:00:00,15.8,0.0,82.0,12.5,observed,True,0.0,0,none
2025-03-24 05:00:00,16.3,0.0,82.0,15.9,observed,False,0.0,0,none
2025-03-24 06:00:00,17.0,0.0,75.0,11.9,observed,True,0.0,0,none
2025-03-24 07:00:00,19.0,0.0,66.0,4.1,observed,False,0.0,0,none
2025-03-24 08:00:00,19.7,0.0,65.0,4.9,observed,False,0.0,0,none
2025-03-24 09:00:00,21.5,0.0,61.0,11.6,observed,False,0.0,0,none
2025-03-24 10:00:00,23.2,0.0,59.0,8.8,observed,False,0.0,0,none
2025-03-24 11:00:00,24.7,0.0,56.0,17.3,observed,False,0.0,0,none
2025-03-24 12:00:00,25.8,0.0,49.0,10.6,observed,False,0.0,0,none
2025-03-24 13:00:00,25.9,0.0,41.0,12.5,observed,False,0.0,0,none
2025-03-24 14:00:00,26.7,0.2,41.0,8.7,observed,False,0.2000000000000018,1,light
2025-03-24 15:00:00,26.9,0.0,44.0,11.5,observed,False,0.2000000000000018,0,none
2025-03-24 16:00:00,25.1,2.1,54.0,11.3,observed,False,2.300000000000002,1,light
2025-03-24 17:00:00,24.5,2.5,64.0,13.3,observed,False,4.600000000000001,1,light
2025-03-24 18:00:00,24.6,0.0,60.0,5.9,observed,False,4.600000000000001,0,none
2025-03-24 19:00:00,23.4,0.0,50.0,8.2,observed,False,2.5000000000000018,0,none
2025-03-24 20:00:00,22.4,0.0,52.0,20.1,observed,False,0.0,0,none
2025-03-24 21:00:00,20.8,0.0,58.0,10.6,observed,False,0.0,0,none
2025-03-24 22:00:00,19.3,0.0,63.0,6.4,observed,False,0.0,0,none
2025-03-24 23:00:00,17.1,0.0,68.0,11.9,observed,False,0.0,0,none
2025-03-25 00:00:00,15.3,0.0,79.0,18.0,observed,False,0.0,0,none
2025-03-25 01:00:00,13.8,0.0,80.0,9.5,observed,False,0.0,0,none
2025-03-25 02:00:00,12.5,0.0,81.0,7.2,observed,False,0.0,0,none
2025-03-25 03:00:00,13.7,0.0,81.0,10.6,observed,False,0.0,0,none
2025-03-25 04:00:00,12.5,0.0,81.0,8.2,observed,False,0.0,0,none
2025-03-25 05:00:00,13.7,0.0,81.0,20.0,observed,False,0.0,0,none
2025-03-25 06:00:00,15.5,0.0,71.0,7.6,observed,False,0.0,0,none
2025-03-25 07:00:00,16.6,0.0,74.0,15.8,observed,False,0.0,0,none
2025-03-25 08:00:00,17.2,0.0,69.0,5.6,observed,False,0.0,0,none
2025-03-25 09:00:00,18.799999999999997,0.0,65.5,9.1,observed,True,0.0,0,none
2025-03-25 10:00:00,20.4,0.0,62.0,12.6,observed,False,0.0,0,none
2025-03-25 11:00:00,21.9,0.0,64.0,9.3,observed,False,0.0,0,none
2025-03-25 12:00:00,23.1,0.0,53.0,7.6,observed,False,0.0,0,none
2025-03-25 13:00:00,24.4,0.0,54.0,10.0,observed,False,0.0,0,none
2025-03-25 14:00:00,24.1,0.0,53.0,8.4,observed,False,0.0,0,none
2025-03-25 15:00:00,24.5,0.0,54.0,4.2,observed,False,0.0,0,none
2025-03-25 16:00:00,23.6,0.0,57.0,6.2,observed,False,0.0,0,none
2025-03-25 17:00:00,24.1,0.0,50.0,9.0,observed,False,0.0,0,none
2025-03-25 18:00:00,22.5,0.0,61.0,14.6,observed,False,0.0,0,none
2025-03-25 19:00:00,21.6,0.0,61.0,7.1,observed,False,0.0,0,none
2025-03-25 20:00:00,20.5,0.0,65.0,5.2,observed,False,0.0,0,none
2025-03-25 21:00:00,19.3,0.0,65.0,12.8,observed,False,0.0,0,none
2025-03-25 22:00:00,18.5,0.0,68.0,14.0,observed,False,0.0,0,none
2025-03-25 23:00:00,15.8,0.0,72.0,17.5,observed,False,0.0,0,none
2025-03-26 00:00:00,14.7,0.0,75.0,5.0,observed,False,0.0,0,none
2025-03-26 01:00:00,14.7,0.0,81.0,6.7,observed,False,0.0,0,none
2025-03-26 02:00:00,13.7,0.0,80.0,12.4,observed,False,0.0,0,none
2025-03-26 03:00:00,14.4,0.0,86.0,10.3,observed,False,0.0,0,none
2025-03-26 04:00:00,14.7,0.0,73.0,8.3,observed,False,0.0,0,none
2025-03-26 05:00:00,14.1,0.0,85.0,11.7,observed,False,0.0,0,none
2025-03-26 06:00:00,15.2,0.0,75.0,6.9,observed,False,0.0,0,none
2025-03-26 07:00:00,16.4,0.0,76.0,15.7,observed,False,0.0,0,none
2025-03-26 08:00:00,16.5,0.0,74.0,11.9,observed,False,0.0,0,none
2025-03-26 09:00:00,19.7,0.0,68.0,13.7,observed,False,0.0,0,none
2025-03-26 10:00:00,21.1,0.0,68.0,8.9,observed,False,0.0,0,none
2025-03-26 11:00:00,23.2,0.0,55.0,17.4,observed,False,0.0,0,none
2025-03-26 12:00:00,22.7,0.0,56.0,13.9,observed,False,0.0,0,none
2025-03-26 13:00:00,24.5,0.0,53.0,7.2,observed,False,0.0,0,none
2025-03-26 14:00:00,24.8,0.0,52.0,6.4,observed,False,0.0,0,none
2025-03-26 15:00:00,23.8,0.0,59.0,7.3,observed,False,0.0,0,none
2025-03-26 16:00:00,25.3,0.0,54.0,10.4,observed,False,0.0,0,none
2025-03-26 17:00:00,24.7,0.0,57.0,14.3,observed,False,0.0,0,none
2025-03-26 18:00:00,22.6,0.0,60.0,13.4,observed,False,0.0,0,none
2025-03-26 19:00:00,21.5,0.0,49.0,19.3,observed,True,0.0,0,none
2025-03-26 20:00:00,20.4,0.0,72.0,9.0,observed,False,0.0,0,none
2025-03-26 21:00:00,19.4,0.0,79.0,6.4,observed,False,0.0,0,none
2025-03-26 22:00:00,17.4,0.0,74.0,6.3,observed,False,0.0,0,none
2025-03-26 23:00:00,15.1,0.0,78.0,18.0,observed,False,0.0,0,none
2025-03-27 00:00:00,15.7,0.0,75.0,16.8,observed,False,0.0,0,none
2025-03-27 01:00:00,15.5,0.0,79.0,7.7,observed,False,0.0,0,none
2025-03-27 02:00:00,14.4,0.0,73.0,10.9,observed,False,0.0,0,none
2025-03-27 03:00:00,14.0,0.0,85.0,9.0,observed,False,0.0,0,none
2025-03-27 04:00:00,15.6,0.0,85.0,11.2,observed,False,0.0,0,none
2025-03-27 05:00:00,14.8,0.0,78.0,9.2,observed,False,0.0,0,none
2025-03-27 06:00:00,15.5,0.0,74.0,16.7,observed,False,0.0,0,none
2025-03-27 07:00:00,16.8,0.0,68.0,10.3,observed,False,0.0,0,none
2025-03-27 08:00:00,19.7,0.0,72.0,11.4,observed,False,0.0,0,none
2025-03-27 09:00:00,20.5,0.0,69.0,12.7,observed,False,0.0,0,none
2025-03-27 10:00:00,21.6,0.0,62.0,9.5,observed,False,0.0,0,none
2025-03-27 11:00:00,20.3,2.5,78.0,8.7,observed,False,2.5000000000000018,1,light
2025-03-27 12:00:00,23.5,0.0,68.0,12.5,observed,False,2.5000000000000018,0,none
2025-03-27 13:00:00,25.9,0.0,50.0,10.5,observed,False,2.5000000000000018,0,none
2025-03-27 14:00:00,24.0,3.5,74.0,12.3,observed,False,3.5000000000000018,1,moderate
2025-03-27 15:00:00,25.8,0.3,57.0,7.2,observed,False,3.8000000000000016,1,light
2025-03-27 16:00:00,23.9,0.8,74.0,7.4,observed,False,4.600000000000001,1,light
2025-03-27 17:00:00,24.7,0.0,56.0,18.0,observed,False,1.1000000000000019,0,none
2025-03-27 18:00:00,21.4,6.4,73.0,16.3,observed,False,7.200000000000002,1,moderate
2025-03-27 19:00:00,22.3,0.0,61.0,11.9,observed,False,6.400000000000002,0,none
2025-03-27 20:00:00,19.4,8.5,80.0,14.8,observed,False,14.900000000000002,1,heavy
2025-03-27 21:00:00,20.0,0.0,54.0,11.4,observed,False,8.500000000000002,0,none
2025-03-27 22:00:00,17.9,2.2,90.0,7.8,observed,False,10.700000000000003,1,light
2025-03-27 23:00:00,17.4,0.0,65.0,13.8,observed,False,2.200000000000002,0,none
2025-03-28 00:00:00,17.7,0.0,69.0,12.2,observed,False,2.200000000000002,0,none
2025-03-28 01:00:00,16.1,0.0,71.0,9.9,observed,False,0.0,0,none
2025-03-28 02:00:00,16.5,0.0,73.0,9.2,observed,False,0.0,0,none
2025-03-28 03:00:00,16.2,0.0,69.0,8.7,observed,False,0.0,0,none
2025-03-28 04:00:00,16.5,0.0,70.0,12.2,observed,False,0.0,0,none
2025-03-28 05:00:00,16.2,0.0,70.0,7.1,observed,False,0.0,0,none
2025-03-28 06:00:00,17.6,0.0,70.0,10.2,observed,False,0.0,0,none
2025-03-28 07:00:00,18.2,0.0,69.0,13.8,observed,False,0.0,0,none
2025-03-28 08:00:00,19.7,0.0,62.0,9.4,observed,False,0.0,0,none
2025-03-28 09:00:00,22.4,0.0,60.0,4.3,observed,False,0.0,0,none
2025-03-28 10:00:00,22.9,0.0,65.0,15.7,observed,False,0.0,0,none
2025-03-28 11:00:00,21.7,4.0,83.0,7.4,observed,False,4.000000000000002,1,moderate
2025-03-28 12:00:00,25.1,0.0,62.0,16.6,observed,False,4.000000000000002,0,none
2025-03-28 13:00:00,26.3,0.0,41.0,8.8,observed,False,4.000000000000002,0,none
2025-03-28 14:00:00,27.1,0.0,48.0,7.3,observed,False,0.0,0,none
2025-03-28 15:00:00,27.2,0.0,48.0,6.0,observed,False,0.0,0,none
2025-03-28 16:00:00,25.9,0.0,50.0,6.1,observed,False,0.0,0,none
2025-03-28 17:00:00,25.4,0.0,52.0,3.4,observed,False,0.0,0,none
2025-03-28 18:00:00,26.5,0.0,54.0,9.6,observed,False,0.0,0,none
2025-03-28 19:00:00,25.1,0.0,58.5,12.1,observed,True,0.0,0,none
2025-03-28 20:00:00,23.7,0.0,63.0,14.6,observed,False,0.0,0,none
2025-03-28 21:00:00,21.4,0.0,63.0,4.4,observed,False,0.0,0,none
2025-03-28 22:00:00,20.6,0.0,70.0,11.9,observed,False,0.0,0,none
2025-03-28 23:00:00,18.3,0.0,65.0,5.6,observed,False,0.0,0,none
2025-03-29 00:00:00,17.1,0.0,75.0,5.2,observed,False,0.0,0,none
2025-03-29 01:00:00,15.5,0.0,73.0,13.5,observed,False,0.0,0,none
2025-03-29 02:00:00,14.9,0.0,76.0,8.1,observed,False,0.0,0,none
2025-03-29 03:00:00,13.5,0.0,80.0,8.9,observed,False,0.0,0,none
2025-03-29 04:00:00,14.9,0.0,77.0,5.0,observed,False,0.0,0,none
2025-03-29 05:00:00,15.0,0.0,76.0,15.6,observed,False,0.0,0,none
2025-03-29 06:00:00,16.1,0.0,82.0,5.7,observed,False,0.0,0,none
2025-03-29 07:00:00,17.6,0.0,76.0,6.1,observed,False,0.0,0,none
2025-03-29 08:00:00,18.8,0.0,76.0,17.4,observed,True,0.0,0,none
2025-03-29 09:00:00,20.0,0.0,59.0,15.2,observed,False,0.0,0,none
2025-03-29 10:00:00,20.9,0.0,53.0,10.1,observed,False,0.0,0,none
2025-03-29 11:00:00,22.5,0.0,58.0,16.2,observed,False,0.0,0,none
2025-03-29 12:00:00,23.9,0.0,51.0,12.2,observed,False,0.0,0,none
2025-03-29 13:00:00,24.0,0.0,48.0,17.0,observed,False,0.0,0,none
2025-03-29 14:00:00,24.2,0.0,58.0,12.2,observed,False,0.0,0,none
2025-03-29 15:00:00,25.2,0.0,56.0,6.0,observed,True,0.0,0,none
2025-03-29 16:00:00,25.7,0.0,54.0,18.1,observed,False,0.0,0,none
2025-03-29 17:00:00,24.6,0.0,53.0,8.6,observed,False,0.0,0,none
2025-03-29 18:00:00,23.8,0.0,52.0,6.5,observed,False,0.0,0,none
2025-03-29 19:00:00,23.0,0.0,60.0,9.7,observed,False,0.0,0,none
2025-03-29 20:00:00,21.4,0.0,57.0,22.9,observed,False,0.0,0,none
2025-03-29 21:00:00,19.5,0.0,70.0,13.0,observed,False,0.0,0,none
2025-03-29 22:00:00,18.7,0.0,60.0,6.7,observed,False,0.0,0,none
2025-03-29 23:00:00,17.1,0.0,77.0,20.6,observed,False,0.0,0,none
2025-03-30 00:00:00,16.3,0.0,79.5,15.0,observed,False,0.0,0,none
2025-03-30 01:00:00,15.0,0.0,82.0,9.5,observed,False,0.0,0,none
2025-03-30 02:00:00,14.4,0.0,82.0,8.5,observed,False,0.0,0,none
2025-03-30 03:00:00,14.3,0.0,84.0,20.8,observed,False,0.0,0,none
2025-03-30 04:00:00,14.7,0.0,78.0,8.3,observed,False,0.0,0,none
2025-03-30 05:00:00,15.3,0.0,74.0,10.2,observed,False,0.0,0,none
2025-03-30 06:00:00,16.3,0.0,77.0,4.2,observed,False,0.0,0,none
2025-03-30 07:00:00,17.1,0.0,68.0,3.8,observed,False,0.0,0,none
2025-03-30 08:00:00,17.8,0.0,70.0,11.7,observed,False,0.0,0,none
2025-03-30 09:00:00,19.8,0.0,57.0,17.1,observed,False,0.0,0,none
2025-03-30 10:00:00,21.5,0.0,62.0,6.5,observed,False,0.0,0,none
2025-03-30 11:00:00,22.7,0.0,56.0,7.9,observed,False,0.0,0,none
2025-03-30 12:00:00,23.9,0.0,59.0,10.1,observed,False,0.0,0,none
2025-03-30 13:00:00,23.3,0.0,68.0,8.799999999999999,observed,True,0.0,0,none
2025-03-30 14:00:00,22.7,4.9,77.0,7.5,observed,False,4.900000000000002,1,moderate
2025-03-30 15:00:00,22.1,3.6,70.0,11.8,observed,False,8.500000000000002,1,moderate
2025-03-30 16:00:00,24.1,12.3,64.0,16.9,observed,False,20.800000000000004,1,heavy
2025-03-30 17:00:00,24.9,0.0,48.0,4.2,observed,False,15.900000000000002,0,none
2025-03-30 18:00:00,22.0,2.2,80.0,8.7,observed,False,14.500000000000004,1,light
2025-03-30 19:00:00,20.7,1.1,72.0,17.4,observed,False,3.300000000000002,1,light
2025-03-30 20:00:00,18.3,0.7,85.0,8.3,observed,False,4.000000000000002,1,light
2025-03-30 21:00:00,20.0,0.0,64.0,14.0,observed,False,1.8000000000000018,0,none
2025-03-30 22:00:00,18.3,0.0,69.0,7.4,observed,False,0.7000000000000017,0,none
2025-03-30 23:00:00,16.5,0.0,73.0,7.5,observed,False,0.0,0,none
2025-03-31 00:00:00,16.2,0.0,69.0,10.3,observed,False,0.0,0,none
2025-03-31 01:00:00,16.7,0.0,75.0,18.3,observed,False,0.0,0,none
2025-03-31 02:00:00,15.1,0.0,83.0,10.1,observed,False,0.0,0,none
2025-03-31 03:00:00,15.0,0.0,78.0,8.1,observed,False,0.0,0,none
2025-03-31 04:00:00,15.7,0.0,81.0,8.9,observed,False,0.0,0,none
2025-03-31 05:00:00,16.1,0.0,75.0,7.4,observed,False,0.0,0,none
2025-03-31 06:00:00,16.9,0.0,67.0,9.3,observed,False,0.0,0,none
2025-03-31 07:00:00,17.8,0.0,75.0,14.7,observed,False,0.0,0,none
2025-03-31 08:00:00,20.1,0.0,68.0,8.9,observed,False,0.0,0,none
2025-03-31 09:00:00,20.6,0.0,66.0,15.1,observed,False,0.0,0,none
2025-03-31 10:00:00,21.6,0.0,64.5,10.6,observed,False,0.0,0,none
2025-03-31 11:00:00,23.1,0.0,63.0,16.4,observed,False,0.0,0,none
2025-03-31 12:00:00,24.6,0.0,56.0,19.3,observed,False,0.0,0,none
2025-03-31 13:00:00,25.6,0.0,52.0,15.7,observed,False,0.0,0,none
2025-03-31 14:00:00,25.6,0.0,58.0,9.4,observed,False,0.0,0,none
2025-03-31 15:00:00,26.1,0.0,54.0,5.7,observed,False,0.0,0,none
2025-03-31 16:00:00,25.7,0.0,52.0,7.8,observed,False,0.0,0,none
2025-03-31 17:00:00,24.5,0.0,47.0,10.5,observed,False,0.0,0,none
2025-03-31 18:00:00,23.7,0.0,56.0,4.6,observed,False,0.0,0,none
2025-03-31 19:00:00,24.4,0.0,55.5,6.3,observed,False,0.0,0,none
2025-03-31 20:00:00,22.6,0.0,55.0,14.3,observed,False,0.0,0,none
2025-03-31 21:00:00,20.2,0.0,64.0,11.3,observed,False,0.0,0,none
2025-03-31 22:00:00,18.9,0.0,75.0,10.5,observed,False,0.0,0,none
2025-03-31 23:00:00,18.1,0.0,63.0,11.4,observed,False,0.0,0,none
2025-04-01 00:00:00,16.5,0.0,71.0,17.1,observed,False,0.0,0,none
2025-04-01 01:00:00,15.2,0.0,76.0,15.6,observed,False,0.0,0,none
2025-04-01 02:00:00,14.5,0.0,79.0,10.3,observed,False,0.0,0,none
2025-04-01 03:00:00,13.4,0.0,85.0,5.8,observed,False,0.0,0,none
2025-04-01 04:00:00,14.4,0.0,83.0,7.9,observed,False,0.0,0,none
2025-04-01 05:00:00,15.8,0.0,73.0,9.9,observed,False,0.0,0,none
2025-04-01 06:00:00,16.1,0.0,75.0,12.5,observed,False,0.0,0,none
2025-04-01 07:00:00,17.1,0.0,66.0,9.1,observed,False,0.0,0,none
2025-04-01 08:00:00,19.3,0.0,70.0,4.2,observed,False,0.0,0,none
2025-04-01 09:00:00,20.5,0.0,60.0,11.5,observed,False,0.0,0,none
2025-04-01 10:00:00,20.4,0.0,62.0,8.7,observed,False,0.0,0,none
2025-04-01 11:00:00,22.6,0.0,58.0,13.8,observed,False,0.0,0,none
2025-04-01 12:00:00,23.6,0.0,56.0,9.4,observed,False,0.0,0,none
2025-04-01 13:00:00,25.1,0.0,55.0,9.4,observed,False,0.0,0,none
2025-04-01 14:00:00,22.2,0.7,78.0,5.4,observed,False,0.7000000000000017,1,light
2025-04-01 15:00:00,25.5,0.0,54.0,8.9,observed,True,0.7000000000000017,0,none
2025-04-01 16:00:00,24.4,0.0,55.0,13.9,observed,False,0.7000000000000017,0,none
2025-04-01 17:00:00,22.4,1.9,75.0,6.6,observed,False,1.9000000000000017,1,light
2025-04-01 18:00:00,21.8,1.9,72.0,8.5,observed,False,3.8000000000000016,1,light
2025-04-01 19:00:00,20.2,5.1,81.0,11.7,observed,False,8.900000000000002,1,moderate
2025-04-01 20:00:00,21.3,0.0,54.0,5.3,observed,False,7.000000000000001,0,none
2025-04-01 21:00:00,20.4,0.0,68.0,17.9,observed,False,5.100000000000001,0,none
2025-04-01 22:00:00,18.5,0.0,63.0,10.5,observed,False,0.0,0,none
2025-04-01 23:00:00,16.5,0.0,62.0,12.3,observed,False,0.0,0,none
2025-04-02 00:00:00,15.7,0.0,73.0,7.9,observed,False,0.0,0,none
2025-04-02 01:00:00,15.2,0.0,87.0,16.3,observed,False,0.0,0,none
2025-04-02 02:00:00,15.3,0.0,71.0,12.6,observed,False,0.0,0,none
2025-04-02 03:00:00,14.6,0.0,87.0,8.9,observed,False,0.0,0,none
2025-04-02 04:00:00,14.5,0.0,80.0,11.7,observed,False,0.0,0,none
2025-04-02 05:00:00,15.4,0.0,67.0,10.1,observed,False,0.0,0,none
2025-04-02 06:00:00,16.5,0.0,78.0,9.5,observed,False,0.0,0,none
2025-04-02 07:00:00,17.2,0.0,69.0,10.3,observed,False,0.0,0,none
2025-04-02 08:00:00,18.9,0.0,70.0,8.7,observed,False,0.0,0,none
2025-04-02 09:00:00,20.7,0.0,54.0,15.3,observed,True,0.0,0,none
2025-04-02 10:00:00,22.2,0.0,65.0,14.9,observed,False,0.0,0,none
2025-04-02 11:00:00,23.1,0.0,66.0,7.7,observed,False,0.0,0,none
2025-04-02 12:00:00,24.3,0.0,43.0,4.5,observed,False,0.0,0,none
2025-04-02 13:00:00,24.3,0.0,62.0,13.8,observed,False,0.0,0,none
2025-04-02 14:00:00,25.7,0.0,58.0,12.5,observed,False,0.0,0,none
2025-04-02 15:00:00,26.2,0.0,51.0,11.1,observed,False,0.0,0,none
2025-04-02 16:00:00,25.3,0.0,52.0,14.2,observed,False,0.0,0,none
2025-04-02 17:00:00,25.3,0.0,55.0,7.0,observed,False,0.0,0,none
2025-04-02 18:00:00,22.5,4.4,80.0,10.4,observed,False,4.400000000000002,1,moderate
2025-04-02 19:00:00,22.0,0.0,54.0,11.8,observed,False,4.400000000000002,0,none
2025-04-02 20:00:00,20.1,5.1,79.0,3.5,observed,False,9.500000000000002,1,moderate
2025-04-02 21:00:00,20.4,0.0,65.0,10.4,observed,False,5.100000000000001,0,none
2025-04-02 22:00:00,19.0,0.0,64.0,10.8,observed,False,5.100000000000001,0,none
2025-04-02 23:00:00,17.3,0.0,71.0,9.4,observed,False,0.0,0,none
2025-04-03 00:00:00,14.85,0.0,79.0,10.4,observed,True,0.0,0,none
2025-04-03 01:00:00,12.4,0.0,87.0,11.4,observed,True,0.0,0,none
2025-04-03 02:00:00,11.8,0.0,88.0,15.5,observed,False,0.0,0,none
2025-04-03 03:00:00,12.0,0.0,80.0,7.4,observed,False,0.0,0,none
2025-04-03 04:00:00,10.9,0.0,88.0,11.9,observed,False,0.0,0,none
2025-04-03 05:00:00,12.4,0.0,87.0,5.1,observed,False,0.0,0,none
2025-04-03 06:00:00,12.5,0.0,84.0,11.2,observed,False,0.0,0,none
2025-04-03 07:00:00,13.5,0.0,71.0,5.9,observed,False,0.0,0,none
2025-04-03 08:00:00,16.4,0.0,66.0,12.7,observed,False,0.0,0,none
2025-04-03 09:00:00,16.7,0.0,67.0,5.4,observed,False,0.0,0,none
2025-04-03 10:00:00,19.2,0.0,63.0,10.0,observed,False,0.0,0,none
2025-04-03 11:00:00,20.1,0.0,66.0,6.8,observed,False,0.0,0,none
2025-04-03 12:00:00,20.5,0.0,58.0,10.8,observed,False,0.0,0,none
2025-04-03 13:00:00,21.3,0.0,66.0,7.2,observed,False,0.0,0,none
2025-04-03 14:00:00,23.1,0.0,48.0,16.6,observed,False,0.0,0,none
2025-04-03 15:00:00,23.1,0.0,57.0,9.2,observed,False,0.0,0,none
2025-04-03 16:00:00,22.8,0.0,59.0,7.7,observed,False,0.0,0,none
2025-04-03 17:00:00,22.3,0.0,69.0,11.5,observed,False,0.0,0,none
2025-04-03 18:00:00,21.5,0.0,58.0,13.7,observed,False,0.0,0,none
2025-04-03 19:00:00,20.4,0.0,56.0,13.2,observed,False,0.0,0,none
2025-04-03 20:00:00,18.8,0.0,77.0,10.5,observed,False,0.0,0,none
2025-04-03 21:00:00,16.8,0.0,65.0,5.0,observed,False,0.0,0,none
2025-04-03 22:00:00,15.3,0.0,74.0,13.2,observed,False,0.0,0,none
2025-04-03 23:00:00,15.1,0.0,83.0,7.0,observed,False,0.0,0,none
2025-04-04 00:00:00,14.6,0.0,75.0,18.9,observed,False,0.0,0,none
2025-04-04 01:00:00,13.9,0.0,80.0,19.3,observed,False,0.0,0,none
2025-04-04 02:00:00,13.1,0.0,75.0,10.9,observed,False,0.0,0,none
2025-04-04 03:00:00,13.0,0.0,81.0,10.0,observed,False,0.0,0,none
2025-04-04 04:00:00,13.3,0.0,87.0,10.8,observed,False,0.0,0,none
2025-04-04 05:00:00,13.3,0.0,80.0,9.1,observed,False,0.0,0,none
2025-04-04 06:00:00,14.7,0.0,72.0,9.8,observed,False,0.0,0,none
2025-04-04 07:00:00,15.0,0.0,68.0,6.8,observed,False,0.0,0,none
2025-04-04 08:00:00,16.0,0.0,74.0,20.1,observed,False,0.0,0,none
2025-04-04 09:00:00,17.7,0.0,69.0,7.3,observed,False,0.0,0,none
2025-04-04 10:00:00,20.1,0.0,61.0,12.5,observed,False,0.0,0,none
2025-04-04 11:00:00,21.2,0.0,56.0,3.9,observed,False,0.0,0,none
2025-04-04 12:00:00,21.65,0.0,60.0,11.2,observed,False,0.0,0,none
2025-04-04 13:00:00,22.6,0.0,54.0,8.3,observed,False,0.0,0,none
2025-04-04 14:00:00,24.1,0.0,52.0,15.4,observed,False,0.0,0,none
2025-04-04 15:00:00,22.7,0.0,52.0,17.4,observed,False,0.0,0,none
2025-04-04 16:00:00,23.7,0.0,62.0,13.2,observed,False,0.0,0,none
2025-04-04 17:00:00,23.5,0.0,60.0,14.6,observed,False,0.0,0,none
2025-04-04 18:00:00,22.8,0.0,63.0,13.2,observed,False,0.0,0,none
2025-04-04 19:00:00,21.0,0.0,64.0,18.7,observed,False,0.0,0,none
2025-04-04 20:00:00,19.9,0.0,68.0,7.5,observed,False,0.0,0,none
2025-04-04 21:00:00,18.1,0.0,69.0,6.3,observed,False,0.0,0,none
2025-04-04 22:00:00,16.8,0.0,72.0,16.0,observed,False,0.0,0,none
2025-04-04 23:00:00,15.5,0.0,87.0,17.1,observed,False,0.0,0,none
2025-04-05 00:00:00,13.0,0.0,81.0,14.3,observed,False,0.0,0,none
2025-04-05 01:00:00,11.7,0.0,92.0,7.3,observed,False,0.0,0,none
2025-04-05 02:00:00,11.2,0.0,77.0,9.9,observed,False,0.0,0,none
2025-04-05 03:00:00,11.1,0.0,76.0,7.2,observed,False,0.0,0,none
2025-04-05 04:00:00,11.2,0.0,88.0,18.2,observed,False,0.0,0,none
2025-04-05 05:00:00,12.9,0.0,87.0,10.3,observed,False,0.0,0,none
2025-04-05 06:00:00,13.7,0.0,78.0,3.9,observed,False,0.0,0,none
2025-04-05 07:00:00,13.6,0.0,85.0,13.3,observed,False,0.0,0,none
2025-04-05 08:00:00,14.8,0.0,79.0,10.1,observed,False,0.0,0,none
2025-04-05 09:00:00,17.5,0.0,76.0,12.5,observed,False,0.0,0,none
2025-04-05 10:00:00,18.5,0.0,62.0,15.6,observed,False,0.0,0,none
2025-04-05 11:00:00,20.5,0.0,58.0,4.0,observed,False,0.0,0,none
2025-04-05 12:00:00,20.9,0.0,68.0,6.7,observed,False,0.0,0,none
2025-04-05 13:00:00,21.4,0.0,64.0,19.4,observed,False,0.0,0,none
2025-04-05 14:00:00,22.3,0.0,56.0,10.4,observed,False,0.0,0,none
2025-04-05 15:00:00,23.3,0.0,53.0,10.8,observed,False,0.0,0,none
2025-04-05 16:00:00,22.1,0.0,68.0,11.4,observed,False,0.0,0,none
2025-04-05 17:00:00,23.3,0.0,57.0,7.6,observed,False,0.0,0,none
2025-04-05 18:00:00,20.9,0.0,60.0,14.2,observed,False,0.0,0,none
2025-04-05 19:00:00,19.0,0.0,69.0,9.4,observed,False,0.0,0,none
2025-04-05 20:00:00,18.6,0.0,57.0,25.4,observed,False,0.0,0,none
2025-04-05 21:00:00,17.3,0.0,66.0,9.9,observed,False,0.0,0,none
2025-04-05 22:00:00,15.0,0.0,68.0,13.5,observed,False,0.0,0,none
2025-04-05 23:00:00,13.8,0.0,79.0,12.8,observed,False,0.0,0,none
2025-04-06 00:00:00,12.1,0.0,90.0,17.2,observed,False,0.0,0,none
2025-04-06 01:00:00,11.2,0.0,87.0,8.5,observed,False,0.0,0,none
2025-04-06 02:00:00,10.9,0.0,91.0,6.5,observed,False,0.0,0,none
2025-04-06 03:00:00,10.4,0.0,85.0,6.3,observed,False,0.0,0,none
2025-04-06 04:00:00,10.6,0.0,83.0,13.2,observed,False,0.0,0,none
2025-04-06 05:00:00,11.2,0.0,84.0,13.2,observed,False,0.0,0,none
2025-04-06 06:00:00,12.2,0.0,82.0,10.4,observed,False,0.0,0,none
2025-04-06 07:00:00,12.7,0.0,83.0,23.6,observed,False,0.0,0,none
2025-04-06 08:00:00,14.6,0.0,84.0,9.7,observed,False,0.0,0,none
2025-04-06 09:00:00,16.1,0.0,86.0,10.1,observed,False,0.0,0,none
2025-04-06 10:00:00,17.8,0.0,73.0,8.7,observed,False,0.0,0,none
2025-04-06 11:00:00,18.9,0.0,73.0,8.9,observed,False,0.0,0,none
2025-04-06 12:00:00,19.3,0.0,69.0,6.0,observed,False,0.0,0,none
2025-04-06 13:00:00,20.9,0.0,68.0,5.1,observed,False,0.0,0,none
2025-04-06 14:00:00,21.4,0.0,65.0,6.5,observed,False,0.0,0,none
2025-04-06 15:00:00,21.55,0.0,67.0,8.7,observed,True,0.0,0,none
2025-04-06 16:00:00,21.7,0.0,66.0,4.5,observed,False,0.0,0,none
2025-04-06 17:00:00,20.7,0.0,67.0,14.7,observed,False,0.0,0,none
2025-04-06 18:00:00,19.3,0.0,77.0,6.1,observed,False,0.0,0,none
2025-04-06 19:00:00,18.8,0.0,68.0,15.9,observed,False,0.0,0,none
2025-04-06 20:00:00,17.2,0.0,80.0,6.8,observed,False,0.0,0,none
2025-04-06 21:00:00,16.0,0.0,76.0,12.0,observed,False,0.0,0,none
2025-04-06 22:00:00,14.2,0.0,76.0,8.3,observed,False,0.0,0,none
2025-04-06 23:00:00,13.3,0.0,80.0,9.5,observed,False,0.0,0,none
2025-04-07 00:00:00,13.4,0.0,77.0,9.1,observed,False,0.0,0,none
2025-04-07 01:00:00,11.9,0.0,84.0,7.7,observed,False,0.0,0,none
2025-04-07 02:00:00,11.0,0.0,89.0,10.2,observed,False,0.0,0,none
2025-04-07 03:00:00,11.4,0.0,86.0,10.8,observed,False,0.0,0,none
2025-04-07 04:00:00,10.8,0.0,87.0,10.4,observed,False,0.0,0,none
2025-04-07 05:00:00,11.9,0.0,90.0,9.0,observed,False,0.0,0,none
2025-04-07 06:00:00,13.7,0.0,80.0,16.1,observed,False,0.0,0,none
2025-04-07 07:00:00,13.7,0.0,73.0,8.8,observed,False,0.0,0,none
2025-04-07 08:00:00,14.8,0.0,74.0,5.4,observed,False,0.0,0,none
2025-04-07 09:00:00,16.7,0.0,71.0,10.1,observed,False,0.0,0,none
2025-04-07 10:00:00,17.5,0.0,74.0,13.4,observed,False,0.0,0,none
2025-04-07 11:00:00,19.099999999999998,0.0,69.5,11.600000000000001,observed,True,0.0,0,none
2025-04-07 12:00:00,20.7,0.0,65.0,9.8,observed,False,0.0,0,none
2025-04-07 13:00:00,21.2,0.0,60.0,7.9,observed,False,0.0,0,none
2025-04-07 14:00:00,23.1,0.0,52.0,16.6,observed,False,0.0,0,none
2025-04-07 15:00:00,22.8,0.0,53.0,9.3,observed,False,0.0,0,none
2025-04-07 16:00:00,22.0,0.0,52.0,18.1,observed,False,0.0,0,none
2025-04-07 17:00:00,20.9,0.0,65.0,9.1,observed,False,0.0,0,none
2025-04-07 18:00:00,20.3,0.0,64.0,13.4,observed,False,0.0,0,none
2025-04-07 19:00:00,18.1,0.0,67.0,15.0,observed,False,0.0,0,none
2025-04-07 20:00:00,18.0,0.0,69.0,13.1,observed,False,0.0,0,none
2025-04-07 21:00:00,17.3,0.0,62.0,8.0,observed,False,0.0,0,none
2025-04-07 22:00:00,15.3,0.0,80.0,8.7,observed,False,0.0,0,none
2025-04-07 23:00:00,15.0,0.0,82.0,11.5,observed,False,0.0,0,none
2025-04-08 00:00:00,13.4,0.0,83.0,7.0,observed,False,0.0,0,none
2025-04-08 01:00:00,12.4,0.0,82.0,11.3,observed,False,0.0,0,none
2025-04-08 02:00:00,12.1,0.0,83.0,12.4,observed,False,0.0,0,none
2025-04-08 03:00:00,11.1,0.0,87.0,11.7,observed,False,0.0,0,none
2025-04-08 04:00:00,11.5,0.0,93.0,13.7,observed,False,0.0,0,none
2025-04-08 05:00:00,12.8,0.0,78.0,11.4,observed,False,0.0,0,none
2025-04-08 06:00:00,13.3,0.0,79.0,11.8,observed,False,0.0,0,none
2025-04-08 07:00:00,13.5,0.0,72.0,7.9,observed,False,0.0,0,none
2025-04-08 08:00:00,15.3,0.0,77.0,12.8,observed,False,0.0,0,none
2025-04-08 09:00:00,16.5,0.0,74.0,17.1,observed,False,0.0,0,none
2025-04-08 10:00:00,18.1,0.0,69.0,5.2,observed,False,0.0,0,none
2025-04-08 11:00:00,20.3,0.0,67.0,19.1,observed,False,0.0,0,none
2025-04-08 12:00:00,20.5,0.0,67.0,13.5,observed,False,0.0,0,none
2025-04-08 13:00:00,22.1,0.0,61.0,9.9,observed,False,0.0,0,none
2025-04-08 14:00:00,22.7,0.0,60.0,14.9,observed,False,0.0,0,none
2025-04-08 15:00:00,22.2,0.0,53.0,10.3,observed,False,0.0,0,none
2025-04-08 16:00:00,21.900000000000002,0.0,55.5,9.35,observed,True,0.0,0,none
2025-04-08 17:00:00,21.6,0.0,58.0,8.4,observed,False,0.0,0,none
2025-04-08 18:00:00,18.1,3.0,82.0,7.6,observed,False,3.0000000000000018,1,moderate
2025-04-08 19:00:00,17.7,1.4,87.0,8.9,observed,False,4.400000000000002,1,light
2025-04-08 20:00:00,17.8,0.0,65.0,10.3,observed,False,4.400000000000002,0,none
2025-04-08 21:00:00,16.85,0.0,71.0,9.600000000000001,observed,True,1.4000000000000017,0,none
2025-04-08 22:00:00,15.9,0.0,77.0,8.9,observed,False,0.0,0,none
2025-04-08 23:00:00,14.2,0.0,77.0,9.4,observed,False,0.0,0,none
2025-04-09 00:00:00,14.9,0.0,77.0,6.3,observed,False,0.0,0,none
2025-04-09 01:00:00,13.3,0.0,72.0,8.1,observed,False,0.0,0,none
2025-04-09 02:00:00,12.0,0.0,83.0,12.3,observed,False,0.0,0,none
2025-04-09 03:00:00,12.5,0.0,84.0,8.7,observed,False,0.0,0,none
2025-04-09 04:00:00,12.1,0.0,83.0,19.3,observed,False,0.0,0,none
2025-04-09 05:00:00,13.2,0.0,86.0,13.5,observed,False,0.0,0,none
2025-04-09 06:00:00,13.6,0.0,85.0,10.1,observed,False,0.0,0,none
2025-04-09 07:00:00,15.5,0.0,78.0,6.4,observed,False,0.0,0,none
2025-04-09 08:00:00,15.6,0.0,67.0,9.7,observed,False,0.0,0,none
2025-04-09 09:00:00,16.8,0.0,77.0,9.8,observed,False,0.0,0,none
2025-04-09 10:00:00,17.6,0.0,70.0,12.2,observed,False,0.0,0,none
2025-04-09 11:00:00,19.9,0.0,63.0,12.1,observed,False,0.0,0,none
2025-04-09 12:00:00,20.8,0.0,58.0,24.8,observed,False,0.0,0,none
2025-04-09 13:00:00,21.8,0.0,65.0,10.0,observed,False,0.0,0,none
2025-04-09 14:00:00,22.7,0.0,54.0,8.1,observed,False,0.0,0,none
2025-04-09 15:00:00,23.4,0.0,59.0,11.3,observed,False,0.0,0,none
2025-04-09 16:00:00,22.9,0.0,49.0,5.3,observed,False,0.0,0,none
2025-04-09 17:00:00,22.1,0.0,57.0,16.0,observed,False,0.0,0,none
2025-04-09 18:00:00,21.4,0.0,57.0,13.2,observed,False,0.0,0,none
2025-04-09 19:00:00,20.2,0.0,66.0,15.1,observed,False,0.0,0,none
2025-04-09 20:00:00,19.3,0.0,71.0,10.4,observed,False,0.0,0,none
2025-04-09 21:00:00,18.0,0.0,65.0,14.3,observed,False,0.0,0,none
2025-04-09 22:00:00,17.3,0.0,66.0,5.8,observed,False,0.0,0,none
2025-04-09 23:00:00,15.0,0.0,86.0,13.2,observed,False,0.0,0,none
2025-04-10 00:00:00,12.9,0.0,89.0,4.6,observed,False,0.0,0,none
2025-04-10 01:00:00,10.7,0.0,90.0,9.2,observed,False,0.0,0,none
2025-04-10 02:00:00,10.3,0.0,93.0,12.3,observed,False,0.0,0,none
2025-04-10 03:00:00,10.4,0.0,87.0,8.4,observed,False,0.0,0,none
2025-04-10 04:00:00,10.5,0.0,84.0,5.4,observed,False,0.0,0,none
2025-04-10 05:00:00,10.1,0.0,84.0,7.5,observed,False,0.0,0,none
2025-04-10 06:00:00,12.3,0.0,89.0,4.0,observed,False,0.0,0,none
2025-04-10 07:00:00,12.5,0.0,88.0,10.7,observed,False,0.0,0,none
2025-04-10 08:00:00,13.8,0.0,77.0,12.2,observed,False,0.0,0,none
2025-04-10 09:00:00,16.7,0.0,74.0,4.7,observed,False,0.0,0,none
2025-04-10 10:00:00,15.9,0.0,73.0,9.9,observed,False,0.0,0,none
2025-04-10 11:00:00,17.5,0.0,72.0,4.6,observed,False,0.0,0,none
2025-04-10 12:00:00,19.6,0.0,62.0,14.4,observed,False,0.0,0,none
2025-04-10 13:00:00,19.3,0.0,69.0,9.8,observed,False,0.0,0,none
2025-04-10 14:00:00,21.4,0.0,58.0,6.1,observed,False,0.0,0,none
2025-04-10 15:00:00,21.6,0.0,57.0,22.9,observed,False,0.0,0,none
2025-04-10 16:00:00,22.3,0.0,60.0,5.0,observed,False,0.0,0,none
2025-04-10 17:00:00,20.2,0.0,56.0,13.9,observed,False,0.0,0,none
2025-04-10 18:00:00,19.7,0.0,64.0,9.9,observed,False,0.0,0,none
2025-04-10 19:00:00,18.3,0.0,65.0,19.1,observed,False,0.0,0,none
2025-04-10 20:00:00,17.5,0.0,77.0,10.4,observed,False,0.0,0,none
2025-04-10 21:00:00,15.6,0.0,76.0,5.9,observed,False,0.0,0,none
2025-04-10 22:00:00,14.9,0.0,84.0,8.4,observed,False,0.0,0,none
2025-04-10 23:00:00,13.9,0.0,77.0,9.0,observed,False,0.0,0,none
2025-04-11 00:00:00,11.1,0.0,85.0,9.1,observed,False,0.0,0,none
2025-04-11 01:00:00,11.2,0.0,89.0,11.1,observed,False,0.0,0,none
2025-04-11 02:00:00,10.8,0.0,93.0,8.5,observed,False,0.0,0,none
2025-04-11 03:00:00,9.9,0.0,90.0,7.3,observed,False,0.0,0,none
2025-04-11 04:00:00,10.8,0.0,82.0,7.5,observed,False,0.0,0,none
2025-04-11 05:00:00,11.8,0.0,88.0,4.5,observed,False,0.0,0,none
2025-04-11 06:00:00,12.5,0.0,84.0,19.6,observed,False,0.0,0,none
2025-04-11 07:00:00,13.3,0.0,84.0,18.7,observed,False,0.0,0,none
2025-04-11 08:00:00,14.8,0.0,74.0,11.1,observed,False,0.0,0,none
2025-04-11 09:00:00,15.4,0.0,78.0,7.0,observed,False,0.0,0,none
2025-04-11 10:00:00,16.9,0.0,71.0,4.9,observed,False,0.0,0,none
2025-04-11 11:00:00,19.0,0.0,63.0,7.0,observed,False,0.0,0,none
2025-04-11 12:00:00,19.9,0.0,63.0,6.0,observed,False,0.0,0,none
2025-04-11 13:00:00,21.1,0.0,63.0,9.0,observed,False,0.0,0,none
2025-04-11 14:00:00,20.9,0.0,62.0,6.9,observed,False,0.0,0,none
2025-04-11 15:00:00,22.1,0.0,60.0,8.3,observed,False,0.0,0,none
2025-04-11 16:00:00,20.9,0.0,64.0,7.0,observed,False,0.0,0,none
2025-04-11 17:00:00,20.3,0.0,56.0,10.2,observed,False,0.0,0,none
2025-04-11 18:00:00,20.9,0.0,66.0,12.4,observed,False,0.0,0,none
2025-04-11 19:00:00,18.0,0.0,73.0,9.9,observed,False,0.0,0,none
2025-04-11 20:00:00,16.7,0.0,73.0,7.6,observed,False,0.0,0,none
2025-04-11 21:00:00,15.0,0.0,80.0,9.8,observed,False,0.0,0,none
2025-04-11 22:00:00,14.0,0.0,82.0,9.6,observed,False,0.0,0,none
2025-04-11 23:00:00,13.3,0.0,82.5,14.9,observed,False,0.0,0,none
2025-04-12 00:00:00,14.5,0.0,83.0,14.6,observed,False,0.0,0,none
2025-04-12 01:00:00,13.7,0.0,81.0,6.6,observed,False,0.0,0,none
2025-04-12 02:00:00,12.6,0.0,90.0,15.0,observed,False,0.0,0,none
2025-04-12 03:00:00,13.1,0.0,78.0,13.8,observed,False,0.0,0,none
2025-04-12 04:00:00,12.8,0.0,83.0,17.5,observed,False,0.0,0,none
2025-04-12 05:00:00,13.1,0.0,84.0,8.4,observed,False,0.0,0,none
2025-04-12 06:00:00,14.4,0.0,71.0,9.6,observed,False,0.0,0,none
2025-04-12 07:00:00,15.3,0.0,77.0,12.8,observed,False,0.0,0,none
2025-04-12 08:00:00,17.8,0.0,73.0,8.5,observed,False,0.0,0,none
2025-04-12 09:00:00,18.3,0.0,71.0,10.9,observed,False,0.0,0,none
2025-04-12 10:00:00,19.2,0.0,68.0,12.7,observed,False,0.0,0,none
2025-04-12 11:00:00,21.7,0.0,65.0,4.9,observed,False,0.0,0,none
2025-04-12 12:00:00,22.4,0.0,60.0,5.6,observed,False,0.0,0,none
2025-04-12 13:00:00,23.2,0.0,61.0,12.4,observed,False,0.0,0,none
2025-04-12 14:00:00,23.1,0.0,61.0,15.0,observed,False,0.0,0,none
2025-04-12 15:00:00,24.3,0.0,63.0,14.3,observed,False,0.0,0,none
2025-04-12 16:00:00,22.8,0.0,56.0,5.2,observed,False,0.0,0,none
2025-04-12 17:00:00,22.5,0.0,51.0,4.8,observed,False,0.0,0,none
2025-04-12 18:00:00,22.7,0.0,55.0,4.9,observed,False,0.0,0,none
2025-04-12 19:00:00,21.2,0.0,60.0,3.6,observed,False,0.0,0,none
2025-04-12 20:00:00,20.4,0.0,62.0,6.6,observed,False,0.0,0,none
2025-04-12 21:00:00,18.2,0.0,63.0,9.9,observed,False,0.0,0,none
2025-04-12 22:00:00,17.1,0.0,69.0,10.8,observed,False,0.0,0,none
2025-04-12 23:00:00,16.4,0.0,68.0,11.5,observed,False,0.0,0,none
2025-04-13 00:00:00,14.8,0.0,86.0,6.7,observed,False,0.0,0,none
2025-04-13 01:00:00,13.1,0.0,83.0,10.5,observed,False,0.0,0,none
2025-04-13 02:00:00,13.8,0.0,87.0,14.0,observed,False,0.0,0,none
2025-04-13 03:00:00,13.9,0.0,84.0,9.4,observed,False,0.0,0,none
2025-04-13 04:00:00,13.9,0.0,80.5,12.15,observed,True,0.0,0,none
2025-04-13 05:00:00,13.9,0.0,77.0,14.9,observed,False,0.0,0,none
2025-04-13 06:00:00,14.0,0.0,74.0,8.2,observed,False,0.0,0,none
2025-04-13 07:00:00,16.3,0.0,74.0,4.9,observed,False,0.0,0,none
2025-04-13 08:00:00,16.5,0.0,78.0,6.0,observed,False,0.0,0,none
2025-04-13 09:00:00,17.7,0.0,76.0,7.7,observed,False,0.0,0,none
2025-04-13 10:00:00,20.1,0.0,65.0,14.2,observed,False,0.0,0,none
2025-04-13 11:00:00,21.6,0.0,49.0,11.1,observed,False,0.0,0,none
2025-04-13 12:00:00,21.9,0.0,54.0,9.4,observed,False,0.0,0,none
2025-04-13 13:00:00,23.4,0.0,55.0,13.3,observed,False,0.0,0,none
2025-04-13 14:00:00,23.2,0.0,58.0,9.3,observed,False,0.0,0,none
2025-04-13 15:00:00,24.6,0.1,45.0,9.6,observed,False,0.10000000000000178,1,light
2025-04-13 16:00:00,21.2,0.9,82.0,13.1,observed,False,1.0000000000000018,1,light
2025-04-13 17:00:00,24.1,0.2,50.0,13.1,observed,False,1.2000000000000017,1,light
2025-04-13 18:00:00,21.6,0.0,62.0,9.4,observed,False,1.1000000000000016,0,none
2025-04-13 19:00:00,21.2,0.3,68.0,10.6,observed,False,0.5000000000000018,1,light
2025-04-13 20:00:00,20.0,0.0,65.0,5.2,observed,False,0.30000000000000177,0,none
2025-04-13 21:00:00,18.8,0.0,68.0,5.1,observed,True,0.30000000000000177,0,none
2025-04-13 22:00:00,17.6,0.1,77.0,5.5,observed,False,0.10000000000000178,1,light
2025-04-13 23:00:00,15.2,0.0,75.0,17.3,observed,False,0.10000000000000178,0,none
2025-04-14 00:00:00,13.9,0.0,75.0,7.7,observed,False,0.10000000000000178,0,none
2025-04-14 01:00:00,13.0,0.0,74.0,10.0,observed,False,0.0,0,none
2025-04-14 02:00:00,12.5,0.0,86.0,7.6,observed,False,0.0,0,none
2025-04-14 03:00:00,12.2,0.0,82.0,5.6,observed,False,0.0,0,none
2025-04-14 04:00:00,12.2,0.0,98.0,5.7,observed,False,0.0,0,none
2025-04-14 05:00:00,13.1,0.0,83.0,4.9,observed,False,0.0,0,none
2025-04-14 06:00:00,14.0,0.0,82.0,3.4,observed,False,0.0,0,none
2025-04-14 07:00:00,14.8,0.0,78.0,11.2,observed,False,0.0,0,none
2025-04-14 08:00:00,16.6,0.0,64.0,8.6,observed,False,0.0,0,none
2025-04-14 09:00:00,16.7,0.0,68.0,7.6,observed,False,0.0,0,none
2025-04-14 10:00:00,20.4,0.0,66.0,10.4,observed,False,0.0,0,none
2025-04-14 11:00:00,20.5,0.2,61.0,10.9,observed,False,0.2000000000000018,1,light
2025-04-14 12:00:00,21.3,0.0,70.0,16.9,observed,False,0.2000000000000018,0,none
2025-04-14 13:00:00,20.7,0.6,78.0,18.0,observed,False,0.8000000000000018,1,light
2025-04-14 14:00:00,20.4,0.9,79.0,8.9,observed,False,1.5000000000000018,1,light
2025-04-14 15:00:00,21.4,1.7,77.0,16.0,observed,False,3.200000000000002,1,light
2025-04-14 16:00:00,21.4,3.2,84.0,4.6,observed,False,5.8000000000000025,1,moderate
2025-04-14 17:00:00,22.9,0.0,63.0,7.7,observed,False,4.900000000000002,0,none
2025-04-14 18:00:00,21.95,0.0,53.0,12.9,observed,True,3.200000000000002,0,none
2025-04-14 19:00:00,21.0,0.0,67.0,5.3,observed,False,0.0,0,none
2025-04-14 20:00:00,17.7,1.1,86.0,16.2,observed,False,1.1000000000000019,1,light
2025-04-14 21:00:00,15.7,3.9,88.0,10.7,observed,False,5.000000000000002,1,moderate
2025-04-14 22:00:00,15.7,0.0,72.0,13.8,observed,False,5.000000000000002,0,none
2025-04-14 23:00:00,15.0,0.0,86.0,4.0,observed,False,3.9000000000000017,0,none
2025-04-15 00:00:00,14.4,0.0,75.0,11.0,observed,False,0.0,0,none
2025-04-15 01:00:00,13.8,0.0,78.0,12.5,observed,False,0.0,0,none
2025-04-15 02:00:00,12.8,0.0,78.0,10.6,observed,False,0.0,0,none
2025-04-15 03:00:00,13.0,0.0,82.0,11.3,observed,False,0.0,0,none
2025-04-15 04:00:00,12.7,0.0,83.0,15.3,observed,False,0.0,0,none
2025-04-15 05:00:00,13.0,0.0,82.0,11.1,observed,False,0.0,0,none
2025-04-15 06:00:00,15.3,0.0,71.0,7.5,observed,False,0.0,0,none
2025-04-15 07:00:00,15.2,0.0,74.0,12.6,observed,False,0.0,0,none
2025-04-15 08:00:00,17.7,0.0,64.0,5.4,observed,False,0.0,0,none
2025-04-15 09:00:00,18.9,0.0,66.0,14.8,observed,False,0.0,0,none
2025-04-15 10:00:00,20.8,0.0,61.0,17.3,observed,False,0.0,0,none
2025-04-15 11:00:00,19.3,4.4,75.0,18.1,observed,False,4.400000000000002,1,moderate
2025-04-15 12:00:00,23.4,0.0,58.0,8.6,observed,False,4.400000000000002,0,none
2025-04-15 13:00:00,24.0,0.0,52.0,11.3,observed,False,4.400000000000002,0,none
2025-04-15 14:00:00,24.2,0.1,58.0,20.1,observed,False,0.10000000000000178,1,light
2025-04-15 15:00:00,24.2,0.0,52.0,12.1,observed,False,0.10000000000000178,0,none
2025-04-15 16:00:00,24.5,0.0,53.0,7.5,observed,False,0.10000000000000178,0,none
2025-04-15 17:00:00,21.7,2.2,80.0,10.4,observed,False,2.200000000000002,1,light
2025-04-15 18:00:00,19.6,0.9,84.0,5.9,observed,False,3.100000000000002,1,light
2025-04-15 19:00:00,21.7,0.0,69.0,15.8,observed,False,3.100000000000002,0,none
2025-04-15 20:00:00,20.3,0.0,66.0,4.4,observed,False,0.9000000000000018,0,none
2025-04-15 21:00:00,17.950000000000003,0.0,74.0,11.7,observed,False,0.0,0,none
2025-04-15 22:00:00,17.8,0.0,67.0,11.2,observed,False,0.0,0,none
2025-04-15 23:00:00,16.2,0.0,76.0,6.9,observed,False,0.0,0,none
2025-04-16 00:00:00,15.8,0.0,67.0,22.5,observed,False,0.0,0,none
2025-04-16 01:00:00,13.3,0.0,82.0,6.5,observed,False,0.0,0,none
2025-04-16 02:00:00,13.3,0.0,82.0,17.4,observed,False,0.0,0,none
2025-04-16 03:00:00,12.9,0.0,78.0,10.4,observed,False,0.0,0,none
2025-04-16 04:00:00,13.6,0.0,88.0,15.0,observed,False,0.0,0,none
2025-04-16 05:00:00,14.5,0.0,85.0,10.0,observed,False,0.0,0,none
2025-04-16 06:00:00,14.2,0.0,87.0,17.0,observed,False,0.0,0,none
2025-04-16 07:00:00,15.4,0.0,84.0,6.9,observed,False,0.0,0,none
2025-04-16 08:00:00,17.2,0.0,81.0,16.9,observed,False,0.0,0,none
2025-04-16 09:00:00,18.8,0.0,69.0,7.3,observed,False,0.0,0,none
2025-04-16 10:00:00,20.1,0.0,64.0,11.2,observed,False,0.0,0,none
2025-04-16 11:00:00,21.7,0.0,66.0,13.9,observed,False,0.0,0,none
2025-04-16 12:00:00,22.2,0.0,61.0,9.9,observed,False,0.0,0,none
2025-04-16 13:00:00,22.6,0.0,63.0,6.9,observed,False,0.0,0,none
2025-04-16 14:00:00,23.4,0.0,65.0,10.8,observed,False,0.0,0,none
2025-04-16 15:00:00,24.3,0.0,57.0,14.1,observed,False,0.0,0,none
2025-04-16 16:00:00,23.6,0.0,52.0,5.0,observed,False,0.0,0,none
2025-04-16 17:00:00,23.1,0.0,52.0,15.0,observed,False,0.0,0,none
2025-04-16 18:00:00,22.6,0.0,57.0,5.5,observed,False,0.0,0,none
2025-04-16 19:00:00,21.400000000000002,0.0,61.666666666666664,6.933333333333334,observed,True,0.0,0,none
2025-04-16 20:00:00,20.2,0.0,66.33333333333333,8.366666666666667,observed,True,0.0,0,none
2025-04-16 21:00:00,19.0,0.0,71.0,9.8,observed,False,0.0,0,none
2025-04-16 22:00:00,17.0,0.0,72.0,18.4,observed,False,0.0,0,none
2025-04-16 23:00:00,16.2,0.0,75.0,9.1,observed,False,0.0,0,none
2025-04-17 00:00:00,14.5,0.0,77.0,11.9,observed,False,0.0,0,none
2025-04-17 01:00:00,15.7,0.0,71.0,14.0,observed,False,0.0,0,none
2025-04-17 02:00:00,14.2,0.0,79.0,14.9,observed,False,0.0,0,none
2025-04-17 03:00:00,13.8,0.0,74.0,16.7,observed,False,0.0,0,none
2025-04-17 04:00:00,13.7,0.0,81.0,16.5,observed,False,0.0,0,none
2025-04-17 05:00:00,14.9,0.0,74.0,10.1,observed,False,0.0,0,none
2025-04-17 06:00:00,15.8,0.0,73.0,8.2,observed,False,0.0,0,none
2025-04-17 07:00:00,16.8,0.0,71.0,14.8,observed,False,0.0,0,none
2025-04-17 08:00:00,17.9,0.0,66.0,15.6,observed,False,0.0,0,none
2025-04-17 09:00:00,20.3,0.0,65.0,8.9,observed,False,0.0,0,none
2025-04-17 10:00:00,20.3,0.0,73.0,4.8,observed,False,0.0,0,none
2025-04-17 11:00:00,22.7,0.0,52.0,12.4,observed,False,0.0,0,none
2025-04-17 12:00:00,23.6,0.0,56.0,13.4,observed,False,0.0,0,none
2025-04-17 13:00:00,23.9,0.0,57.0,14.8,observed,False,0.0,0,none
2025-04-17 14:00:00,24.5,0.0,63.0,7.7,observed,False,0.0,0,none
2025-04-17 15:00:00,24.9,0.0,65.0,9.7,observed,False,0.0,0,none
2025-04-17 16:00:00,25.0,0.0,54.0,12.5,observed,False,0.0,0,none
2025-04-17 17:00:00,24.7,0.0,57.0,8.5,observed,False,0.0,0,none
2025-04-17 18:00:00,23.8,0.0,60.0,8.6,observed,False,0.0,0,none
2025-04-17 19:00:00,22.1,0.0,64.0,10.9,observed,False,0.0,0,none
2025-04-17 20:00:00,21.8,0.0,55.0,11.2,observed,False,0.0,0,none
2025-04-17 21:00:00,20.0,0.0,61.0,7.6,observed,False,0.0,0,none
2025-04-17 22:00:00,18.0,0.0,73.0,8.7,observed,False,0.0,0,none
2025-04-17 23:00:00,16.6,0.0,76.0,5.6,observed,False,0.0,0,none
2025-04-18 00:00:00,15.8,0.0,86.0,7.1,observed,False,0.0,0,none
2025-04-18 01:00:00,14.2,0.0,78.0,5.4,observed,False,0.0,0,none
2025-04-18 02:00:00,13.5,0.0,82.0,19.0,observed,False,0.0,0,none
2025-04-18 03:00:00,13.9,0.0,81.0,14.6,observed,False,0.0,0,none
2025-04-18 04:00:00,14.4,0.0,81.0,8.0,observed,False,0.0,0,none
2025-04-18 05:00:00,14.8,0.0,79.0,8.1,observed,False,0.0,0,none
2025-04-18 06:00:00,15.0,0.0,76.0,10.8,observed,False,0.0,0,none
2025-04-18 07:00:00,16.4,0.0,75.0,6.2,observed,False,0.0,0,none
2025-04-18 08:00:00,18.0,0.0,70.0,8.5,observed,False,0.0,0,none
2025-04-18 09:00:00,19.0,0.0,69.0,8.5,observed,False,0.0,0,none
2025-04-18 10:00:00,20.9,0.0,62.0,4.4,observed,False,0.0,0,none
2025-04-18 11:00:00,21.4,0.0,61.0,13.7,observed,False,0.0,0,none
2025-04-18 12:00:00,23.0,0.0,57.0,8.3,observed,False,0.0,0,none
2025-04-18 13:00:00,23.5,0.0,62.0,16.4,observed,False,0.0,0,none
2025-04-18 14:00:00,24.8,0.0,43.0,8.7,observed,False,0.0,0,none
2025-04-18 15:00:00,25.2,0.0,45.0,13.5,observed,False,0.0,0,none
2025-04-18 16:00:00,24.6,0.0,56.0,10.7,observed,False,0.0,0,none
2025-04-18 17:00:00,24.9,0.0,60.0,12.6,observed,False,0.0,0,none
2025-04-18 18:00:00,23.3,0.0,49.0,9.8,observed,False,0.0,0,none
2025-04-18 19:00:00,22.6,0.0,68.0,8.7,observed,False,0.0,0,none
2025-04-18 20:00:00,20.1,0.0,70.0,3.7,observed,False,0.0,0,none
2025-04-18 21:00:00,19.0,0.0,69.0,11.1,observed,False,0.0,0,none
2025-04-18 22:00:00,17.2,0.0,67.0,7.1,observed,False,0.0,0,none
2025-04-18 23:00:00,16.2,0.0,66.0,11.3,observed,False,0.0,0,none
2025-04-19 00:00:00,17.0,0.0,65.0,11.6,observed,False,0.0,0,none
2025-04-19 01:00:00,16.2,0.0,71.0,7.1,observed,False,0.0,0,none
2025-04-19 02:00:00,15.7,0.0,77.0,9.3,observed,False,0.0,0,none
2025-04-19 03:00:00,15.2,0.0,79.0,12.7,observed,False,0.0,0,none
2025-04-19 04:00:00,15.1,0.0,78.0,6.5,observed,False,0.0,0,none
2025-04-19 05:00:00,15.2,0.0,80.0,10.2,observed,False,0.0,0,none
2025-04-19 06:00:00,17.1,0.0,72.0,7.0,observed,False,0.0,0,none
2025-04-19 07:00:00,17.7,0.0,65.0,8.5,observed,False,0.0,0,none
2025-04-19 08:00:00,19.6,0.0,68.0,15.3,observed,False,0.0,0,none
2025-04-19 09:00:00,21.4,0.0,64.0,15.7,observed,False,0.0,0,none
2025-04-19 10:00:00,21.7,0.0,66.0,8.0,observed,False,0.0,0,none
2025-04-19 11:00:00,23.4,0.0,57.0,9.1,observed,False,0.0,0,none
2025-04-19 12:00:00,25.5,0.0,55.0,11.3,observed,False,0.0,0,none
2025-04-19 13:00:00,26.4,0.0,47.0,11.1,observed,False,0.0,0,none
2025-04-19 14:00:00,26.55,0.0,49.0,7.55,observed,True,0.0,0,none
2025-04-19 15:00:00,26.7,0.0,51.0,4.0,observed,False,0.0,0,none
2025-04-19 16:00:00,25.5,0.0,47.0,8.7,observed,False,0.0,0,none
2025-04-19 17:00:00,26.1,0.0,48.0,15.3,observed,False,0.0,0,none
2025-04-19 18:00:00,24.4,0.0,60.0,9.3,observed,False,0.0,0,none
2025-04-19 19:00:00,23.8,0.0,59.0,10.6,observed,False,0.0,0,none
2025-04-19 20:00:00,22.3,0.0,66.0,13.8,observed,False,0.0,0,none
2025-04-19 21:00:00,20.8,0.0,66.0,7.0,observed,False,0.0,0,none
2025-04-19 22:00:00,19.7,0.0,75.0,8.4,observed,False,0.0,0,none
2025-04-19 23:00:00,18.2,0.0,68.0,16.6,observed,False,0.0,0,none
2025-04-20 00:00:00,16.3,0.0,74.0,16.2,observed,False,0.0,0,none
2025-04-20 01:00:00,15.5,0.0,75.0,9.3,observed,False,0.0,0,none
2025-04-20 02:00:00,15.7,0.0,81.0,9.7,observed,False,0.0,0,none
2025-04-20 03:00:00,13.6,0.0,83.0,9.0,observed,False,0.0,0,none
2025-04-20 04:00:00,15.1,0.0,72.0,16.3,observed,False,0.0,0,none
2025-04-20 05:00:00,15.8,0.0,75.0,6.3,observed,False,0.0,0,none
2025-04-20 06:00:00,16.6,0.0,80.0,7.1,observed,False,0.0,0,none
2025-04-20 07:00:00,17.3,0.0,81.0,16.2,observed,False,0.0,0,none
2025-04-20 08:00:00,19.9,0.0,65.0,20.7,observed,False,0.0,0,none
2025-04-20 09:00:00,20.2,0.0,71.0,17.7,observed,False,0.0,0,none
2025-04-20 10:00:00,22.3,0.0,57.0,9.2,observed,False,0.0,0,none
2025-04-20 11:00:00,23.2,0.0,49.0,12.5,observed,False,0.0,0,none
2025-04-20 12:00:00,24.6,0.0,55.0,8.0,observed,False,0.0,0,none
2025-04-20 13:00:00,25.0,0.0,50.0,6.3,observed,False,0.0,0,none
2025-04-20 14:00:00,26.3,0.0,49.0,5.9,observed,False,0.0,0,none
2025-04-20 15:00:00,25.5,0.0,44.0,18.2,observed,False,0.0,0,none
2025-04-20 16:00:00,26.1,0.0,54.0,5.1,observed,False,0.0,0,none
2025-04-20 17:00:00,25.5,0.0,50.0,9.8,observed,False,0.0,0,none
2025-04-20 18:00:00,24.4,0.0,62.0,9.1,observed,False,0.0,0,none
2025-04-20 19:00:00,22.9,0.0,51.0,23.7,observed,False,0.0,0,none
2025-04-20 20:00:00,21.6,0.0,69.0,4.6,observed,False,0.0,0,none
2025-04-20 21:00:00,19.1,0.0,67.0,20.8,observed,False,0.0,0,none
2025-04-20 22:00:00,19.1,0.0,69.0,9.6,observed,False,0.0,0,none
2025-04-20 23:00:00,18.1,0.0,65.0,16.7,observed,False,0.0,0,none
2025-04-21 00:00:00,16.3,0.0,81.0,9.6,observed,False,0.0,0,none
2025-04-21 01:00:00,15.8,0.0,76.0,3.8,observed,False,0.0,0,none
2025-04-21 02:00:00,14.3,0.0,79.0,14.8,observed,False,0.0,0,none
2025-04-21 03:00:00,14.6,0.0,73.0,12.5,observed,False,0.0,0,none
2025-04-21 04:00:00,14.7,0.0,84.0,13.3,observed,False,0.0,0,none
2025-04-21 05:00:00,14.6,0.0,70.0,7.6,observed,False,0.0,0,none
2025-04-21 06:00:00,16.4,0.0,74.0,6.5,observed,False,0.0,0,none
2025-04-21 07:00:00,17.1,0.0,78.0,10.9,observed,False,0.0,0,none
2025-04-21 08:00:00,18.2,0.0,63.0,11.1,observed,False,0.0,0,none
2025-04-21 09:00:00,21.0,0.0,57.0,9.8,observed,False,0.0,0,none
2025-04-21 10:00:00,20.4,0.0,69.0,12.4,observed,False,0.0,0,none
2025-04-21 11:00:00,22.8,0.0,59.0,6.5,observed,False,0.0,0,none
2025-04-21 12:00:00,24.1,0.0,58.0,12.7,observed,False,0.0,0,none
2025-04-21 13:00:00,25.6,0.0,50.0,17.6,observed,False,0.0,0,none
2025-04-21 14:00:00,25.7,0.0,51.0,5.3,observed,False,0.0,0,none
2025-04-21 15:00:00,23.7,1.9,65.0,14.0,observed,False,1.9000000000000017,1,light
2025-04-21 16:00:00,23.7,0.9,69.0,11.3,observed,False,2.8000000000000016,1,light
2025-04-21 17:00:00,22.5,3.8,69.0,8.9,observed,False,6.600000000000001,1,moderate
2025-04-21 18:00:00,23.8,0.0,61.0,12.3,observed,False,4.700000000000001,0,none
2025-04-21 19:00:00,23.2,0.0,57.0,4.6,observed,False,3.8000000000000016,0,none
2025-04-21 20:00:00,21.4,0.0,57.0,5.4,observed,False,0.0,0,none
2025-04-21 21:00:00,20.3,0.0,64.0,8.3,observed,False,0.0,0,none
2025-04-21 22:00:00,18.6,0.0,74.0,16.9,observed,False,0.0,0,none
2025-04-21 23:00:00,16.9,0.0,61.0,12.6,observed,False,0.0,0,none
2025-04-22 00:00:00,14.7,0.0,85.0,16.9,observed,False,0.0,0,none
2025-04-22 01:00:00,14.9,0.0,87.0,22.0,observed,False,0.0,0,none
2025-04-22 02:00:00,12.5,0.0,87.0,11.7,observed,False,0.0,0,none
2025-04-22 03:00:00,13.3,0.0,78.0,5.4,observed,False,0.0,0,none
2025-04-22 04:00:00,13.0,0.0,81.0,5.6,observed,False,0.0,0,none
2025-04-22 05:00:00,13.3,0.0,79.0,19.2,observed,False,0.0,0,none
2025-04-22 06:00:00,14.3,0.0,81.0,8.1,observed,False,0.0,0,none
2025-04-22 07:00:00,16.3,0.0,68.0,7.5,observed,False,0.0,0,none
2025-04-22 08:00:00,17.5,0.0,70.0,7.2,observed,False,0.0,0,none
2025-04-22 09:00:00,18.3,0.0,69.0,9.0,observed,False,0.0,0,none
2025-04-22 10:00:00,19.5,0.0,71.0,12.5,observed,False,0.0,0,none
2025-04-22 11:00:00,20.5,0.0,63.0,21.7,observed,False,0.0,0,none
2025-04-22 12:00:00,21.5,0.0,55.0,4.2,observed,False,0.0,0,none
2025-04-22 13:00:00,22.8,0.0,58.0,7.4,observed,False,0.0,0,none
2025-04-22 14:00:00,23.8,0.0,61.0,10.8,observed,False,0.0,0,none
2025-04-22 15:00:00,23.7,0.0,55.0,22.8,observed,False,0.0,0,none
2025-04-22 16:00:00,23.9,0.0,55.0,11.9,observed,False,0.0,0,none
2025-04-22 17:00:00,23.6,0.0,61.0,8.4,observed,False,0.0,0,none
2025-04-22 18:00:00,21.1,0.0,59.0,4.1,observed,False,0.0,0,none
2025-04-22 19:00:00,21.1,0.0,63.0,9.1,observed,False,0.0,0,none
2025-04-22 20:00:00,19.6,0.0,72.0,14.8,observed,False,0.0,0,none
2025-04-22 21:00:00,18.5,0.0,70.0,9.2,observed,False,0.0,0,none
2025-04-22 22:00:00,16.4,0.0,72.0,9.7,observed,False,0.0,0,none
2025-04-22 23:00:00,15.3,0.0,81.0,11.1,observed,False,0.0,0,none
2025-04-23 00:00:00,13.5,0.0,87.0,8.8,observed,False,0.0,0,none
2025-04-23 01:00:00,12.5,0.0,82.0,8.7,observed,False,0.0,0,none
2025-04-23 02:00:00,11.5,0.0,80.0,7.2,observed,False,0.0,0,none
2025-04-23 03:00:00,12.4,0.0,79.0,10.3,observed,False,0.0,0,none
2025-04-23 04:00:00,12.6,0.0,82.0,8.5,observed,False,0.0,0,none
2025-04-23 05:00:00,12.2,0.0,77.0,11.4,observed,False,0.0,0,none
2025-04-23 06:00:00,13.100000000000001,0.0,80.0,11.2,observed,False,0.0,0,none
2025-04-23 07:00:00,16.1,0.0,77.0,4.4,observed,False,0.0,0,none
2025-04-23 08:00:00,17.0,0.0,74.0,13.1,observed,False,0.0,0,none
2025-04-23 09:00:00,17.8,0.0,67.0,5.8,observed,False,0.0,0,none
2025-04-23 10:00:00,18.8,0.0,72.0,12.6,observed,False,0.0,0,none
2025-04-23 11:00:00,20.9,0.0,68.0,11.7,observed,False,0.0,0,none
2025-04-23 12:00:00,18.9,3.2,77.0,10.4,observed,False,3.200000000000002,1,moderate
2025-04-23 13:00:00,22.6,0.2,57.0,10.9,observed,False,3.400000000000002,1,light
2025-04-23 14:00:00,22.8,0.0,53.0,6.6,observed,False,3.400000000000002,0,none
2025-04-23 15:00:00,23.0,0.1,55.0,3.9,observed,False,0.3000000000000018,1,light
2025-04-23 16:00:00,23.4,0.0,60.0,17.5,observed,False,0.10000000000000178,0,none
2025-04-23 17:00:00,22.3,0.0,51.0,17.3,observed,False,0.10000000000000178,0,none
2025-04-23 18:00:00,21.1,0.0,66.0,6.4,observed,False,0.0,0,none
2025-04-23 19:00:00,20.4,0.0,68.0,6.0,observed,False,0.0,0,none
2025-04-23 20:00:00,18.9,0.0,67.0,11.0,observed,False,0.0,0,none
2025-04-23 21:00:00,15.399999999999999,4.3,93.0,11.2,observed,False,4.300000000000002,1,moderate
2025-04-23 22:00:00,16.0,0.0,77.0,7.2,observed,False,4.300000000000002,0,none
2025-04-23 23:00:00,15.3,0.0,82.0,9.5,observed,False,4.300000000000002,0,none
2025-04-24 00:00:00,14.3,0.0,83.0,13.2,observed,False,0.0,0,none
2025-04-24 01:00:00,15.3,0.0,74.0,14.4,observed,False,0.0,0,none
2025-04-24 02:00:00,13.5,0.0,79.0,7.4,observed,False,0.0,0,none
2025-04-24 03:00:00,12.5,0.0,81.0,10.1,observed,False,0.0,0,none
2025-04-24 04:00:00,13.6,0.0,84.0,17.8,observed,False,0.0,0,none
2025-04-24 05:00:00,14.5,0.0,79.0,15.5,observed,False,0.0,0,none
2025-04-24 06:00:00,15.1,0.0,73.0,8.7,observed,False,0.0,0,none
2025-04-24 07:00:00,17.2,0.0,72.0,4.8,observed,False,0.0,0,none
2025-04-24 08:00:00,17.6,0.0,68.0,14.2,observed,False,0.0,0,none
2025-04-24 09:00:00,19.8,0.0,62.0,10.0,observed,False,0.0,0,none
2025-04-24 10:00:00,19.7,0.0,63.0,7.1,observed,False,0.0,0,none
2025-04-24 11:00:00,21.4,0.0,61.0,9.9,observed,False,0.0,0,none
2025-04-24 12:00:00,21.7,0.0,60.0,20.6,observed,False,0.0,0,none
2025-04-24 13:00:00,24.3,0.0,60.0,21.9,observed,False,0.0,0,none
2025-04-24 14:00:00,24.2,0.0,53.0,9.0,observed,False,0.0,0,none
2025-04-24 15:00:00,24.7,0.0,45.0,13.8,observed,False,0.0,0,none
2025-04-24 16:00:00,24.349999999999998,0.0,50.0,10.95,observed,True,0.0,0,none
2025-04-24 17:00:00,24.0,0.0,55.0,8.1,observed,False,0.0,0,none
2025-04-24 18:00:00,23.0,0.0,51.0,13.0,observed,False,0.0,0,none
2025-04-24 19:00:00,22.2,0.0,59.0,9.7,observed,False,0.0,0,none
2025-04-24 20:00:00,20.6,0.0,67.0,6.7,observed,False,0.0,0,none
2025-04-24 21:00:00,18.8,0.0,65.0,9.4,observed,False,0.0,0,none
2025-04-24 22:00:00,17.2,0.0,74.0,10.0,observed,False,0.0,0,none
2025-04-24 23:00:00,16.6,0.0,76.0,7.3,observed,False,0.0,0,none
2025-04-25 00:00:00,13.6,0.0,81.0,5.3,observed,False,0.0,0,none
2025-04-25 01:00:00,13.8,0.0,75.0,8.1,observed,False,0.0,0,none
2025-04-25 02:00:00,13.2,0.0,80.0,12.5,observed,False,0.0,0,none
2025-04-25 03:00:00,13.3,0.0,81.0,7.5,observed,False,0.0,0,none
2025-04-25 04:00:00,12.6,0.0,91.0,7.6,observed,False,0.0,0,none
2025-04-25 05:00:00,13.8,0.0,78.0,12.1,observed,False,0.0,0,none
2025-04-25 06:00:00,13.9,0.0,85.0,12.3,observed,False,0.0,0,none
2025-04-25 07:00:00,15.5,0.0,78.0,9.5,observed,False,0.0,0,none
2025-04-25 08:00:00,16.7,0.0,62.0,7.6,observed,False,0.0,0,none
2025-04-25 09:00:00,18.4,0.0,67.0,10.2,observed,False,0.0,0,none
2025-04-25 10:00:00,20.4,0.0,66.0,10.7,observed,False,0.0,0,none
2025-04-25 11:00:00,20.3,0.0,60.0,4.5,observed,False,0.0,0,none
2025-04-25 12:00:00,22.0,0.0,53.0,9.1,observed,False,0.0,0,none
2025-04-25 13:00:00,23.0,0.0,67.0,14.3,observed,False,0.0,0,none
2025-04-25 14:00:00,24.4,0.0,52.0,8.1,observed,False,0.0,0,none
2025-04-25 15:00:00,23.0,0.0,43.0,6.9,observed,False,0.0,0,none
2025-04-25 16:00:00,23.6,0.0,51.0,16.4,observed,False,0.0,0,none
2025-04-25 17:00:00,22.5,0.0,59.0,4.4,observed,False,0.0,0,none
2025-04-25 18:00:00,22.9,0.0,56.0,23.8,observed,False,0.0,0,none
2025-04-25 19:00:00,21.1,0.0,60.0,21.5,observed,False,0.0,0,none
2025-04-25 20:00:00,19.5,0.0,65.0,14.9,observed,False,0.0,0,none
2025-04-25 21:00:00,19.2,0.0,67.0,9.4,observed,False,0.0,0,none
2025-04-25 22:00:00,17.0,0.0,72.0,7.8,observed,False,0.0,0,none
2025-04-25 23:00:00,15.9,0.0,74.0,11.5,observed,False,0.0,0,none
2025-04-26 00:00:00,16.8,0.0,68.0,17.2,observed,False,0.0,0,none
2025-04-26 01:00:00,15.2,0.0,68.0,6.5,observed,False,0.0,0,none
2025-04-26 02:00:00,13.8,0.0,73.0,7.4,observed,False,0.0,0,none
2025-04-26 03:00:00,14.1,0.0,82.0,7.7,observed,False,0.0,0,none
2025-04-26 04:00:00,13.6,0.0,79.0,15.8,observed,False,0.0,0,none
2025-04-26 05:00:00,15.2,0.0,73.0,8.2,observed,False,0.0,0,none
2025-04-26 06:00:00,15.9,0.0,77.0,6.4,observed,True,0.0,0,none
2025-04-26 07:00:00,15.6,0.0,85.0,8.4,observed,False,0.0,0,none
2025-04-26 08:00:00,16.9,0.0,75.0,13.4,observed,False,0.0,0,none
2025-04-26 09:00:00,19.4,0.0,68.0,6.9,observed,False,0.0,0,none
2025-04-26 10:00:00,20.7,0.0,67.0,12.2,observed,False,0.0,0,none
2025-04-26 11:00:00,21.9,0.0,63.0,16.9,observed,False,0.0,0,none
2025-04-26 12:00:00,24.0,0.0,61.0,12.0,observed,False,0.0,0,none
2025-04-26 13:00:00,24.3,0.0,43.0,15.7,observed,False,0.0,0,none
2025-04-26 14:00:00,24.2,0.0,57.0,8.7,observed,False,0.0,0,none
2025-04-26 15:00:00,22.0,4.5,78.0,3.7,observed,False,4.500000000000002,1,moderate
2025-04-26 16:00:00,25.3,0.0,51.0,16.4,observed,False,4.500000000000002,0,none
2025-04-26 17:00:00,24.5,0.0,57.0,14.0,observed,False,4.500000000000002,0,none
2025-04-26 18:00:00,24.5,0.0,47.0,4.5,observed,False,0.0,0,none
2025-04-26 19:00:00,21.8,0.1,63.0,15.7,observed,False,0.10000000000000178,1,light
2025-04-26 20:00:00,21.325000000000003,0.0,63.5,11.05,observed,True,0.10000000000000178,0,none
2025-04-26 21:00:00,20.85,0.0,64.0,6.4,observed,False,0.10000000000000178,0,none
2025-04-26 22:00:00,17.6,0.0,78.0,13.0,observed,False,0.0,0,none
2025-04-26 23:00:00,17.1,0.0,83.0,4.8,observed,False,0.0,0,none
2025-04-27 00:00:00,14.950000000000001,0.0,82.5,7.65,observed,True,0.0,0,none
2025-04-27 01:00:00,12.8,0.0,82.0,10.5,observed,False,0.0,0,none
2025-04-27 02:00:00,12.1,0.0,82.0,15.3,observed,False,0.0,0,none
2025-04-27 03:00:00,12.3,0.0,82.0,10.6,observed,False,0.0,0,none
2025-04-27 04:00:00,12.6,0.0,95.0,18.4,observed,False,0.0,0,none
2025-04-27 05:00:00,12.8,0.0,86.0,17.0,observed,False,0.0,0,none
2025-04-27 06:00:00,14.2,0.0,79.0,4.3,observed,False,0.0,0,none
2025-04-27 07:00:00,14.7,0.0,75.0,3.8,observed,False,0.0,0,none
2025-04-27 08:00:00,16.6,0.0,79.0,8.2,observed,False,0.0,0,none
2025-04-27 09:00:00,17.7,0.0,75.0,15.6,observed,False,0.0,0,none
2025-04-27 10:00:00,19.4,0.0,69.0,8.7,observed,False,0.0,0,none
2025-04-27 11:00:00,19.9,0.0,62.0,7.0,observed,False,0.0,0,none
2025-04-27 12:00:00,21.4,0.0,66.0,7.4,observed,False,0.0,0,none
2025-04-27 13:00:00,22.4,0.0,47.0,12.1,observed,False,0.0,0,none
2025-04-27 14:00:00,22.8,0.0,55.0,10.3,observed,False,0.0,0,none
2025-04-27 15:00:00,23.0,0.0,58.0,5.3,observed,False,0.0,0,none
2025-04-27 16:00:00,23.4,0.0,58.0,12.7,observed,False,0.0,0,none
2025-04-27 17:00:00,22.4,0.0,58.5,12.5,observed,False,0.0,0,none
2025-04-27 18:00:00,21.5,0.0,59.0,7.7,observed,True,0.0,0,none
2025-04-27 19:00:00,20.6,0.0,66.0,11.2,observed,False,0.0,0,none
2025-04-27 20:00:00,18.65,0.0,83.0,7.3,observed,False,0.0,0,none
2025-04-27 21:00:00,17.5,0.0,76.0,5.2,observed,False,0.0,0,none
2025-04-27 22:00:00,16.4,0.0,69.0,8.6,observed,False,0.0,0,none
2025-04-27 23:00:00,15.3,0.0,79.0,18.1,observed,False,0.0,0,none
2025-04-28 00:00:00,14.5,0.0,80.0,17.0,observed,False,0.0,0,none
2025-04-28 01:00:00,12.5,0.0,90.0,9.6,observed,False,0.0,0,none
2025-04-28 02:00:00,11.9,0.0,78.0,5.9,observed,False,0.0,0,none
2025-04-28 03:00:00,11.9,0.0,85.0,7.4,observed,False,0.0,0,none
2025-04-28 04:00:00,13.5,0.0,74.0,14.1,observed,False,0.0,0,none
2025-04-28 05:00:00,13.1,0.0,88.0,6.5,observed,False,0.0,0,none
2025-04-28 06:00:00,13.9,0.0,78.0,7.1,observed,False,0.0,0,none
2025-04-28 07:00:00,14.8,0.0,83.0,5.9,observed,False,0.0,0,none
2025-04-28 08:00:00,16.6,0.0,71.0,17.2,observed,False,0.0,0,none
2025-04-28 09:00:00,19.0,0.0,62.0,21.8,observed,False,0.0,0,none
2025-04-28 10:00:00,18.7,0.0,64.0,13.2,observed,False,0.0,0,none
2025-04-28 11:00:00,21.0,0.0,60.0,7.0,observed,False,0.0,0,none
2025-04-28 12:00:00,22.4,0.0,61.0,7.2,observed,False,0.0,0,none
2025-04-28 13:00:00,23.1,0.0,61.0,5.4,observed,False,0.0,0,none
2025-04-28 14:00:00,23.3,0.0,56.0,7.0,observed,False,0.0,0,none
2025-04-28 15:00:00,23.8,0.0,52.0,8.9,observed,False,0.0,0,none
2025-04-28 16:00:00,23.5,0.0,53.0,9.8,observed,False,0.0,0,none
2025-04-28 17:00:00,22.8,0.0,57.0,13.7,observed,False,0.0,0,none
2025-04-28 18:00:00,21.5,0.0,59.0,10.1,observed,False,0.0,0,none
2025-04-28 19:00:00,20.7,0.0,59.0,9.4,observed,False,0.0,0,none
2025-04-28 20:00:00,19.3,0.0,65.0,15.5,observed,False,0.0,0,none
2025-04-28 21:00:00,17.7,0.0,73.0,8.1,observed,False,0.0,0,none
2025-04-28 22:00:00,16.6,0.0,68.0,9.2,observed,False,0.0,0,none
2025-04-28 23:00:00,15.3,0.0,77.0,17.9,observed,False,0.0,0,none
2025-04-29 00:00:00,13.8,0.0,89.0,9.2,observed,False,0.0,0,none
2025-04-29 01:00:00,14.7,0.0,90.0,18.2,observed,False,0.0,0,none
2025-04-29 02:00:00,14.1,0.0,84.0,7.7,observed,False,0.0,0,none
2025-04-29 03:00:00,13.1,0.0,85.0,12.6,observed,True,0.0,0,none
2025-04-29 04:00:00,13.6,0.0,88.0,12.2,observed,False,0.0,0,none
2025-04-29 05:00:00,13.5,0.0,83.0,11.2,observed,False,0.0,0,none
2025-04-29 06:00:00,15.5,0.0,73.0,12.7,observed,False,0.0,0,none
2025-04-29 07:00:00,15.2,0.0,79.0,13.2,observed,False,0.0,0,none
2025-04-29 08:00:00,17.3,0.0,73.0,10.2,observed,False,0.0,0,none
2025-04-29 09:00:00,19.5,0.0,75.0,23.1,observed,False,0.0,0,none
2025-04-29 10:00:00,20.6,0.0,67.0,14.4,observed,False,0.0,0,none
2025-04-29 11:00:00,22.0,0.0,62.0,4.8,observed,False,0.0,0,none
2025-04-29 12:00:00,22.9,0.0,60.0,9.3,observed,False,0.0,0,none
2025-04-29 13:00:00,24.1,0.0,46.0,10.2,observed,False,0.0,0,none
2025-04-29 14:00:00,24.1,0.0,67.0,4.3,observed,False,0.0,0,none
2025-04-29 15:00:00,24.15,0.0,59.5,7.9,observed,True,0.0,0,none
2025-04-29 16:00:00,24.2,0.5,52.0,11.5,observed,False,0.5000000000000018,1,light
2025-04-29 17:00:00,24.4,0.0,59.0,5.7,observed,False,0.5000000000000018,0,none
2025-04-29 18:00:00,23.0,0.3,54.0,10.0,observed,False,0.8000000000000018,1,light
2025-04-29 19:00:00,22.1,0.0,58.0,15.8,observed,False,0.30000000000000177,0,none
2025-04-29 20:00:00,20.9,0.0,62.0,9.1,observed,False,0.30000000000000177,0,none
2025-04-29 21:00:00,19.6,0.0,63.0,5.7,observed,False,0.0,0,none
2025-04-29 22:00:00,17.2,0.0,64.0,11.0,observed,False,0.0,0,none
2025-04-29 23:00:00,15.8,0.0,62.0,14.7,observed,False,0.0,0,none
2025-04-30 00:00:00,16.2,0.0,76.0,8.7,observed,False,0.0,0,none
2025-04-30 01:00:00,13.5,0.0,78.0,16.8,observed,False,0.0,0,none
2025-04-30 02:00:00,13.7,0.0,70.0,11.2,observed,False,0.0,0,none
2025-04-30 03:00:00,13.5,0.0,71.0,7.4,observed,False,0.0,0,none
2025-04-30 04:00:00,14.2,0.0,70.0,9.1,observed,False,0.0,0,none
2025-04-30 05:00:00,13.7,0.0,80.0,16.7,observed,False,0.0,0,none
2025-04-30 06:00:00,15.1,0.0,76.0,15.7,observed,False,0.0,0,none
2025-04-30 07:00:00,17.1,0.0,69.0,5.6,observed,False,0.0,0,none
2025-04-30 08:00:00,18.1,0.0,67.0,18.8,observed,False,0.0,0,none
2025-04-30 09:00:00,19.3,0.0,62.0,10.9,observed,False,0.0,0,none
2025-04-30 10:00:00,20.1,0.0,65.0,13.2,observed,False,0.0,0,none
2025-04-30 11:00:00,21.0,0.0,56.0,9.6,observed,False,0.0,0,none
2025-04-30 12:00:00,23.2,0.0,58.0,12.1,observed,False,0.0,0,none
2025-04-30 13:00:00,22.9,0.0,59.0,8.6,observed,False,0.0,0,none
2025-04-30 14:00:00,24.8,0.0,46.0,15.6,observed,False,0.0,0,none
2025-04-30 15:00:00,24.35,0.0,53.5,10.85,observed,True,0.0,0,none
2025-04-30 16:00:00,23.9,0.0,61.0,6.1,observed,False,0.0,0,none
2025-04-30 17:00:00,24.1,0.0,58.0,8.7,observed,False,0.0,0,none
2025-04-30 18:00:00,22.3,0.0,59.0,10.6,observed,False,0.0,0,none
2025-04-30 19:00:00,21.1,0.0,53.0,10.1,observed,False,0.0,0,none
2025-04-30 20:00:00,20.4,0.0,60.0,13.9,observed,False,0.0,0,none
2025-04-30 21:00:00,19.1,0.0,59.0,8.1,observed,False,0.0,0,none
2025-04-30 22:00:00,17.6,0.0,69.0,11.2,observed,False,0.0,0,none
2025-04-30 23:00:00,17.7,0.0,74.0,6.6,observed,False,0.0,0,none
2025-05-01 00:00:00,15.4,0.0,73.0,7.3,observed,False,0.0,0,none
2025-05-01 01:00:00,13.4,0.0,81.0,15.1,observed,False,0.0,0,none
2025-05-01 02:00:00,13.6,0.0,79.0,6.2,observed,False,0.0,0,none
2025-05-01 03:00:00,13.3,0.0,86.0,11.7,observed,False,0.0,0,none
2025-05-01 04:00:00,13.2,0.0,82.0,13.5,observed,False,0.0,0,none
2025-05-01 05:00:00,13.7,0.0,79.0,16.6,observed,False,0.0,0,none
2025-05-01 06:00:00,15.6,0.0,72.0,15.4,observed,False,0.0,0,none
2025-05-01 07:00:00,15.6,0.0,67.0,14.6,observed,False,0.0,0,none
2025-05-01 08:00:00,18.3,0.0,66.0,20.8,observed,False,0.0,0,none
2025-05-01 09:00:00,18.7,0.0,66.0,11.3,observed,False,0.0,0,none
2025-05-01 10:00:00,20.15,0.0,60.0,5.9,observed,True,0.0,0,none
2025-05-01 11:00:00,21.6,0.0,63.0,12.6,observed,False,0.0,0,none
2025-05-01 12:00:00,22.0,0.0,61.0,6.1,observed,False,0.0,0,none
2025-05-01 13:00:00,24.3,0.0,53.0,12.2,observed,False,0.0,0,none
2025-05-01 14:00:00,24.8,0.0,57.0,19.9,observed,False,0.0,0,none
2025-05-01 15:00:00,24.45,0.0,49.0,19.7,observed,False,0.0,0,none
2025-05-01 16:00:00,23.4,0.0,69.0,11.7,observed,False,0.0,0,none
2025-05-01 17:00:00,24.4,0.0,49.0,19.5,observed,False,0.0,0,none
2025-05-01 18:00:00,22.6,0.0,64.0,11.4,observed,False,0.0,0,none
2025-05-01 19:00:00,21.6,0.0,71.0,12.3,observed,False,0.0,0,none
2025-05-01 20:00:00,19.3,0.0,74.0,17.3,observed,False,0.0,0,none
2025-05-01 21:00:00,18.6,0.0,74.0,5.9,observed,False,0.0,0,none
2025-05-01 22:00:00,17.4,0.0,74.0,6.5,observed,False,0.0,0,none
2025-05-01 23:00:00,16.7,0.0,70.0,13.9,observed,False,0.0,0,none
2025-05-02 00:00:00,15.5,0.0,77.0,9.3,observed,False,0.0,0,none
2025-05-02 01:00:00,13.4,0.0,85.0,8.9,observed,False,0.0,0,none
2025-05-02 02:00:00,14.2,0.0,78.0,12.2,observed,False,0.0,0,none
2025-05-02 03:00:00,14.0,0.0,76.0,8.9,observed,False,0.0,0,none
2025-05-02 04:00:00,13.6,0.0,83.0,9.8,observed,False,0.0,0,none
2025-05-02 05:00:00,14.9,0.0,76.0,15.2,observed,False,0.0,0,none
2025-05-02 06:00:00,14.8,0.0,81.0,10.1,observed,False,0.0,0,none
2025-05-02 07:00:00,17.7,0.0,66.0,22.6,observed,False,0.0,0,none
2025-05-02 08:00:00,18.5,0.0,64.0,15.5,observed,False,0.0,0,none
2025-05-02 09:00:00,20.6,0.0,65.0,10.6,observed,False,0.0,0,none
2025-05-02 10:00:00,21.3,0.0,63.0,12.75,observed,True,0.0,0,none
2025-05-02 11:00:00,22.0,0.0,61.0,14.9,observed,False,0.0,0,none
2025-05-02 12:00:00,21.3,0.8,81.0,10.5,observed,False,0.8000000000000018,1,light
2025-05-02 13:00:00,24.1,0.3,56.0,4.3,observed,False,1.1000000000000019,1,light
2025-05-02 14:00:00,24.7,0.0,58.0,14.7,observed,False,1.1000000000000019,0,none
2025-05-02 15:00:00,25.3,0.0,52.0,11.5,observed,False,0.30000000000000177,0,none
2025-05-02 16:00:00,22.8,0.8,64.0,5.0,observed,False,0.8000000000000018,1,light
2025-05-02 17:00:00,21.5,21.0,76.0,6.1,observed,False,21.8,1,heavy
2025-05-02 18:00:00,23.7,0.1,62.0,9.3,observed,False,21.900000000000002,1,light
2025-05-02 19:00:00,20.3,6.1,78.0,5.3,observed,False,27.2,1,moderate
2025-05-02 20:00:00,21.0,0.0,57.0,15.9,observed,False,6.199999999999999,0,none
2025-05-02 21:00:00,19.099999999999998,0.0,66.0,19.55,observed,True,6.1,0,none
2025-05-02 22:00:00,17.2,0.0,75.0,23.2,observed,False,0.0,0,none
2025-05-02 23:00:00,16.6,0.0,81.0,9.3,observed,False,0.0,0,none
2025-05-03 00:00:00,16.7,0.0,71.0,18.0,observed,False,0.0,0,none
2025-05-03 01:00:00,16.9,0.0,74.0,15.2,observed,False,0.0,0,none
2025-05-03 02:00:00,15.7,0.0,67.0,9.6,observed,True,0.0,0,none
2025-05-03 03:00:00,14.5,0.0,84.0,10.9,observed,False,0.0,0,none
2025-05-03 04:00:00,15.5,0.0,71.0,7.7,observed,False,0.0,0,none
2025-05-03 05:00:00,17.5,0.0,68.0,17.4,observed,False,0.0,0,none
2025-05-03 06:00:00,17.3,0.0,72.0,3.9,observed,False,0.0,0,none
2025-05-03 07:00:00,18.6,0.0,62.0,15.3,observed,False,0.0,0,none
2025-05-03 08:00:00,18.6,0.0,61.0,13.8,observed,False,0.0,0,none
2025-05-03 09:00:00,21.2,0.0,64.0,8.6,observed,False,0.0,0,none
2025-05-03 10:00:00,22.3,0.0,58.0,6.1,observed,False,0.0,0,none
2025-05-03 11:00:00,23.7,0.0,59.0,10.4,observed,False,0.0,0,none
2025-05-03 12:00:00,25.3,0.0,59.0,9.5,observed,False,0.0,0,none
2025-05-03 13:00:00,25.2,0.0,50.0,11.0,observed,False,0.0,0,none
2025-05-03 14:00:00,27.3,0.0,52.0,10.2,observed,False,0.0,0,none
2025-05-03 15:00:00,26.9,0.0,58.0,4.4,observed,False,0.0,0,none
2025-05-03 16:00:00,25.5,0.0,52.0,10.9,observed,False,0.0,0,none
2025-05-03 17:00:00,25.6,0.0,57.0,9.9,observed,False,0.0,0,none
2025-05-03 18:00:00,25.1,0.0,61.0,11.8,observed,False,0.0,0,none
2025-05-03 19:00:00,24.4,0.0,59.0,9.6,observed,False,0.0,0,none
2025-05-03 20:00:00,22.3,0.0,61.0,4.1,observed,False,0.0,0,none
2025-05-03 21:00:00,20.5,0.0,64.0,11.8,observed,False,0.0,0,none
2025-05-03 22:00:00,19.7,0.0,66.0,24.4,observed,False,0.0,0,none
2025-05-03 23:00:00,18.4,0.0,62.0,8.1,observed,False,0.0,0,none
2025-05-04 00:00:00,16.5,0.0,65.0,11.0,observed,False,0.0,0,none
2025-05-04 01:00:00,15.9,0.0,75.0,4.7,observed,False,0.0,0,none
2025-05-04 02:00:00,15.3,0.0,74.0,11.4,observed,False,0.0,0,none
2025-05-04 03:00:00,15.7,0.0,75.0,7.4,observed,False,0.0,0,none
2025-05-04 04:00:00,14.7,0.0,72.0,4.8,observed,False,0.0,0,none
2025-05-04 05:00:00,15.4,0.0,86.0,8.2,observed,False,0.0,0,none
2025-05-04 06:00:00,17.5,0.0,69.0,8.1,observed,False,0.0,0,none
2025-05-04 07:00:00,17.6,0.0,78.0,6.7,observed,False,0.0,0,none
2025-05-04 08:00:00,20.3,0.0,64.0,10.5,observed,False,0.0,0,none
2025-05-04 09:00:00,21.1,0.0,64.0,19.6,observed,False,0.0,0,none
2025-05-04 10:00:00,21.8,0.0,70.0,11.9,observed,False,0.0,0,none
2025-05-04 11:00:00,23.5,0.0,58.0,6.7,observed,False,0.0,0,none
2025-05-04 12:00:00,24.7,0.0,50.0,7.2,observed,False,0.0,0,none
2025-05-04 13:00:00,26.8,0.0,53.0,5.9,observed,False,0.0,0,none
2025-05-04 14:00:00,26.1,0.0,60.0,7.9,observed,False,0.0,0,none
2025-05-04 15:00:00,26.3,0.0,51.0,14.9,observed,False,0.0,0,none
2025-05-04 16:00:00,26.9,0.0,44.0,7.1,observed,False,0.0,0,none
2025-05-04 17:00:00,25.3,0.0,57.0,8.5,observed,False,0.0,0,none
2025-05-04 18:00:00,24.7,0.0,53.0,8.5,observed,False,0.0,0,none
2025-05-04 19:00:00,23.7,0.0,53.0,5.2,observed,False,0.0,0,none
2025-05-04 20:00:00,22.8,0.0,56.0,4.1,observed,False,0.0,0,none
2025-05-04 21:00:00,20.8,0.0,61.0,8.3,observed,False,0.0,0,none
2025-05-04 22:00:00,19.2,0.0,73.0,8.3,observed,False,0.0,0,none
2025-05-04 23:00:00,18.4,0.0,66.0,15.2,observed,False,0.0,0,none
2025-05-05 00:00:00,18.0,0.0,66.0,17.9,observed,False,0.0,0,none
2025-05-05 01:00:00,16.3,0.0,74.0,7.0,observed,False,0.0,0,none
2025-05-05 02:00:00,16.2,0.0,69.0,11.8,observed,False,0.0,0,none
2025-05-05 03:00:00,16.6,0.0,67.0,11.2,observed,False,0.0,0,none
2025-05-05 04:00:00,16.5,0.0,72.0,9.0,observed,False,0.0,0,none
2025-05-05 05:00:00,17.5,0.0,64.0,4.9,observed,False,0.0,0,none
2025-05-05 06:00:00,18.7,0.0,67.0,11.9,observed,False,0.0,0,none
2025-05-05 07:00:00,19.0,0.0,66.0,7.0,observed,False,0.0,0,none
2025-05-05 08:00:00,20.1,0.0,63.0,10.0,observed,False,0.0,0,none
2025-05-05 09:00:00,20.9,0.0,63.0,12.5,observed,False,0.0,0,none
2025-05-05 10:00:00,23.7,0.0,49.0,10.2,observed,False,0.0,0,none
2025-05-05 11:00:00,23.9,0.0,49.0,8.7,observed,False,0.0,0,none
2025-05-05 12:00:00,25.4,0.0,54.0,6.5,observed,False,0.0,0,none
2025-05-05 13:00:00,26.7,0.0,47.0,5.1,observed,False,0.0,0,none
2025-05-05 14:00:00,26.7,0.0,54.0,14.9,observed,False,0.0,0,none
2025-05-05 15:00:00,28.0,0.0,37.0,11.2,observed,False,0.0,0,none
2025-05-05 16:00:00,27.4,0.0,53.0,10.6,observed,False,0.0,0,none
2025-05-05 17:00:00,25.7,0.0,63.0,11.5,observed,False,0.0,0,none
2025-05-05 18:00:00,25.9,0.0,58.0,4.3,observed,False,0.0,0,none
2025-05-05 19:00:00,24.0,0.0,53.0,8.3,observed,True,0.0,0,none
2025-05-05 20:00:00,22.1,0.0,62.0,5.1,observed,False,0.0,0,none
2025-05-05 21:00:00,21.0,0.0,61.0,7.4,observed,False,0.0,0,none
2025-05-05 22:00:00,20.5,0.0,65.0,11.5,observed,False,0.0,0,none
2025-05-05 23:00:00,19.2,0.0,59.0,10.5,observed,False,0.0,0,none
2025-05-06 00:00:00,17.7,0.0,75.0,7.9,observed,False,0.0,0,none
2025-05-06 01:00:00,16.4,0.0,72.0,14.9,observed,False,0.0,0,none
2025-05-06 02:00:00,16.7,0.0,58.0,4.2,observed,False,0.0,0,none
2025-05-06 03:00:00,15.9,0.0,77.0,10.5,observed,False,0.0,0,none
2025-05-06 04:00:00,17.1,0.0,74.0,8.4,observed,False,0.0,0,none
2025-05-06 05:00:00,16.6,0.0,70.0,13.9,observed,False,0.0,0,none
2025-05-06 06:00:00,18.1,0.0,63.0,6.8,observed,False,0.0,0,none
2025-05-06 07:00:00,19.8,0.0,58.0,18.3,observed,False,0.0,0,none
2025-05-06 08:00:00,20.6,0.0,64.0,14.3,observed,False,0.0,0,none
2025-05-06 09:00:00,20.6,0.0,72.0,14.0,observed,False,0.0,0,none
2025-05-06 10:00:00,22.1,0.0,58.0,8.7,observed,False,0.0,0,none
2025-05-06 11:00:00,24.5,0.0,55.0,6.3,observed,False,0.0,0,none
2025-05-06 12:00:00,25.6,0.0,48.0,15.2,observed,False,0.0,0,none
2025-05-06 13:00:00,26.2,0.0,55.0,16.6,observed,False,0.0,0,none
2025-05-06 14:00:00,26.8,0.0,50.0,17.4,observed,False,0.0,0,none
2025-05-06 15:00:00,26.8,0.0,45.0,16.3,observed,False,0.0,0,none
2025-05-06 16:00:00,27.3,0.0,51.0,8.7,observed,False,0.0,0,none
2025-05-06 17:00:00,26.9,0.0,44.0,6.9,observed,False,0.0,0,none
2025-05-06 18:00:00,25.8,0.0,39.0,11.3,observed,False,0.0,0,none
2025-05-06 19:00:00,24.4,0.0,61.0,10.6,observed,False,0.0,0,none
2025-05-06 20:00:00,23.6,0.0,56.0,19.6,observed,False,0.0,0,none
2025-05-06 21:00:00,22.0,0.0,59.0,18.3,observed,False,0.0,0,none
2025-05-06 22:00:00,20.9,0.0,62.0,8.6,observed,False,0.0,0,none
2025-05-06 23:00:00,19.0,0.0,66.0,13.3,observed,False,0.0,0,none
2025-05-07 00:00:00,17.3,0.0,81.0,7.1,observed,False,0.0,0,none
2025-05-07 01:00:00,15.0,0.0,76.0,5.5,observed,False,0.0,0,none
2025-05-07 02:00:00,15.5,0.0,76.0,10.9,observed,False,0.0,0,none
2025-05-07 03:00:00,14.9,0.0,77.0,10.5,observed,False,0.0,0,none
2025-05-07 04:00:00,16.2,0.0,75.0,5.2,observed,False,0.0,0,none
2025-05-07 05:00:00,15.4,0.0,79.0,10.4,observed,False,0.0,0,none
2025-05-07 06:00:00,15.8,0.0,77.0,6.2,observed,False,0.0,0,none
2025-05-07 07:00:00,18.1,0.0,68.0,18.0,observed,False,0.0,0,none
2025-05-07 08:00:00,18.5,0.0,71.0,8.0,observed,False,0.0,0,none
2025-05-07 09:00:00,20.3,0.0,65.0,12.0,observed,False,0.0,0,none
2025-05-07 10:00:00,22.4,0.0,56.0,5.5,observed,False,0.0,0,none
2025-05-07 11:00:00,22.4,0.0,54.0,9.4,observed,False,0.0,0,none
2025-05-07 12:00:00,23.6,0.0,58.0,16.7,observed,False,0.0,0,none
2025-05-07 13:00:00,26.2,0.0,54.0,19.1,observed,False,0.0,0,none
2025-05-07 14:00:00,26.1,0.0,59.0,15.2,observed,False,0.0,0,none
2025-05-07 15:00:00,26.6,0.0,55.0,10.4,observed,False,0.0,0,none
2025-05-07 16:00:00,26.150000000000002,0.0,58.0,5.7,observed,True,0.0,0,none
2025-05-07 17:00:00,25.7,0.0,43.0,17.9,observed,False,0.0,0,none
2025-05-07 18:00:00,24.0,0.0,53.0,6.7,observed,False,0.0,0,none
2025-05-07 19:00:00,23.2,0.0,49.0,20.3,observed,False,0.0,0,none
2025-05-07 20:00:00,21.1,0.0,57.0,8.7,observed,False,0.0,0,none
2025-05-07 21:00:00,20.6,0.0,62.0,11.1,observed,False,0.0,0,none
2025-05-07 22:00:00,19.2,0.0,66.0,15.0,observed,False,0.0,0,none
2025-05-07 23:00:00,17.7,0.0,61.0,14.8,observed,False,0.0,0,none
2025-05-08 00:00:00,16.8,0.0,70.0,11.1,observed,False,0.0,0,none
2025-05-08 01:00:00,16.266666666666666,0.0,69.0,9.4,observed,True,0.0,0,none
2025-05-08 02:00:00,15.733333333333333,0.0,70.66666666666667,8.5,observed,True,0.0,0,none
2025-05-08 03:00:00,15.2,0.0,72.33333333333333,7.6,observed,True,0.0,0,none
2025-05-08 04:00:00,14.8,0.0,74.0,20.6,observed,False,0.0,0,none
2025-05-08 05:00:00,14.9,0.0,71.0,11.7,observed,False,0.0,0,none
2025-05-08 06:00:00,16.5,0.0,72.0,11.1,observed,False,0.0,0,none
2025-05-08 07:00:00,17.3,0.0,80.0,5.9,observed,False,0.0,0,none
2025-05-08 08:00:00,18.3,0.0,66.0,4.5,observed,False,0.0,0,none
2025-05-08 09:00:00,20.0,0.0,59.0,14.3,observed,False,0.0,0,none
2025-05-08 10:00:00,20.7,0.0,60.5,21.9,observed,False,0.0,0,none
2025-05-08 11:00:00,22.7,0.0,62.0,7.8,observed,False,0.0,0,none
2025-05-08 12:00:00,23.5,0.0,60.0,15.8,observed,False,0.0,0,none
2025-05-08 13:00:00,24.9,0.0,58.0,10.5,observed,False,0.0,0,none
2025-05-08 14:00:00,26.3,0.0,44.0,14.3,observed,False,0.0,0,none
2025-05-08 15:00:00,25.4,0.0,52.0,10.4,observed,False,0.0,0,none
2025-05-08 16:00:00,25.4,0.0,44.0,18.3,observed,False,0.0,0,none
2025-05-08 17:00:00,25.0,0.0,51.0,5.5,observed,False,0.0,0,none
2025-05-08 18:00:00,23.8,0.0,57.0,12.3,observed,False,0.0,0,none
2025-05-08 19:00:00,22.8,0.0,59.5,11.25,observed,True,0.0,0,none
2025-05-08 20:00:00,21.8,0.0,62.0,10.2,observed,False,0.0,0,none
2025-05-08 21:00:00,19.8,0.0,66.0,6.2,observed,False,0.0,0,none
2025-05-08 22:00:00,18.1,0.0,71.0,14.9,observed,False,0.0,0,none
2025-05-08 23:00:00,18.3,0.0,71.0,18.5,observed,False,0.0,0,none
2025-05-09 00:00:00,17.5,0.0,73.0,8.4,observed,False,0.0,0,none
2025-05-09 01:00:00,17.0,0.0,71.0,11.3,observed,False,0.0,0,none
2025-05-09 02:00:00,16.2,0.0,69.0,10.0,observed,False,0.0,0,none
2025-05-09 03:00:00,15.4,0.0,78.0,17.3,observed,False,0.0,0,none
2025-05-09 04:00:00,16.1,0.0,64.0,15.8,observed,False,0.0,0,none
2025-05-09 05:00:00,16.9,0.0,79.0,18.2,observed,False,0.0,0,none
2025-05-09 06:00:00,17.0,0.0,74.0,6.8,observed,False,0.0,0,none
2025-05-09 07:00:00,17.4,0.0,72.0,5.0,observed,False,0.0,0,none
2025-05-09 08:00:00,20.7,0.0,70.0,8.4,observed,False,0.0,0,none
2025-05-09 09:00:00,20.5,0.0,59.0,5.7,observed,False,0.0,0,none
2025-05-09 10:00:00,22.3,0.0,59.0,10.3,observed,False,0.0,0,none
2025-05-09 11:00:00,23.9,0.0,63.0,5.0,observed,False,0.0,0,none
2025-05-09 12:00:00,25.7,0.0,50.0,10.1,observed,False,0.0,0,none
2025-05-09 13:00:00,25.9,0.0,59.0,18.4,observed,False,0.0,0,none
2025-05-09 14:00:00,26.8,0.0,41.0,15.6,observed,False,0.0,0,none
2025-05-09 15:00:00,26.5,0.0,50.0,13.1,observed,False,0.0,0,none
2025-05-09 16:00:00,26.6,0.0,44.0,11.4,observed,False,0.0,0,none
2025-05-09 17:00:00,25.9,0.0,48.0,11.2,observed,False,0.0,0,none
2025-05-09 18:00:00,25.3,0.0,44.0,9.0,observed,False,0.0,0,none
2025-05-09 19:00:00,24.7,0.0,50.0,10.8,observed,False,0.0,0,none
2025-05-09 20:00:00,22.6,0.0,59.0,12.6,observed,False,0.0,0,none
2025-05-09 21:00:00,19.9,0.0,69.0,8.6,observed,False,0.0,0,none
2025-05-09 22:00:00,20.4,0.0,66.0,11.3,observed,False,0.0,0,none
2025-05-09 23:00:00,18.9,0.0,74.0,6.9,observed,False,0.0,0,none
2025-05-10 00:00:00,16.8,0.0,71.0,20.8,observed,False,0.0,0,none
2025-05-10 01:00:00,14.4,0.0,73.0,8.9,observed,False,0.0,0,none
2025-05-10 02:00:00,14.1,0.0,77.0,6.3,observed,False,0.0,0,none
2025-05-10 03:00:00,14.0,0.0,74.0,7.4,observed,False,0.0,0,none
2025-05-10 04:00:00,14.0,0.0,80.0,8.9,observed,False,0.0,0,none
2025-05-10 05:00:00,14.5,0.0,82.0,11.2,observed,False,0.0,0,none
2025-05-10 06:00:00,15.1,0.0,76.0,12.4,observed,False,0.0,0,none
2025-05-10 07:00:00,16.7,0.0,72.0,9.0,observed,False,0.0,0,none
2025-05-10 08:00:00,18.299999999999997,0.0,68.5,13.45,observed,True,0.0,0,none
2025-05-10 09:00:00,19.9,0.0,65.0,17.9,observed,False,0.0,0,none
2025-05-10 10:00:00,19.9,0.0,64.0,5.5,observed,False,0.0,0,none
2025-05-10 11:00:00,21.7,0.0,56.0,16.5,observed,False,0.0,0,none
2025-05-10 12:00:00,23.6,0.0,50.0,18.3,observed,False,0.0,0,none
2025-05-10 13:00:00,24.3,0.0,55.0,12.6,observed,False,0.0,0,none
2025-05-10 14:00:00,25.2,0.0,55.0,4.9,observed,False,0.0,0,none
2025-05-10 15:00:00,25.3,0.0,48.0,15.3,observed,False,0.0,0,none
2025-05-10 16:00:00,25.05,0.0,51.5,16.0,observed,True,0.0,0,none
2025-05-10 17:00:00,24.8,0.0,55.0,16.7,observed,False,0.0,0,none
2025-05-10 18:00:00,21.2,1.6,67.0,16.2,observed,False,1.6,1,light
2025-05-10 19:00:00,20.1,1.3,79.0,8.8,observed,False,2.9000000000000004,1,light
2025-05-10 20:00:00,21.4,0.0,62.0,7.1,observed,False,2.9000000000000004,0,none
2025-05-10 21:00:00,18.8,0.0,77.0,7.0,observed,False,1.3,0,none
2025-05-10 22:00:00,18.2,0.0,68.0,13.8,observed,False,0.0,0,none
2025-05-10 23:00:00,17.6,0.0,63.0,9.3,observed,False,0.0,0,none
2025-05-11 00:00:00,14.9,0.0,72.0,9.1,observed,False,0.0,0,none
2025-05-11 01:00:00,13.3,0.0,77.0,6.6,observed,False,0.0,0,none
2025-05-11 02:00:00,12.7,0.0,77.0,12.3,observed,False,0.0,0,none
2025-05-11 03:00:00,12.1,0.0,85.0,8.5,observed,False,0.0,0,none
2025-05-11 04:00:00,12.9,0.0,81.0,5.8,observed,False,0.0,0,none
2025-05-11 05:00:00,13.4,0.0,84.0,9.1,observed,False,0.0,0,none
2025-05-11 06:00:00,14.549999999999999,0.0,79.0,10.4,observed,True,0.0,0,none
2025-05-11 07:00:00,15.7,0.0,74.0,11.7,observed,False,0.0,0,none
2025-05-11 08:00:00,16.0,0.0,83.0,15.0,observed,False,0.0,0,none
2025-05-11 09:00:00,18.6,0.0,78.0,8.3,observed,False,0.0,0,none
2025-05-11 10:00:00,19.5,0.0,60.0,9.9,observed,False,0.0,0,none
2025-05-11 11:00:00,21.4,0.0,57.0,12.5,observed,False,0.0,0,none
2025-05-11 12:00:00,23.4,0.0,52.0,6.9,observed,False,0.0,0,none
2025-05-11 13:00:00,23.6,0.0,63.0,5.5,observed,False,0.0,0,none
2025-05-11 14:00:00,24.0,0.0,51.0,5.2,observed,False,0.0,0,none
2025-05-11 15:00:00,23.7,0.0,57.0,8.0,observed,False,0.0,0,none
2025-05-11 16:00:00,23.9,0.0,53.0,8.4,observed,False,0.0,0,none
2025-05-11 17:00:00,22.1,0.0,57.0,8.9,observed,False,0.0,0,none
2025-05-11 18:00:00,21.2,0.0,59.5,9.049999999999999,observed,True,0.0,0,none
2025-05-11 19:00:00,20.3,0.0,62.0,9.2,observed,False,0.0,0,none
2025-05-11 20:00:00,19.3,0.0,80.0,6.1,observed,False,0.0,0,none
2025-05-11 21:00:00,18.3,0.0,66.0,8.8,observed,False,0.0,0,none
2025-05-11 22:00:00,17.0,0.0,75.0,6.9,observed,False,0.0,0,none
2025-05-11 23:00:00,15.7,0.0,72.0,12.4,observed,False,0.0,0,none
2025-05-12 00:00:00,14.649999999999999,0.0,78.5,11.049999999999999,observed,True,0.0,0,none
2025-05-12 01:00:00,13.6,0.0,85.0,9.7,observed,False,0.0,0,none
2025-05-12 02:00:00,12.6,0.0,97.0,10.4,observed,False,0.0,0,none
2025-05-12 03:00:00,12.3,0.0,79.0,10.5,observed,False,0.0,0,none
2025-05-12 04:00:00,13.4,0.0,84.0,8.2,observed,False,0.0,0,none
2025-05-12 05:00:00,12.6,0.0,80.0,9.9,observed,False,0.0,0,none
2025-05-12 06:00:00,14.5,0.0,81.0,13.2,observed,False,0.0,0,none
2025-05-12 07:00:00,14.9,0.0,79.0,16.9,observed,False,0.0,0,none
2025-05-12 08:00:00,15.7,0.0,71.0,9.1,observed,False,0.0,0,none
2025-05-12 09:00:00,17.2,0.0,73.0,20.9,observed,False,0.0,0,none
2025-05-12 10:00:00,19.2,0.0,66.0,12.5,observed,False,0.0,0,none
2025-05-12 11:00:00,20.9,0.0,70.0,7.8,observed,False,0.0,0,none
2025-05-12 12:00:00,21.6,0.0,62.0,12.2,observed,False,0.0,0,none
2025-05-12 13:00:00,22.7,0.0,65.0,15.8,observed,False,0.0,0,none
2025-05-12 14:00:00,23.3,0.0,63.0,6.9,observed,False,0.0,0,none
2025-05-12 15:00:00,23.9,0.0,54.0,12.1,observed,False,0.0,0,none
2025-05-12 16:00:00,23.2,0.0,51.0,7.2,observed,False,0.0,0,none
2025-05-12 17:00:00,22.9,0.0,61.0,6.7,observed,False,0.0,0,none
2025-05-12 18:00:00,23.1,0.0,60.0,12.0,observed,False,0.0,0,none
2025-05-12 19:00:00,19.9,0.0,64.0,14.1,observed,False,0.0,0,none
2025-05-12 20:00:00,18.4,0.0,60.0,9.9,observed,False,0.0,0,none
2025-05-12 21:00:00,18.1,0.0,65.0,12.7,observed,False,0.0,0,none
2025-05-12 22:00:00,16.6,0.0,68.0,5.3,observed,False,0.0,0,none
2025-05-12 23:00:00,15.3,0.0,85.0,5.5,observed,False,0.0,0,none
2025-05-13 00:00:00,10.7,0.0,98.0,11.6,observed,False,0.0,0,none
2025-05-13 01:00:00,11.3,0.0,93.0,11.7,observed,False,0.0,0,none
2025-05-13 02:00:00,10.9,0.0,86.0,14.0,observed,False,0.0,0,none
2025-05-13 03:00:00,10.1,0.0,84.0,11.3,observed,False,0.0,0,none
2025-05-13 04:00:00,10.7,0.0,91.0,9.2,observed,False,0.0,0,none
2025-05-13 05:00:00,11.2,0.0,90.0,3.5,observed,False,0.0,0,none
2025-05-13 06:00:00,12.9,0.0,81.0,14.4,observed,False,0.0,0,none
2025-05-13 07:00:00,13.9,0.0,83.0,6.1,observed,False,0.0,0,none
2025-05-13 08:00:00,14.2,0.0,82.0,12.7,observed,False,0.0,0,none
2025-05-13 09:00:00,16.5,0.0,75.0,14.3,observed,False,0.0,0,none
2025-05-13 10:00:00,17.7,0.0,68.0,10.8,observed,False,0.0,0,none
2025-05-13 11:00:00,18.4,0.0,66.0,11.6,observed,False,0.0,0,none
2025-05-13 12:00:00,19.5,0.0,74.0,8.3,observed,False,0.0,0,none
2025-05-13 13:00:00,20.0,0.0,61.0,18.6,observed,False,0.0,0,none
2025-05-13 14:00:00,22.2,0.0,59.0,12.5,observed,False,0.0,0,none
2025-05-13 15:00:00,21.0,0.0,66.0,9.5,observed,False,0.0,0,none
2025-05-13 16:00:00,21.5,0.0,71.0,12.6,observed,False,0.0,0,none
2025-05-13 17:00:00,20.1,0.0,60.0,7.5,observed,False,0.0,0,none
2025-05-13 18:00:00,19.5,0.0,63.0,12.4,observed,False,0.0,0,none
2025-05-13 19:00:00,18.599999999999998,0.0,65.66666666666667,10.9,observed,True,0.0,0,none
2025-05-13 20:00:00,17.7,0.0,68.33333333333333,9.4,observed,False,0.0,0,none
2025-05-13 21:00:00,16.5,0.0,71.0,7.6,observed,False,0.0,0,none
2025-05-13 22:00:00,13.6,0.0,79.0,8.0,observed,False,0.0,0,none
2025-05-13 23:00:00,14.5,0.0,73.0,8.9,observed,False,0.0,0,none
2025-05-14 00:00:00,13.7,0.0,81.0,8.2,observed,True,0.0,0,none
2025-05-14 01:00:00,11.9,0.0,92.0,12.4,observed,False,0.0,0,none
2025-05-14 02:00:00,11.9,0.0,87.5,13.7,observed,False,0.0,0,none
2025-05-14 03:00:00,11.6,0.0,83.0,8.2,observed,False,0.0,0,none
2025-05-14 04:00:00,11.85,0.0,81.0,9.9,observed,True,0.0,0,none
2025-05-14 05:00:00,12.1,0.0,79.0,11.6,observed,False,0.0,0,none
2025-05-14 06:00:00,13.5,0.0,79.0,7.0,observed,False,0.0,0,none
2025-05-14 07:00:00,14.25,0.0,69.0,15.5,observed,True,0.0,0,none
2025-05-14 08:00:00,15.0,0.0,70.0,9.0,observed,False,0.0,0,none
2025-05-14 09:00:00,16.4,0.0,61.0,11.7,observed,False,0.0,0,none
2025-05-14 10:00:00,19.4,0.0,59.0,10.0,observed,False,0.0,0,none
2025-05-14 11:00:00,19.4,0.0,62.0,7.2,observed,False,0.0,0,none
2025-05-14 12:00:00,20.2,0.0,66.0,9.7,observed,False,0.0,0,none
2025-05-14 13:00:00,21.7,0.0,61.0,9.8,observed,False,0.0,0,none
2025-05-14 14:00:00,22.3,0.0,52.0,8.8,observed,False,0.0,0,none
2025-05-14 15:00:00,22.6,0.0,55.0,15.0,observed,False,0.0,0,none
2025-05-14 16:00:00,23.0,0.0,57.0,14.3,observed,False,0.0,0,none
2025-05-14 17:00:00,21.4,0.0,60.0,14.7,observed,False,0.0,0,none
2025-05-14 18:00:00,19.8,0.0,76.0,8.9,observed,False,0.0,0,none
2025-05-14 19:00:00,19.6,0.0,71.0,9.6,observed,False,0.0,0,none
2025-05-14 20:00:00,17.4,0.0,69.0,16.4,observed,False,0.0,0,none
2025-05-14 21:00:00,17.3,0.0,67.0,13.7,observed,False,0.0,0,none
2025-05-14 22:00:00,14.5,0.0,82.0,4.8,observed,False,0.0,0,none
2025-05-14 23:00:00,14.4,0.0,76.0,10.0,observed,False,0.0,0,none
2025-05-15 00:00:00,15.3,0.0,78.0,16.7,observed,False,0.0,0,none
2025-05-15 01:00:00,14.4,0.0,79.0,3.5,observed,False,0.0,0,none
2025-05-15 02:00:00,12.9,0.0,76.0,11.2,observed,False,0.0,0,none
2025-05-15 03:00:00,12.7,0.0,87.0,14.6,observed,False,0.0,0,none
2025-05-15 04:00:00,12.9,0.0,79.0,12.1,observed,True,0.0,0,none
2025-05-15 05:00:00,13.1,0.0,74.0,13.6,observed,False,0.0,0,none
2025-05-15 06:00:00,15.1,0.0,84.0,6.0,observed,False,0.0,0,none
2025-05-15 07:00:00,15.4,0.0,71.0,13.6,observed,False,0.0,0,none
2025-05-15 08:00:00,16.9,0.0,71.0,10.3,observed,False,0.0,0,none
2025-05-15 09:00:00,17.8,0.0,74.0,7.4,observed,False,0.0,0,none
2025-05-15 10:00:00,19.2,0.0,70.0,9.8,observed,False,0.0,0,none
2025-05-15 11:00:00,21.1,0.0,56.0,8.3,observed,False,0.0,0,none
2025-05-15 12:00:00,22.0,0.0,60.0,12.3,observed,False,0.0,0,none
2025-05-15 13:00:00,23.2,0.0,52.0,10.0,observed,False,0.0,0,none
2025-05-15 14:00:00,24.7,0.0,56.0,6.8,observed,False,0.0,0,none
2025-05-15 15:00:00,24.0,0.0,51.0,14.8,observed,False,0.0,0,none
2025-05-15 16:00:00,23.6,0.0,61.0,14.8,observed,False,0.0,0,none
2025-05-15 17:00:00,22.4,0.0,68.0,6.0,observed,False,0.0,0,none
2025-05-15 18:00:00,21.5,0.0,57.0,11.3,observed,False,0.0,0,none
2025-05-15 19:00:00,19.9,0.0,63.0,15.2,observed,False,0.0,0,none
2025-05-15 20:00:00,19.5,0.0,68.0,13.1,observed,False,0.0,0,none
2025-05-15 21:00:00,18.1,0.0,67.0,18.2,observed,False,0.0,0,none
2025-05-15 22:00:00,16.5,0.0,76.0,6.3,observed,False,0.0,0,none
2025-05-15 23:00:00,15.8,0.0,73.0,13.8,observed,False,0.0,0,none
2025-05-16 00:00:00,14.7,0.0,75.0,7.8,observed,False,0.0,0,none
2025-05-16 01:00:00,12.6,0.0,85.0,12.7,observed,False,0.0,0,none
2025-05-16 02:00:00,13.8,0.0,84.0,14.3,observed,False,0.0,0,none
2025-05-16 03:00:00,14.6,0.0,80.0,14.3,observed,False,0.0,0,none
2025-05-16 04:00:00,13.8,0.0,73.0,9.6,observed,False,0.0,0,none
2025-05-16 05:00:00,13.8,0.0,76.0,6.2,observed,False,0.0,0,none
2025-05-16 06:00:00,14.9,0.0,67.0,14.2,observed,False,0.0,0,none
2025-05-16 07:00:00,16.4,0.0,65.0,9.5,observed,False,0.0,0,none
2025-05-16 08:00:00,16.8,0.0,72.0,7.8,observed,False,0.0,0,none
2025-05-16 09:00:00,19.0,0.0,66.0,28.6,observed,False,0.0,0,none
2025-05-16 10:00:00,19.9,0.0,67.0,11.2,observed,False,0.0,0,none
2025-05-16 11:00:00,21.3,0.0,75.0,9.1,observed,False,0.0,0,none
2025-05-16 12:00:00,22.7,0.0,49.0,11.7,observed,False,0.0,0,none
2025-05-16 13:00:00,23.8,0.0,54.0,11.7,observed,False,0.0,0,none
2025-05-16 14:00:00,22.8,0.0,60.0,10.1,observed,False,0.0,0,none
2025-05-16 15:00:00,24.2,0.0,51.0,13.0,observed,False,0.0,0,none
2025-05-16 16:00:00,24.4,0.0,52.0,10.9,observed,False,0.0,0,none
2025-05-16 17:00:00,24.1,0.0,54.0,4.5,observed,False,0.0,0,none
2025-05-16 18:00:00,21.5,0.0,59.0,5.3,observed,False,0.0,0,none
2025-05-16 19:00:00,22.0,0.0,54.0,12.6,observed,False,0.0,0,none
2025-05-16 20:00:00,20.4,0.0,70.0,12.6,observed,False,0.0,0,none
2025-05-16 21:00:00,18.6,0.0,69.0,11.2,observed,False,0.0,0,none
2025-05-16 22:00:00,16.7,0.0,75.0,6.0,observed,False,0.0,0,none
2025-05-16 23:00:00,15.2,0.0,75.0,9.0,observed,False,0.0,0,none
2025-05-17 00:00:00,13.3,0.0,79.0,15.2,observed,False,0.0,0,none
2025-05-17 01:00:00,12.1,0.0,80.0,17.6,observed,False,0.0,0,none
2025-05-17 02:00:00,12.2,0.0,85.0,8.3,observed,False,0.0,0,none
2025-05-17 03:00:00,12.3,0.0,88.0,8.5,observed,False,0.0,0,none
2025-05-17 04:00:00,11.5,0.0,77.0,13.4,observed,False,0.0,0,none
2025-05-17 05:00:00,12.5,0.0,75.0,18.8,observed,False,0.0,0,none
2025-05-17 06:00:00,12.9,0.0,78.0,8.7,observed,False,0.0,0,none
2025-05-17 07:00:00,14.3,0.0,81.0,6.8,observed,False,0.0,0,none
2025-05-17 08:00:00,16.0,0.0,76.0,10.9,observed,False,0.0,0,none
2025-05-17 09:00:00,17.4,0.0,60.0,13.8,observed,False,0.0,0,none
2025-05-17 10:00:00,18.5,0.0,74.0,13.5,observed,False,0.0,0,none
2025-05-17 11:00:00,19.9,0.0,59.0,12.9,observed,False,0.0,0,none
2025-05-17 12:00:00,20.1,0.0,64.0,4.5,observed,False,0.0,0,none
2025-05-17 13:00:00,22.9,0.0,58.0,8.5,observed,False,0.0,0,none
2025-05-17 14:00:00,22.3,0.0,61.0,11.4,observed,False,0.0,0,none
2025-05-17 15:00:00,20.2,2.1,83.0,4.7,observed,False,2.1,1,light
2025-05-17 16:00:00,21.7,0.0,64.0,11.7,observed,False,2.1,0,none
2025-05-17 17:00:00,18.5,2.3,96.0,5.1,observed,False,4.4,1,light
2025-05-17 18:00:00,21.3,0.0,67.0,10.0,observed,False,2.3,0,none
2025-05-17 19:00:00,17.7,3.0,75.0,8.6,observed,False,5.3,1,moderate
2025-05-17 20:00:00,19.7,0.0,68.0,8.4,observed,False,3.0,0,none
2025-05-17 21:00:00,17.2,0.0,73.0,8.3,observed,False,3.0,0,none
2025-05-17 22:00:00,15.6,0.0,79.0,9.2,observed,False,0.0,0,none
2025-05-17 23:00:00,14.3,0.0,84.5,6.3,observed,False,0.0,0,none
2025-05-18 00:00:00,12.2,0.0,90.0,22.0,observed,False,0.0,0,none
2025-05-18 01:00:00,11.3,0.0,75.0,14.4,observed,False,0.0,0,none
2025-05-18 02:00:00,10.8,0.0,98.0,18.1,observed,False,0.0,0,none
2025-05-18 03:00:00,9.7,0.0,94.0,13.3,observed,False,0.0,0,none
2025-05-18 04:00:00,10.8,0.0,96.0,12.2,observed,False,0.0,0,none
2025-05-18 05:00:00,10.4,0.0,83.0,12.8,observed,False,0.0,0,none
2025-05-18 06:00:00,12.2,0.0,89.0,12.8,observed,False,0.0,0,none
2025-05-18 07:00:00,12.9,0.0,83.0,7.9,observed,False,0.0,0,none
2025-05-18 08:00:00,14.5,0.0,74.0,5.7,observed,False,0.0,0,none
2025-05-18 09:00:00,15.0,0.0,86.0,6.1,observed,False,0.0,0,none
2025-05-18 10:00:00,16.4,0.0,72.0,9.0,observed,False,0.0,0,none
2025-05-18 11:00:00,18.1,0.0,68.0,9.3,observed,False,0.0,0,none
2025-05-18 12:00:00,16.9,2.6,93.0,14.6,observed,False,2.6,1,moderate
2025-05-18 13:00:00,20.1,0.0,65.0,7.4,observed,False,2.6,0,none
2025-05-18 14:00:00,21.1,0.0,73.0,11.7,observed,False,2.6,0,none
2025-05-18 15:00:00,21.7,0.0,67.0,5.3,observed,False,0.0,0,none
2025-05-18 16:00:00,20.7,0.0,61.0,17.7,observed,False,0.0,0,none
2025-05-18 17:00:00,19.3,2.0,76.0,20.9,observed,False,2.0,1,light
2025-05-18 18:00:00,18.2,1.1,80.0,12.0,observed,False,3.1,1,light
2025-05-18 19:00:00,19.0,0.0,72.0,5.7,observed,False,3.1,0,none
2025-05-18 20:00:00,17.2,0.0,79.0,7.8,observed,False,1.1,0,none
2025-05-18 21:00:00,16.0,0.0,68.0,12.1,observed,False,0.0,0,none
2025-05-18 22:00:00,14.9,0.0,73.0,11.9,observed,True,0.0,0,none
2025-05-18 23:00:00,13.0,0.0,80.0,4.2,observed,False,0.0,0,none
2025-05-19 00:00:00,12.4,0.0,75.0,5.2,observed,False,0.0,0,none
2025-05-19 01:00:00,12.7,0.0,81.0,7.8,observed,False,0.0,0,none
2025-05-19 02:00:00,11.9,0.0,89.0,4.6,observed,False,0.0,0,none
2025-05-19 03:00:00,10.9,0.0,81.0,6.9,observed,False,0.0,0,none
2025-05-19 04:00:00,11.3,0.0,83.0,7.8,observed,False,0.0,0,none
2025-05-19 05:00:00,12.2,0.0,79.0,6.4,observed,False,0.0,0,none
2025-05-19 06:00:00,13.0,0.0,84.0,5.1,observed,False,0.0,0,none
2025-05-19 07:00:00,14.0,0.0,82.0,5.2,observed,False,0.0,0,none
2025-05-19 08:00:00,15.0,0.0,79.0,11.8,observed,False,0.0,0,none
2025-05-19 09:00:00,17.2,0.0,72.0,9.9,observed,False,0.0,0,none
2025-05-19 10:00:00,19.2,0.0,57.0,12.2,observed,False,0.0,0,none
2025-05-19 11:00:00,18.7,0.0,61.0,11.3,observed,False,0.0,0,none
2025-05-19 12:00:00,22.4,0.0,55.0,5.0,observed,False,0.0,0,none
2025-05-19 13:00:00,21.9,0.0,60.0,13.4,observed,False,0.0,0,none
2025-05-19 14:00:00,21.8,0.0,56.0,15.3,observed,False,0.0,0,none
2025-05-19 15:00:00,22.5,0.0,67.0,17.3,observed,False,0.0,0,none
2025-05-19 16:00:00,21.3,0.0,57.0,5.6,observed,False,0.0,0,none
2025-05-19 17:00:00,21.4,0.0,58.0,7.0,observed,False,0.0,0,none
2025-05-19 18:00:00,20.9,0.0,63.0,9.4,observed,False,0.0,0,none
2025-05-19 19:00:00,18.7,0.0,62.0,21.3,observed,False,0.0,0,none
2025-05-19 20:00:00,18.5,0.0,65.0,3.7,observed,False,0.0,0,none
2025-05-19 21:00:00,16.2,0.0,72.0,12.3,observed,False,0.0,0,none
2025-05-19 22:00:00,16.0,0.0,74.0,13.7,observed,False,0.0,0,none
2025-05-19 23:00:00,13.0,0.0,89.0,9.5,observed,False,0.0,0,none
2025-05-20 00:00:00,13.65,0.0,82.5,7.3,observed,True,0.0,0,none
2025-05-20 01:00:00,14.3,0.0,76.0,5.1,observed,False,0.0,0,none
2025-05-20 02:00:00,12.9,0.0,85.0,21.5,observed,False,0.0,0,none
2025-05-20 03:00:00,12.4,0.0,84.0,7.2,observed,False,0.0,0,none
2025-05-20 04:00:00,13.3,0.0,74.0,5.0,observed,False,0.0,0,none
2025-05-20 05:00:00,13.1,0.0,89.0,13.8,observed,False,0.0,0,none
2025-05-20 06:00:00,13.3,0.0,77.0,12.6,observed,False,0.0,0,none
2025-05-20 07:00:00,16.5,0.0,71.0,5.3,observed,False,0.0,0,none
2025-05-20 08:00:00,17.35,0.0,66.0,5.4,observed,True,0.0,0,none
2025-05-20 09:00:00,18.2,0.0,61.0,5.5,observed,False,0.0,0,none
2025-05-20 10:00:00,18.8,0.0,74.0,9.8,observed,False,0.0,0,none
2025-05-20 11:00:00,20.9,0.0,69.0,9.6,observed,False,0.0,0,none
2025-05-20 12:00:00,22.7,0.0,64.0,8.1,observed,False,0.0,0,none
2025-05-20 13:00:00,23.2,0.0,53.0,5.3,observed,False,0.0,0,none
2025-05-20 14:00:00,23.2,0.0,57.0,19.4,observed,False,0.0,0,none
2025-05-20 15:00:00,22.8,0.0,62.0,6.4,observed,False,0.0,0,none
2025-05-20 16:00:00,23.6,0.0,60.0,20.5,observed,False,0.0,0,none
2025-05-20 17:00:00,23.2,0.0,54.0,7.8,observed,False,0.0,0,none
2025-05-20 18:00:00,22.0,0.0,59.0,11.1,observed,False,0.0,0,none
2025-05-20 19:00:00,20.6,0.0,59.0,15.7,observed,False,0.0,0,none
2025-05-20 20:00:00,18.6,0.0,69.0,12.3,observed,False,0.0,0,none
2025-05-20 21:00:00,17.8,0.0,63.0,16.7,observed,False,0.0,0,none
2025-05-20 22:00:00,16.7,0.0,78.0,12.2,observed,False,0.0,0,none
2025-05-20 23:00:00,15.4,0.0,72.0,7.8,observed,False,0.0,0,none
2025-05-21 00:00:00,15.1,0.0,77.0,7.0,observed,False,0.0,0,none
2025-05-21 01:00:00,15.5,0.0,70.0,5.4,observed,False,0.0,0,none
2025-05-21 02:00:00,13.9,0.0,87.0,3.8,observed,False,0.0,0,none
2025-05-21 03:00:00,13.7,0.0,85.0,8.9,observed,False,0.0,0,none
2025-05-21 04:00:00,13.9,0.0,74.0,8.9,observed,False,0.0,0,none
2025-05-21 05:00:00,14.9,0.0,71.0,12.8,observed,False,0.0,0,none
2025-05-21 06:00:00,15.1,0.0,75.0,17.8,observed,False,0.0,0,none
2025-05-21 07:00:00,16.4,0.0,72.0,17.3,observed,False,0.0,0,none
2025-05-21 08:00:00,17.8,0.0,69.0,21.7,observed,False,0.0,0,none
2025-05-21 09:00:00,19.0,0.0,73.0,15.2,observed,False,0.0,0,none
2025-05-21 10:00:00,21.8,0.0,57.0,7.8,observed,False,0.0,0,none
2025-05-21 11:00:00,22.3,0.0,58.0,5.8,observed,False,0.0,0,none
2025-05-21 12:00:00,20.6,4.9,76.0,9.1,observed,False,4.9,1,moderate
2025-05-21 13:00:00,22.8,3.6,74.0,11.8,observed,False,8.5,1,moderate
2025-05-21 14:00:00,23.8,0.0,56.0,7.1,observed,False,8.5,0,none
2025-05-21 15:00:00,25.2,0.0,53.0,7.9,observed,False,3.6,0,none
2025-05-21 16:00:00,22.1,2.4,75.0,12.8,observed,False,2.4,1,light
2025-05-21 17:00:00,22.6,8.8,70.0,6.3,observed,False,11.200000000000001,1,heavy
2025-05-21 18:00:00,23.9,0.0,50.0,18.1,observed,False,11.200000000000001,0,none
2025-05-21 19:00:00,22.2,0.0,62.0,12.7,observed,False,8.8,0,none
2025-05-21 20:00:00,20.8,0.0,65.0,6.1,observed,False,0.0,0,none
2025-05-21 21:00:00,19.9,0.0,71.0,5.3,observed,False,0.0,0,none
2025-05-21 22:00:00,18.1,0.0,67.0,7.3,observed,False,0.0,0,none
2025-05-21 23:00:00,16.3,0.0,80.0,12.5,observed,False,0.0,0,none
2025-05-22 00:00:00,14.9,0.0,75.0,18.3,observed,False,0.0,0,none
2025-05-22 01:00:00,14.7,0.0,78.0,13.6,observed,False,0.0,0,none
2025-05-22 02:00:00,12.95,0.0,79.0,9.3,observed,False,0.0,0,none
2025-05-22 03:00:00,13.1,0.0,81.0,19.2,observed,False,0.0,0,none
2025-05-22 04:00:00,13.4,0.0,78.0,15.1,observed,False,0.0,0,none
2025-05-22 05:00:00,14.4,0.0,78.0,7.8,observed,False,0.0,0,none
2025-05-22 06:00:00,14.9,0.0,76.0,8.5,observed,False,0.0,0,none
2025-05-22 07:00:00,16.7,0.0,81.0,6.1,observed,False,0.0,0,none
2025-05-22 08:00:00,18.2,0.0,62.0,14.4,observed,False,0.0,0,none
2025-05-22 09:00:00,18.7,0.0,70.0,12.2,observed,False,0.0,0,none
2025-05-22 10:00:00,20.5,0.0,63.0,10.6,observed,False,0.0,0,none
2025-05-22 11:00:00,21.7,0.0,68.0,10.6,observed,False,0.0,0,none
2025-05-22 12:00:00,23.1,0.0,66.0,11.7,observed,False,0.0,0,none
2025-05-22 13:00:00,21.8,4.6,80.0,6.2,observed,False,4.6,1,moderate
2025-05-22 14:00:00,24.5,0.0,55.0,12.8,observed,False,4.6,0,none
2025-05-22 15:00:00,24.3,0.0,50.0,14.6,observed,False,4.6,0,none
2025-05-22 16:00:00,21.8,0.9,68.0,10.6,observed,False,0.9,1,light
2025-05-22 17:00:00,24.2,0.0,58.0,13.0,observed,False,0.9,0,none
2025-05-22 18:00:00,22.099999999999998,2.6,72.0,6.6,observed,True,3.5,1,moderate
2025-05-22 19:00:00,20.0,1.1,81.0,9.8,observed,False,3.7,1,light
2025-05-22 20:00:00,20.6,0.0,66.0,11.3,observed,False,3.7,0,none
2025-05-22 21:00:00,19.7,0.0,67.0,14.5,observed,True,1.1,0,none
2025-05-22 22:00:00,16.8,0.0,77.0,15.3,observed,False,0.0,0,none
2025-05-22 23:00:00,17.0,0.0,64.0,10.2,observed,False,0.0,0,none
2025-05-23 00:00:00,14.1,0.0,77.0,13.3,observed,False,0.0,0,none
2025-05-23 01:00:00,12.8,0.0,85.0,11.7,observed,False,0.0,0,none
2025-05-23 02:00:00,11.6,0.0,73.0,19.3,observed,False,0.0,0,none
2025-05-23 03:00:00,12.0,0.0,76.5,15.8,observed,False,0.0,0,none
2025-05-23 04:00:00,12.7,0.0,80.0,9.2,observed,False,0.0,0,none
2025-05-23 05:00:00,12.4,0.0,84.0,15.9,observed,False,0.0,0,none
2025-05-23 06:00:00,13.8,0.0,76.0,16.0,observed,False,0.0,0,none
2025-05-23 07:00:00,14.9,0.0,82.0,6.3,observed,False,0.0,0,none
2025-05-23 08:00:00,16.3,0.0,81.0,12.5,observed,False,0.0,0,none
2025-05-23 09:00:00,17.6,0.0,64.0,10.2,observed,False,0.0,0,none
2025-05-23 10:00:00,19.0,0.0,65.0,11.0,observed,False,0.0,0,none
2025-05-23 11:00:00,18.5,1.1,86.0,24.3,observed,False,1.1,1,light
2025-05-23 12:00:00,20.55,0.0,73.5,19.75,observed,True,1.1,0,none
2025-05-23 13:00:00,22.6,0.0,61.0,15.2,observed,False,1.1,0,none
2025-05-23 14:00:00,20.8,0.7,87.0,5.6,observed,False,0.7,1,light
2025-05-23 15:00:00,20.3,5.7,75.0,16.1,observed,False,6.4,1,moderate
2025-05-23 16:00:00,20.4,0.7,71.0,12.3,observed,False,7.1000000000000005,1,light
2025-05-23 17:00:00,22.8,0.0,52.0,8.1,observed,False,6.4,0,none
2025-05-23 18:00:00,18.4,1.0,81.0,3.7,observed,False,1.7,1,light
2025-05-23 19:00:00,17.4,2.7,85.0,10.4,observed,False,3.7,1,moderate
2025-05-23 20:00:00,19.0,0.0,68.0,9.6,observed,False,3.7,0,none
2025-05-23 21:00:00,16.85,0.0,73.0,17.2,observed,False,2.7,0,none
2025-05-23 22:00:00,16.1,0.0,64.0,5.8,observed,False,0.0,0,none
2025-05-23 23:00:00,14.2,0.0,81.0,7.8,observed,False,0.0,0,none
2025-05-24 00:00:00,13.6,0.0,75.0,12.4,observed,False,0.0,0,none
2025-05-24 01:00:00,13.5,0.0,83.0,11.1,observed,False,0.0,0,none
2025-05-24 02:00:00,13.0,0.0,82.5,9.1,observed,False,0.0,0,none
2025-05-24 03:00:00,11.9,0.0,82.0,14.3,observed,False,0.0,0,none
2025-05-24 04:00:00,13.2,0.0,87.0,10.2,observed,False,0.0,0,none
2025-05-24 05:00:00,13.3,0.0,83.0,9.4,observed,False,0.0,0,none
2025-05-24 06:00:00,14.5,0.0,75.0,7.1,observed,False,0.0,0,none
2025-05-24 07:00:00,15.3,0.0,69.0,11.2,observed,False,0.0,0,none
2025-05-24 08:00:00,16.9,0.0,76.0,5.8,observed,False,0.0,0,none
2025-05-24 09:00:00,18.5,0.0,69.0,10.6,observed,False,0.0,0,none
2025-05-24 10:00:00,19.5,0.0,76.0,12.5,observed,False,0.0,0,none
2025-05-24 11:00:00,20.3,0.0,64.0,17.4,observed,False,0.0,0,none
2025-05-24 12:00:00,21.8,0.0,59.0,11.45,observed,True,0.0,0,none
2025-05-24 13:00:00,23.3,0.0,54.0,5.5,observed,False,0.0,0,none
2025-05-24 14:00:00,22.5,0.0,51.0,5.7,observed,False,0.0,0,none
2025-05-24 15:00:00,24.7,0.1,54.0,9.3,observed,False,0.1,1,light
2025-05-24 16:00:00,21.75,3.8499999999999996,75.0,13.4,observed,False,3.9499999999999997,1,moderate
2025-05-24 17:00:00,23.7,0.0,55.0,6.9,observed,False,3.9499999999999997,0,none
2025-05-24 18:00:00,22.3,0.0,65.0,15.4,observed,False,3.8499999999999996,0,none
2025-05-24 19:00:00,21.0,0.0,52.0,8.9,observed,False,0.0,0,none
2025-05-24 20:00:00,20.3,0.0,66.0,14.2,observed,False,0.0,0,none
2025-05-24 21:00:00,18.2,0.0,74.0,9.9,observed,False,0.0,0,none
2025-05-24 22:00:00,16.95,0.0,72.5,9.65,observed,True,0.0,0,none
2025-05-24 23:00:00,15.7,0.0,71.0,9.4,observed,False,0.0,0,none
2025-05-25 00:00:00,14.2,0.0,78.0,10.1,observed,False,0.0,0,none
2025-05-25 01:00:00,11.3,0.0,89.0,8.3,observed,False,0.0,0,none
2025-05-25 02:00:00,11.7,0.0,82.0,15.0,observed,False,0.0,0,none
2025-05-25 03:00:00,11.6,0.0,91.0,21.7,observed,False,0.0,0,none
2025-05-25 04:00:00,12.2,0.0,74.0,22.1,observed,False,0.0,0,none
2025-05-25 05:00:00,12.1,0.0,79.0,13.6,observed,False,0.0,0,none
2025-05-25 06:00:00,13.7,0.0,74.0,9.0,observed,False,0.0,0,none
2025-05-25 07:00:00,14.7,0.0,79.0,9.0,observed,False,0.0,0,none
2025-05-25 08:00:00,16.6,0.0,73.0,14.4,observed,False,0.0,0,none
2025-05-25 09:00:00,17.5,0.0,70.0,8.8,observed,False,0.0,0,none
2025-05-25 10:00:00,18.5,0.0,69.0,13.8,observed,False,0.0,0,none
2025-05-25 11:00:00,19.8,0.0,59.0,8.2,observed,False,0.0,0,none
2025-05-25 12:00:00,21.7,0.0,61.0,25.9,observed,False,0.0,0,none
2025-05-25 13:00:00,22.1,0.0,64.0,11.7,observed,False,0.0,0,none
2025-05-25 14:00:00,23.1,0.0,52.0,8.5,observed,False,0.0,0,none
2025-05-25 15:00:00,22.85,0.0,53.0,12.6,observed,True,0.0,0,none
2025-05-25 16:00:00,22.6,0.0,68.0,22.3,observed,False,0.0,0,none
2025-05-25 17:00:00,22.3,0.0,55.0,18.2,observed,True,0.0,0,none
2025-05-25 18:00:00,22.0,0.0,42.0,14.1,observed,False,0.0,0,none
2025-05-25 19:00:00,20.5,0.0,71.0,8.9,observed,False,0.0,0,none
2025-05-25 20:00:00,19.7,0.0,62.0,13.1,observed,False,0.0,0,none
2025-05-25 21:00:00,17.2,0.0,76.0,18.2,observed,False,0.0,0,none
2025-05-25 22:00:00,16.0,0.0,78.0,9.7,observed,False,0.0,0,none
2025-05-25 23:00:00,15.6,0.0,69.0,12.0,observed,False,0.0,0,none
2025-05-26 00:00:00,12.1,0.0,83.0,8.6,observed,False,0.0,0,none
2025-05-26 01:00:00,10.8,0.0,81.0,9.5,observed,False,0.0,0,none
2025-05-26 02:00:00,11.2,0.0,94.0,11.1,observed,False,0.0,0,none
2025-05-26 03:00:00,11.0,0.0,85.0,14.0,observed,False,0.0,0,none
2025-05-26 04:00:00,10.8,0.0,84.0,6.7,observed,False,0.0,0,none
2025-05-26 05:00:00,12.8,0.0,75.0,17.1,observed,False,0.0,0,none
2025-05-26 06:00:00,12.9,0.0,79.0,8.7,observed,False,0.0,0,none
2025-05-26 07:00:00,13.3,0.0,85.0,3.7,observed,False,0.0,0,none
2025-05-26 08:00:00,15.1,0.0,71.0,17.4,observed,False,0.0,0,none
2025-05-26 09:00:00,16.8,0.0,73.0,10.3,observed,False,0.0,0,none
2025-05-26 10:00:00,18.0,0.0,77.0,13.7,observed,False,0.0,0,none
2025-05-26 11:00:00,18.0,0.0,74.0,7.6,observed,False,0.0,0,none
2025-05-26 12:00:00,20.3,0.0,50.0,11.3,observed,False,0.0,0,none
2025-05-26 13:00:00,20.6,0.0,70.0,6.4,observed,False,0.0,0,none
2025-05-26 14:00:00,21.3,0.0,57.0,8.0,observed,False,0.0,0,none
2025-05-26 15:00:00,22.4,0.0,62.0,7.2,observed,False,0.0,0,none
2025-05-26 16:00:00,22.6,0.0,65.0,8.8,observed,False,0.0,0,none
2025-05-26 17:00:00,22.2,0.0,48.0,18.9,observed,False,0.0,0,none
2025-05-26 18:00:00,20.1,0.0,67.0,9.7,observed,False,0.0,0,none
2025-05-26 19:00:00,19.3,0.0,71.0,17.3,observed,False,0.0,0,none
2025-05-26 20:00:00,18.0,0.0,68.0,12.8,observed,False,0.0,0,none
2025-05-26 21:00:00,17.8,0.0,74.0,13.6,observed,False,0.0,0,none
2025-05-26 22:00:00,14.4,0.0,77.0,10.5,observed,False,0.0,0,none
2025-05-26 23:00:00,13.6,0.0,74.0,7.8,observed,False,0.0,0,none
2025-05-27 00:00:00,14.3,0.0,81.0,12.9,observed,False,0.0,0,none
2025-05-27 01:00:00,12.4,0.0,78.0,6.4,observed,False,0.0,0,none
2025-05-27 02:00:00,12.4,0.0,86.0,4.9,observed,False,0.0,0,none
2025-05-27 03:00:00,13.2,0.0,78.0,8.9,observed,False,0.0,0,none
2025-05-27 04:00:00,12.4,0.0,86.0,7.5,observed,False,0.0,0,none
2025-05-27 05:00:00,13.2,0.0,73.0,8.8,observed,False,0.0,0,none
2025-05-27 06:00:00,14.3,0.0,80.0,11.3,observed,False,0.0,0,none
2025-05-27 07:00:00,15.7,0.0,75.0,9.0,observed,False,0.0,0,none
2025-05-27 08:00:00,16.8,0.0,78.0,8.1,observed,False,0.0,0,none
2025-05-27 09:00:00,18.1,0.0,70.0,8.4,observed,False,0.0,0,none
2025-05-27 10:00:00,19.8,0.0,67.0,11.2,observed,False,0.0,0,none
2025-05-27 11:00:00,22.0,0.0,66.0,10.5,observed,False,0.0,0,none
2025-05-27 12:00:00,23.6,0.0,60.0,16.4,observed,False,0.0,0,none
2025-05-27 13:00:00,23.6,0.0,72.0,8.8,observed,False,0.0,0,none
2025-05-27 14:00:00,23.3,0.0,51.0,9.9,observed,False,0.0,0,none
2025-05-27 15:00:00,24.4,0.0,50.0,9.6,observed,False,0.0,0,none
2025-05-27 16:00:00,24.3,0.0,56.0,12.0,observed,False,0.0,0,none
2025-05-27 17:00:00,22.5,0.0,63.0,16.9,observed,False,0.0,0,none
2025-05-27 18:00:00,21.6,0.0,60.0,9.9,observed,False,0.0,0,none
2025-05-27 19:00:00,21.2,0.0,58.0,13.3,observed,False,0.0,0,none
2025-05-27 20:00:00,20.4,0.0,65.0,14.1,observed,False,0.0,0,none
2025-05-27 21:00:00,18.3,0.0,69.0,9.2,observed,False,0.0,0,none
2025-05-27 22:00:00,15.9,0.0,76.0,12.0,observed,False,0.0,0,none
2025-05-27 23:00:00,16.5,0.0,82.0,6.1,observed,False,0.0,0,none
2025-05-28 00:00:00,12.6,0.0,80.0,14.0,observed,False,0.0,0,none
2025-05-28 01:00:00,12.3,0.0,77.0,3.7,observed,False,0.0,0,none
2025-05-28 02:00:00,11.7,0.0,83.0,8.9,observed,False,0.0,0,none
2025-05-28 03:00:00,12.2,0.0,81.0,9.6,observed,False,0.0,0,none
2025-05-28 04:00:00,11.2,0.0,88.0,9.8,observed,False,0.0,0,none
2025-05-28 05:00:00,11.2,0.0,92.0,6.0,observed,False,0.0,0,none
2025-05-28 06:00:00,12.8,0.0,79.0,18.2,observed,False,0.0,0,none
2025-05-28 07:00:00,14.1,0.0,81.0,14.4,observed,False,0.0,0,none
2025-05-28 08:00:00,15.6,0.0,75.0,14.3,observed,False,0.0,0,none
2025-05-28 09:00:00,17.0,0.0,74.0,10.9,observed,False,0.0,0,none
2025-05-28 10:00:00,18.25,0.0,73.0,15.2,observed,True,0.0,0,none
2025-05-28 11:00:00,19.5,0.0,72.0,19.5,observed,False,0.0,0,none
2025-05-28 12:00:00,20.9,0.0,65.0,7.1,observed,False,0.0,0,none
2025-05-28 13:00:00,20.7,0.0,67.0,9.7,observed,False,0.0,0,none
2025-05-28 14:00:00,22.4,0.0,54.0,5.8,observed,False,0.0,0,none
2025-05-28 15:00:00,22.8,0.0,44.0,14.8,observed,False,0.0,0,none
2025-05-28 16:00:00,22.7,0.0,52.0,10.5,observed,False,0.0,0,none
2025-05-28 17:00:00,20.8,0.0,62.0,16.5,observed,False,0.0,0,none
2025-05-28 18:00:00,21.2,0.0,63.0,7.3,observed,False,0.0,0,none
2025-05-28 19:00:00,20.5,0.0,59.0,5.1,observed,False,0.0,0,none
2025-05-28 20:00:00,18.7,0.0,77.0,4.9,observed,False,0.0,0,none
2025-05-28 21:00:00,17.3,0.0,66.0,9.1,observed,False,0.0,0,none
2025-05-28 22:00:00,15.7,0.0,75.0,9.2,observed,False,0.0,0,none
2025-05-28 23:00:00,14.0,0.0,78.0,14.4,observed,False,0.0,0,none
2025-05-29 00:00:00,14.5,0.0,71.0,16.2,observed,False,0.0,0,none
2025-05-29 01:00:00,13.0,0.0,79.0,11.0,observed,False,0.0,0,none
2025-05-29 02:00:00,14.1,0.0,79.0,7.4,observed,False,0.0,0,none
2025-05-29 03:00:00,12.1,0.0,88.0,10.8,observed,False,0.0,0,none
2025-05-29 04:00:00,13.0,0.0,78.0,5.2,observed,False,0.0,0,none
2025-05-29 05:00:00,13.8,0.0,84.0,13.3,observed,False,0.0,0,none
2025-05-29 06:00:00,14.8,0.0,76.0,18.6,observed,False,0.0,0,none
2025-05-29 07:00:00,16.9,0.0,75.0,15.4,observed,False,0.0,0,none
2025-05-29 08:00:00,16.4,0.0,83.0,4.1,observed,False,0.0,0,none
2025-05-29 09:00:00,18.9,0.0,62.0,11.9,observed,False,0.0,0,none
2025-05-29 10:00:00,19.6,0.0,72.0,9.8,observed,False,0.0,0,none
2025-05-29 11:00:00,21.7,0.0,58.0,10.5,observed,False,0.0,0,none
2025-05-29 12:00:00,20.2,8.7,81.0,15.8,observed,False,8.7,1,heavy
2025-05-29 13:00:00,22.5,0.0,64.0,10.0,observed,False,8.7,0,none
2025-05-29 14:00:00,21.5,10.8,69.0,6.2,observed,False,19.5,1,heavy
2025-05-29 15:00:00,20.549999999999997,1.05,83.0,15.1,observed,False,11.850000000000001,1,light
2025-05-29 16:00:00,24.3,0.0,56.0,19.4,observed,False,11.850000000000001,0,none
2025-05-29 17:00:00,20.7,2.5,68.0,5.6,observed,False,3.55,1,light
2025-05-29 18:00:00,21.0,0.3,56.0,8.0,observed,False,2.8,1,light
2025-05-29 19:00:00,21.4,0.0,67.0,18.3,observed,False,2.8,0,none
2025-05-29 20:00:00,17.3,5.1,95.0,9.6,observed,False,5.3999999999999995,1,moderate
2025-05-29 21:00:00,15.9,9.2,87.0,18.6,observed,False,14.299999999999999,1,heavy
2025-05-29 22:00:00,17.3,0.0,71.0,15.0,observed,False,14.299999999999999,0,none
2025-05-29 23:00:00,15.5,0.0,78.0,10.3,observed,False,9.2,0,none
2025-05-30 00:00:00,14.0,0.0,82.0,11.5,observed,False,0.0,0,none
2025-05-30 01:00:00,12.6,0.0,85.0,13.0,observed,False,0.0,0,none
2025-05-30 02:00:00,12.9,0.0,81.0,12.4,observed,False,0.0,0,none
2025-05-30 03:00:00,11.9,0.0,80.0,9.6,observed,False,0.0,0,none
2025-05-30 04:00:00,12.7,0.0,86.0,9.0,observed,False,0.0,0,none
2025-05-30 05:00:00,13.3,0.0,85.0,8.0,observed,False,0.0,0,none
2025-05-30 06:00:00,14.05,0.0,83.5,10.05,observed,True,0.0,0,none
2025-05-30 07:00:00,14.8,0.0,82.0,12.1,observed,False,0.0,0,none
2025-05-30 08:00:00,15.9,0.0,67.0,9.4,observed,False,0.0,0,none
2025-05-30 09:00:00,16.5,0.0,71.0,8.9,observed,False,0.0,0,none
2025-05-30 10:00:00,18.7,0.0,73.0,8.7,observed,False,0.0,0,none
2025-05-30 11:00:00,20.8,0.0,69.0,9.3,observed,False,0.0,0,none
2025-05-30 12:00:00,21.6,0.0,66.0,17.7,observed,False,0.0,0,none
2025-05-30 13:00:00,22.7,0.0,59.0,5.0,observed,False,0.0,0,none
2025-05-30 14:00:00,22.9,0.0,57.0,5.8,observed,False,0.0,0,none
2025-05-30 15:00:00,22.8,0.0,58.0,12.4,observed,False,0.0,0,none
2025-05-30 16:00:00,23.0,0.0,53.0,13.7,observed,False,0.0,0,none
2025-05-30 17:00:00,22.5,0.0,57.0,8.2,observed,False,0.0,0,none
2025-05-30 18:00:00,21.1,0.0,54.0,12.8,observed,False,0.0,0,none
2025-05-30 19:00:00,20.4,0.0,67.0,7.1,observed,False,0.0,0,none
2025-05-30 20:00:00,19.1,0.0,76.0,13.0,observed,False,0.0,0,none
2025-05-30 21:00:00,17.0,0.0,73.0,12.9,observed,False,0.0,0,none
2025-05-30 22:00:00,15.2,0.0,79.0,13.8,observed,False,0.0,0,none
2025-05-30 23:00:00,14.2,0.0,77.0,12.3,observed,False,0.0,0,none
2025-05-31 00:00:00,15.2,0.0,70.0,14.1,observed,False,0.0,0,none
2025-05-31 01:00:00,13.7,0.0,81.0,14.5,observed,False,0.0,0,none
2025-05-31 02:00:00,14.2,0.0,68.0,8.7,observed,False,0.0,0,none
2025-05-31 03:00:00,12.9,0.0,74.0,18.8,observed,False,0.0,0,none
2025-05-31 04:00:00,13.7,0.0,83.0,8.3,observed,False,0.0,0,none
2025-05-31 05:00:00,13.5,0.0,77.0,13.5,observed,False,0.0,0,none
2025-05-31 06:00:00,13.3,0.0,76.0,9.7,observed,False,0.0,0,none
2025-05-31 07:00:00,16.3,0.0,70.0,8.3,observed,False,0.0,0,none
2025-05-31 08:00:00,16.7,0.0,82.0,17.0,observed,False,0.0,0,none
2025-05-31 09:00:00,18.35,0.0,69.0,10.6,observed,False,0.0,0,none
2025-05-31 10:00:00,20.1,0.0,61.0,13.4,observed,False,0.0,0,none
2025-05-31 11:00:00,20.3,0.0,66.0,19.8,observed,False,0.0,0,none
2025-05-31 12:00:00,22.1,0.0,60.0,9.0,observed,False,0.0,0,none
2025-05-31 13:00:00,23.4,0.0,54.0,19.4,observed,False,0.0,0,none
2025-05-31 14:00:00,23.3,0.0,47.0,7.0,observed,False,0.0,0,none
2025-05-31 15:00:00,23.9,0.0,48.0,12.6,observed,False,0.0,0,none
2025-05-31 16:00:00,22.8,0.0,56.0,16.2,observed,False,0.0,0,none
2025-05-31 17:00:00,23.4,0.0,60.0,13.5,observed,False,0.0,0,none
2025-05-31 18:00:00,22.0,0.0,63.0,17.4,observed,True,0.0,0,none
2025-05-31 19:00:00,20.8,0.0,61.0,14.9,observed,False,0.0,0,none
2025-05-31 20:00:00,20.2,0.0,66.0,9.5,observed,False,0.0,0,none
2025-05-31 21:00:00,18.4,0.0,74.0,10.5,observed,False,0.0,0,none
2025-05-31 22:00:00,16.9,0.0,77.0,7.6,observed,False,0.0,0,none
2025-05-31 23:00:00,16.5,0.0,77.0,19.1,observed,False,0.0,0,none
2025-06-01 00:00:00,14.4,0.0,71.0,11.5,observed,False,0.0,0,none
2025-06-01 01:00:00,14.4,0.0,78.0,18.1,observed,False,0.0,0,none
2025-06-01 02:00:00,13.2,0.0,82.0,5.7,observed,False,0.0,0,none
2025-06-01 03:00:00,13.7,0.0,83.0,7.4,observed,False,0.0,0,none
2025-06-01 04:00:00,13.8,0.0,75.0,8.0,observed,False,0.0,0,none
2025-06-01 05:00:00,13.8,0.0,78.0,21.0,observed,False,0.0,0,none
2025-06-01 06:00:00,14.5,0.0,81.0,5.9,observed,False,0.0,0,none
2025-06-01 07:00:00,15.25,0.0,71.0,7.4,observed,False,0.0,0,none
2025-06-01 08:00:00,17.4,0.0,75.0,10.1,observed,False,0.0,0,none
2025-06-01 09:00:00,16.8,0.0,69.0,6.1,observed,False,0.0,0,none
2025-06-01 10:00:00,19.2,0.0,74.0,4.9,observed,False,0.0,0,none
2025-06-01 11:00:00,20.1,0.0,61.0,9.9,observed,False,0.0,0,none
2025-06-01 12:00:00,21.4,0.0,63.0,7.4,observed,False,0.0,0,none
2025-06-01 13:00:00,21.35,0.0,61.5,12.1,observed,True,0.0,0,none
2025-06-01 14:00:00,21.3,0.0,60.0,16.8,observed,False,0.0,0,none
2025-06-01 15:00:00,21.6,0.0,63.0,8.6,observed,False,0.0,0,none
2025-06-01 16:00:00,21.3,0.0,55.0,9.3,observed,False,0.0,0,none
2025-06-01 17:00:00,22.0,0.0,59.0,6.4,observed,False,0.0,0,none
2025-06-01 18:00:00,20.5,0.0,64.0,16.5,observed,False,0.0,0,none
2025-06-01 19:00:00,20.1,0.0,66.0,7.4,observed,False,0.0,0,none
2025-06-01 20:00:00,19.1,0.0,74.0,8.1,observed,False,0.0,0,none
2025-06-01 21:00:00,17.8,0.0,74.0,5.2,observed,False,0.0,0,none
2025-06-01 22:00:00,16.65,0.0,76.0,6.9,observed,True,0.0,0,none
2025-06-01 23:00:00,15.5,0.0,78.0,8.6,observed,False,0.0,0,none
2025-06-02 00:00:00,15.4,0.0,71.0,10.3,observed,False,0.0,0,none
2025-06-02 01:00:00,14.3,0.0,76.0,11.9,observed,False,0.0,0,none
2025-06-02 02:00:00,14.3,0.0,77.0,14.6,observed,False,0.0,0,none
2025-06-02 03:00:00,13.5,0.0,75.0,12.9,observed,False,0.0,0,none
2025-06-02 04:00:00,14.1,0.0,82.0,6.5,observed,False,0.0,0,none
2025-06-02 05:00:00,14.4,0.0,74.0,13.3,observed,False,0.0,0,none
2025-06-02 06:00:00,15.3,0.0,76.0,11.1,observed,False,0.0,0,none
2025-06-02 07:00:00,16.9,0.0,77.0,5.9,observed,False,0.0,0,none
2025-06-02 08:00:00,17.0,0.0,69.0,11.0,observed,False,0.0,0,none
2025-06-02 09:00:00,18.6,0.0,69.0,7.6,observed,False,0.0,0,none
2025-06-02 10:00:00,18.8,0.0,75.0,6.6,observed,False,0.0,0,none
2025-06-02 11:00:00,20.299999999999997,0.0,64.0,10.3,observed,False,0.0,0,none
2025-06-02 12:00:00,21.55,0.0,67.0,12.2,observed,False,0.0,0,none
2025-06-02 13:00:00,21.2,0.0,50.0,12.7,observed,False,0.0,0,none
2025-06-02 14:00:00,19.8,0.7,80.0,12.0,observed,False,0.7,1,light
2025-06-02 15:00:00,22.8,0.0,53.0,18.1,observed,False,0.7,0,none
2025-06-02 16:00:00,19.3,6.8,81.0,9.8,observed,False,7.5,1,moderate
2025-06-02 17:00:00,20.5,1.6,74.0,12.3,observed,False,8.4,1,light
2025-06-02 18:00:00,18.2,0.9,86.0,14.8,observed,False,9.3,1,light
2025-06-02 19:00:00,18.6,3.2,86.0,9.1,observed,False,5.7,1,moderate
2025-06-02 20:00:00,16.9,2.0,91.0,8.1,observed,False,6.1,1,light
2025-06-02 21:00:00,16.6,7.1,89.0,8.4,observed,False,12.3,1,moderate
2025-06-02 22:00:00,18.1,0.0,64.0,18.3,observed,False,9.100000000000001,0,none
2025-06-02 23:00:00,16.3,0.0,72.0,8.7,observed,False,7.1,0,none
2025-06-03 00:00:00,14.2,0.0,82.0,9.1,observed,False,0.0,0,none
2025-06-03 01:00:00,14.4,0.0,92.0,4.7,observed,False,0.0,0,none
2025-06-03 02:00:00,14.2,0.0,70.0,9.2,observed,False,0.0,0,none
2025-06-03 03:00:00,13.25,0.0,78.0,14.5,observed,False,0.0,0,none
2025-06-03 04:00:00,13.9,0.0,81.0,11.4,observed,False,0.0,0,none
2025-06-03 05:00:00,14.5,0.0,77.0,11.0,observed,False,0.0,0,none
2025-06-03 06:00:00,14.3,0.0,80.0,7.7,observed,False,0.0,0,none
2025-06-03 07:00:00,15.8,0.0,82.0,8.8,observed,False,0.0,0,none
2025-06-03 08:00:00,17.2,0.0,68.0,16.6,observed,False,0.0,0,none
2025-06-03 09:00:00,17.4,0.0,64.0,14.1,observed,False,0.0,0,none
2025-06-03 10:00:00,18.9,0.0,68.0,9.5,observed,False,0.0,0,none
2025-06-03 11:00:00,18.5,0.0,64.0,12.7,observed,False,0.0,0,none
2025-06-03 12:00:00,20.1,0.0,60.0,13.0,observed,False,0.0,0,none
2025-06-03 13:00:00,18.2,1.0,78.0,11.9,observed,False,1.0,1,light
2025-06-03 14:00:00,20.0,4.9,72.0,7.0,observed,False,5.9,1,moderate
2025-06-03 15:00:00,22.7,0.0,64.0,9.4,observed,False,5.9,0,none
2025-06-03 16:00:00,19.0,1.8,87.0,13.8,observed,False,6.7,1,light
2025-06-03 17:00:00,18.8,3.3,76.0,13.0,observed,False,5.1,1,moderate
2025-06-03 18:00:00,20.6,0.0,66.0,12.9,observed,False,5.1,0,none
2025-06-03 19:00:00,19.5,0.0,66.0,5.9,observed,False,3.3,0,none
2025-06-03 20:00:00,18.5,0.4,63.0,19.8,observed,False,0.4,1,light
2025-06-03 21:00:00,14.7,3.6,94.0,4.0,observed,False,4.0,1,moderate
2025-06-03 22:00:00,13.6,1.0,100.0,10.9,observed,False,5.0,1,light
2025-06-03 23:00:00,15.2,0.0,71.0,6.7,observed,False,4.6,0,none
2025-06-04 00:00:00,14.0,0.0,83.0,17.8,observed,False,1.0,0,none
2025-06-04 01:00:00,14.3,0.0,68.0,10.8,observed,False,0.0,0,none
2025-06-04 02:00:00,14.1,0.0,78.0,19.9,observed,False,0.0,0,none
2025-06-04 03:00:00,14.4,0.0,73.0,17.2,observed,False,0.0,0,none
2025-06-04 04:00:00,13.4,0.0,88.0,8.7,observed,False,0.0,0,none
2025-06-04 05:00:00,14.5,0.0,72.0,4.8,observed,False,0.0,0,none
2025-06-04 06:00:00,14.6,0.0,82.0,7.4,observed,False,0.0,0,none
2025-06-04 07:00:00,15.7,0.0,73.0,6.9,observed,False,0.0,0,none
2025-06-04 08:00:00,16.8,0.0,74.0,5.1,observed,False,0.0,0,none
2025-06-04 09:00:00,18.3,0.0,65.0,11.7,observed,False,0.0,0,none
2025-06-04 10:00:00,19.4,0.0,58.0,12.1,observed,False,0.0,0,none
2025-06-04 11:00:00,19.6,0.0,73.0,17.0,observed,False,0.0,0,none
2025-06-04 12:00:00,21.5,0.0,60.0,12.6,observed,False,0.0,0,none
2025-06-04 13:00:00,21.7,0.0,60.0,7.8,observed,False,0.0,0,none
2025-06-04 14:00:00,22.3,0.0,62.0,14.4,observed,False,0.0,0,none
2025-06-04 15:00:00,20.6,3.4,70.0,4.6,observed,False,3.4,1,moderate
2025-06-04 16:00:00,22.5,0.0,59.0,9.3,observed,False,3.4,0,none
2025-06-04 17:00:00,21.6,0.0,62.0,7.1,observed,False,3.4,0,none
2025-06-04 18:00:00,18.3,1.3,88.0,8.8,observed,False,1.3,1,light
2025-06-04 19:00:00,18.6,1.7,90.0,15.0,observed,False,3.0,1,light
2025-06-04 20:00:00,18.6,0.0,65.0,21.5,observed,False,3.0,0,none
2025-06-04 21:00:00,18.2,0.0,77.0,10.9,observed,False,1.7,0,none
2025-06-04 22:00:00,17.2,0.0,75.5,11.6,observed,True,0.0,0,none
2025-06-04 23:00:00,16.2,0.0,74.0,12.3,observed,False,0.0,0,none
2025-06-05 00:00:00,13.0,0.0,78.0,11.5,observed,False,0.0,0,none
2025-06-05 01:00:00,13.0,0.0,77.0,9.2,observed,False,0.0,0,none
2025-06-05 02:00:00,11.4,0.0,89.0,8.3,observed,False,0.0,0,none
2025-06-05 03:00:00,11.9,0.0,83.0,9.6,observed,False,0.0,0,none
2025-06-05 04:00:00,11.8,0.0,88.0,14.8,observed,False,0.0,0,none
2025-06-05 05:00:00,12.8,0.0,72.0,14.5,observed,False,0.0,0,none
2025-06-05 06:00:00,13.5,0.0,86.0,15.2,observed,False,0.0,0,none
2025-06-05 07:00:00,15.0,0.0,83.0,11.8,observed,False,0.0,0,none
2025-06-05 08:00:00,15.6,0.0,74.0,18.9,observed,False,0.0,0,none
2025-06-05 09:00:00,15.6,0.0,81.0,5.7,observed,False,0.0,0,none
2025-06-05 10:00:00,17.1,0.0,78.0,10.3,observed,False,0.0,0,none
2025-06-05 11:00:00,18.9,0.0,62.0,15.0,observed,False,0.0,0,none
2025-06-05 12:00:00,19.5,0.0,63.0,15.4,observed,True,0.0,0,none
2025-06-05 13:00:00,20.1,0.0,64.0,15.8,observed,False,0.0,0,none
2025-06-05 14:00:00,20.8,0.0,67.0,14.8,observed,False,0.0,0,none
2025-06-05 15:00:00,21.2,0.0,52.0,8.9,observed,False,0.0,0,none
2025-06-05 16:00:00,20.5,0.0,69.0,10.4,observed,False,0.0,0,none
2025-06-05 17:00:00,18.9,0.0,66.0,7.9,observed,False,0.0,0,none
2025-06-05 18:00:00,19.0,0.0,73.0,10.6,observed,False,0.0,0,none
2025-06-05 19:00:00,18.1,0.0,69.0,8.9,observed,False,0.0,0,none
2025-06-05 20:00:00,17.1,0.0,67.0,13.9,observed,False,0.0,0,none
2025-06-05 21:00:00,16.3,0.0,70.0,14.6,observed,False,0.0,0,none
2025-06-05 22:00:00,15.6,0.0,68.0,9.1,observed,False,0.0,0,none
2025-06-05 23:00:00,14.6,0.0,79.5,8.5,observed,False,0.0,0,none
2025-06-06 00:00:00,12.6,0.0,91.0,9.4,observed,False,0.0,0,none
2025-06-06 01:00:00,10.95,0.0,81.0,4.7,observed,False,0.0,0,none
2025-06-06 02:00:00,9.4,0.0,84.0,13.0,observed,False,0.0,0,none
2025-06-06 03:00:00,11.3,0.0,90.0,10.6,observed,False,0.0,0,none
2025-06-06 04:00:00,10.4,0.0,96.0,10.6,observed,False,0.0,0,none
2025-06-06 05:00:00,10.9,0.0,83.0,8.9,observed,False,0.0,0,none
2025-06-06 06:00:00,11.6,0.0,84.0,19.6,observed,False,0.0,0,none
2025-06-06 07:00:00,12.9,0.0,73.0,10.2,observed,False,0.0,0,none
2025-06-06 08:00:00,13.5,0.0,75.0,11.5,observed,False,0.0,0,none
2025-06-06 09:00:00,15.2,0.0,80.0,9.8,observed,False,0.0,0,none
2025-06-06 10:00:00,15.9,0.0,77.0,8.8,observed,False,0.0,0,none
2025-06-06 11:00:00,17.0,0.0,78.0,11.7,observed,False,0.0,0,none
2025-06-06 12:00:00,18.7,0.0,65.0,10.7,observed,False,0.0,0,none
2025-06-06 13:00:00,19.2,0.0,67.0,3.7,observed,False,0.0,0,none
2025-06-06 14:00:00,19.8,0.0,61.0,9.5,observed,False,0.0,0,none
2025-06-06 15:00:00,18.3,0.0,67.0,7.8,observed,False,0.0,0,none
2025-06-06 16:00:00,18.8,0.0,69.0,14.0,observed,False,0.0,0,none
2025-06-06 17:00:00,19.0,0.0,71.0,5.4,observed,False,0.0,0,none
2025-06-06 18:00:00,17.5,0.0,72.0,8.4,observed,False,0.0,0,none
2025-06-06 19:00:00,16.8,0.0,73.0,5.3,observed,False,0.0,0,none
2025-06-06 20:00:00,16.0,0.0,73.0,9.6,observed,False,0.0,0,none
2025-06-06 21:00:00,15.0,0.0,76.0,13.1,observed,False,0.0,0,none
2025-06-06 22:00:00,14.3,0.0,73.0,14.4,observed,False,0.0,0,none
2025-06-06 23:00:00,12.4,0.0,84.0,8.8,observed,False,0.0,0,none
2025-06-07 00:00:00,11.3,0.0,89.0,15.7,observed,False,0.0,0,none
2025-06-07 01:00:00,11.1,0.0,80.0,19.7,observed,False,0.0,0,none
2025-06-07 02:00:00,10.9,0.0,91.0,14.4,observed,False,0.0,0,none
2025-06-07 03:00:00,9.9,0.0,95.0,19.5,observed,False,0.0,0,none
2025-06-07 04:00:00,10.7,0.0,95.0,8.8,observed,False,0.0,0,none
2025-06-07 05:00:00,10.7,0.0,89.0,12.9,observed,False,0.0,0,none
2025-06-07 06:00:00,11.899999999999999,0.0,87.0,17.2,observed,True,0.0,0,none
2025-06-07 07:00:00,13.1,0.5,72.0,16.2,observed,False,0.5,1,light
2025-06-07 08:00:00,13.1,0.0,83.0,12.0,observed,False,0.5,0,none
2025-06-07 09:00:00,14.2,0.0,74.0,15.9,observed,False,0.5,0,none
2025-06-07 10:00:00,15.0,0.0,73.0,18.7,observed,False,0.0,0,none
2025-06-07 11:00:00,17.1,0.0,73.0,6.2,observed,False,0.0,0,none
2025-06-07 12:00:00,17.8,0.0,62.0,10.6,observed,False,0.0,0,none
2025-06-07 13:00:00,19.0,0.0,65.0,7.7,observed,False,0.0,0,none
2025-06-07 14:00:00,18.6,0.0,71.0,10.7,observed,False,0.0,0,none
2025-06-07 15:00:00,19.0,0.0,66.0,14.1,observed,False,0.0,0,none
2025-06-07 16:00:00,19.6,0.0,61.0,12.7,observed,False,0.0,0,none
2025-06-07 17:00:00,18.4,0.0,68.0,11.3,observed,False,0.0,0,none
2025-06-07 18:00:00,18.1,0.0,56.0,10.9,observed,False,0.0,0,none
2025-06-07 19:00:00,17.2,0.0,72.0,9.6,observed,False,0.0,0,none
2025-06-07 20:00:00,15.5,0.0,69.0,4.2,observed,False,0.0,0,none
2025-06-07 21:00:00,14.6,0.0,80.0,12.8,observed,False,0.0,0,none
2025-06-07 22:00:00,13.6,0.0,84.0,6.3,observed,False,0.0,0,none
2025-06-07 23:00:00,11.6,0.0,85.0,16.7,observed,False,0.0,0,none
2025-06-08 00:00:00,12.9,0.0,78.0,10.1,observed,False,0.0,0,none
2025-06-08 01:00:00,12.7,0.0,84.0,10.6,observed,False,0.0,0,none
2025-06-08 02:00:00,12.3,0.0,91.0,6.2,observed,False,0.0,0,none
2025-06-08 03:00:00,11.4,0.0,91.0,21.7,observed,False,0.0,0,none
2025-06-08 04:00:00,11.9,0.0,83.0,11.8,observed,False,0.0,0,none
2025-06-08 05:00:00,12.7,0.0,85.0,6.0,observed,False,0.0,0,none
2025-06-08 06:00:00,12.3,0.0,79.0,12.6,observed,False,0.0,0,none
2025-06-08 07:00:00,13.7,0.0,81.0,13.0,observed,False,0.0,0,none
2025-06-08 08:00:00,15.4,0.0,75.0,7.7,observed,False,0.0,0,none
2025-06-08 09:00:00,16.3,0.0,74.0,10.6,observed,False,0.0,0,none
2025-06-08 10:00:00,16.9,0.0,72.0,9.5,observed,False,0.0,0,none
2025-06-08 11:00:00,17.9,0.0,64.0,6.1,observed,False,0.0,0,none
2025-06-08 12:00:00,18.8,0.0,64.0,8.5,observed,False,0.0,0,none
2025-06-08 13:00:00,19.2,0.0,73.0,21.2,observed,False,0.0,0,none
2025-06-08 14:00:00,20.3,0.0,68.0,6.2,observed,False,0.0,0,none
2025-06-08 15:00:00,19.9,0.0,66.0,12.8,observed,False,0.0,0,none
2025-06-08 16:00:00,20.3,0.0,66.0,4.6,observed,False,0.0,0,none
2025-06-08 17:00:00,20.4,0.0,63.0,9.4,observed,False,0.0,0,none
2025-06-08 18:00:00,18.5,0.0,73.0,15.0,observed,False,0.0,0,none
2025-06-08 19:00:00,17.9,0.0,73.0,7.6,observed,False,0.0,0,none
2025-06-08 20:00:00,17.2,0.0,68.0,10.8,observed,False,0.0,0,none
2025-06-08 21:00:00,16.8,0.0,76.0,11.9,observed,False,0.0,0,none
2025-06-08 22:00:00,15.3,0.0,85.0,13.0,observed,False,0.0,0,none
2025-06-08 23:00:00,14.0,0.0,81.0,11.0,observed,False,0.0,0,none
2025-06-09 00:00:00,13.4,0.0,77.0,5.8,observed,False,0.0,0,none
2025-06-09 01:00:00,13.3,0.0,72.0,5.0,observed,False,0.0,0,none
2025-06-09 02:00:00,12.4,0.0,74.0,8.8,observed,False,0.0,0,none
2025-06-09 03:00:00,11.9,0.0,87.0,12.2,observed,False,0.0,0,none
2025-06-09 04:00:00,13.2,0.0,78.0,7.0,observed,False,0.0,0,none
2025-06-09 05:00:00,13.2,0.0,82.0,15.1,observed,False,0.0,0,none
2025-06-09 06:00:00,12.6,0.0,89.0,7.3,observed,False,0.0,0,none
2025-06-09 07:00:00,14.0,0.0,82.0,8.1,observed,False,0.0,0,none
2025-06-09 08:00:00,14.7,0.0,76.0,15.5,observed,False,0.0,0,none
2025-06-09 09:00:00,16.3,0.0,73.0,6.6,observed,False,0.0,0,none
2025-06-09 10:00:00,17.4,0.0,76.0,9.4,observed,False,0.0,0,none
2025-06-09 11:00:00,19.1,0.0,68.0,18.3,observed,False,0.0,0,none
2025-06-09 12:00:00,19.7,0.0,61.0,13.25,observed,True,0.0,0,none
2025-06-09 13:00:00,20.3,0.0,54.0,8.2,observed,False,0.0,0,none
2025-06-09 14:00:00,21.0,0.0,66.0,9.7,observed,False,0.0,0,none
2025-06-09 15:00:00,20.6,0.0,56.0,13.3,observed,False,0.0,0,none
2025-06-09 16:00:00,21.4,0.0,60.0,14.3,observed,False,0.0,0,none
2025-06-09 17:00:00,20.1,0.0,66.0,15.6,observed,False,0.0,0,none
2025-06-09 18:00:00,20.0,0.0,56.0,8.3,observed,False,0.0,0,none
2025-06-09 19:00:00,18.1,0.0,69.0,3.2,observed,False,0.0,0,none
2025-06-09 20:00:00,17.8,0.0,74.0,10.0,observed,False,0.0,0,none
2025-06-09 21:00:00,16.7,0.0,70.0,8.2,observed,False,0.0,0,none
2025-06-09 22:00:00,14.9,0.0,81.0,5.5,observed,False,0.0,0,none
2025-06-09 23:00:00,14.9,0.0,82.0,5.9,observed,False,0.0,0,none
2025-06-10 00:00:00,13.2,0.0,76.5,14.3,observed,False,0.0,0,none
2025-06-10 01:00:00,12.6,0.0,71.0,12.9,observed,False,0.0,0,none
2025-06-10 02:00:00,13.5,0.0,87.0,8.0,observed,False,0.0,0,none
2025-06-10 03:00:00,13.8,0.0,93.0,11.4,observed,False,0.0,0,none
2025-06-10 04:00:00,13.2,0.0,84.0,6.3,observed,False,0.0,0,none
2025-06-10 05:00:00,13.3,0.0,88.0,15.1,observed,False,0.0,0,none
2025-06-10 06:00:00,14.9,0.0,75.0,10.4,observed,False,0.0,0,none
2025-06-10 07:00:00,14.7,0.0,76.0,16.5,observed,False,0.0,0,none
2025-06-10 08:00:00,16.3,0.0,77.0,14.6,observed,False,0.0,0,none
2025-06-10 09:00:00,16.6,0.0,69.0,15.1,observed,False,0.0,0,none
2025-06-10 10:00:00,17.9,0.0,61.0,3.5,observed,False,0.0,0,none
2025-06-10 11:00:00,19.9,0.0,57.0,6.7,observed,False,0.0,0,none
2025-06-10 12:00:00,19.4,0.0,68.0,13.3,observed,False,0.0,0,none
2025-06-10 13:00:00,21.6,0.0,73.0,10.1,observed,False,0.0,0,none
2025-06-10 14:00:00,20.7,0.0,63.0,8.5,observed,False,0.0,0,none
2025-06-10 15:00:00,21.1,0.0,67.0,13.0,observed,False,0.0,0,none
2025-06-10 16:00:00,21.9,0.0,53.0,8.7,observed,False,0.0,0,none
2025-06-10 17:00:00,21.2,0.0,65.0,12.0,observed,False,0.0,0,none
2025-06-10 18:00:00,20.0,0.0,73.0,16.5,observed,False,0.0,0,none
2025-06-10 19:00:00,19.6,0.0,66.0,7.3,observed,False,0.0,0,none
2025-06-10 20:00:00,18.4,0.0,68.0,15.7,observed,False,0.0,0,none
2025-06-10 21:00:00,16.7,0.0,74.0,5.8,observed,False,0.0,0,none
2025-06-10 22:00:00,16.3,0.0,62.0,13.7,observed,False,0.0,0,none
2025-06-10 23:00:00,15.2,0.0,90.0,9.4,observed,False,0.0,0,none
2025-06-11 00:00:00,14.9,0.0,75.0,13.7,observed,False,0.0,0,none
2025-06-11 01:00:00,14.1,0.0,81.0,11.0,observed,False,0.0,0,none
2025-06-11 02:00:00,14.4,0.0,74.0,8.3,observed,False,0.0,0,none
2025-06-11 03:00:00,12.7,0.0,85.0,11.6,observed,False,0.0,0,none
2025-06-11 04:00:00,13.9,0.0,75.0,6.8,observed,False,0.0,0,none
2025-06-11 05:00:00,13.8,0.0,72.0,14.9,observed,False,0.0,0,none
2025-06-11 06:00:00,14.1,0.0,80.0,11.7,observed,False,0.0,0,none
2025-06-11 07:00:00,16.1,0.0,75.0,9.3,observed,False,0.0,0,none
2025-06-11 08:00:00,16.8,0.0,77.0,7.3,observed,False,0.0,0,none
2025-06-11 09:00:00,17.7,0.0,68.0,11.9,observed,False,0.0,0,none
2025-06-11 10:00:00,18.7,0.0,62.0,7.6,observed,False,0.0,0,none
2025-06-11 11:00:00,20.3,0.0,74.0,17.9,observed,False,0.0,0,none
2025-06-11 12:00:00,18.6,1.1,75.0,4.5,observed,False,1.1,1,light
2025-06-11 13:00:00,18.9,9.1,82.0,5.4,observed,False,10.2,1,heavy
2025-06-11 14:00:00,21.7,0.0,61.0,21.4,observed,False,10.2,0,none
2025-06-11 15:00:00,22.1,0.0,56.0,6.4,observed,False,9.1,0,none
2025-06-11 16:00:00,18.7,3.7,77.0,11.1,observed,False,3.7,1,moderate
2025-06-11 17:00:00,21.1,0.0,59.0,6.4,observed,False,3.7,0,none
2025-06-11 18:00:00,17.7,0.8,81.0,16.6,observed,False,4.5,1,light
2025-06-11 19:00:00,20.2,0.0,61.0,12.3,observed,False,0.8,0,none
2025-06-11 20:00:00,18.0,0.0,62.0,12.2,observed,False,0.8,0,none
2025-06-11 21:00:00,18.2,0.0,60.0,18.5,observed,False,0.0,0,none
2025-06-11 22:00:00,16.9,0.0,74.0,7.3,observed,False,0.0,0,none
2025-06-11 23:00:00,15.8,0.0,85.0,8.7,observed,False,0.0,0,none
2025-06-12 00:00:00,14.3,0.0,79.0,6.5,observed,False,0.0,0,none
2025-06-12 01:00:00,12.0,0.0,83.0,18.4,observed,False,0.0,0,none
2025-06-12 02:00:00,12.2,0.0,83.0,9.3,observed,False,0.0,0,none
2025-06-12 03:00:00,11.6,0.0,84.0,20.0,observed,False,0.0,0,none
2025-06-12 04:00:00,13.5,0.0,75.0,9.5,observed,False,0.0,0,none
2025-06-12 05:00:00,13.2,0.0,79.0,5.4,observed,False,0.0,0,none
2025-06-12 06:00:00,13.6,0.0,71.0,12.1,observed,False,0.0,0,none
2025-06-12 07:00:00,14.2,0.0,78.0,7.3,observed,False,0.0,0,none
2025-06-12 08:00:00,14.9,0.0,76.0,11.4,observed,False,0.0,0,none
2025-06-12 09:00:00,16.1,0.0,76.0,9.2,observed,False,0.0,0,none
2025-06-12 10:00:00,17.6,0.0,70.0,10.4,observed,False,0.0,0,none
2025-06-12 11:00:00,19.8,0.0,61.0,11.4,observed,False,0.0,0,none
2025-06-12 12:00:00,19.7,0.0,69.0,5.8,observed,False,0.0,0,none
2025-06-12 13:00:00,20.7,0.0,67.0,6.7,observed,False,0.0,0,none
2025-06-12 14:00:00,20.6,0.0,64.0,8.7,observed,False,0.0,0,none
2025-06-12 15:00:00,20.0,0.0,61.0,6.2,observed,True,0.0,0,none
2025-06-12 16:00:00,19.4,11.5,95.0,10.3,observed,False,11.5,1,heavy
2025-06-12 17:00:00,20.7,0.0,61.0,13.6,observed,False,11.5,0,none
2025-06-12 18:00:00,20.0,0.0,65.0,8.7,observed,False,11.5,0,none
2025-06-12 19:00:00,18.6,0.0,68.5,13.049999999999999,observed,True,0.0,0,none
2025-06-12 20:00:00,17.2,0.0,72.0,17.4,observed,False,0.0,0,none
2025-06-12 21:00:00,17.4,0.0,77.0,6.8,observed,False,0.0,0,none
2025-06-12 22:00:00,16.0,0.0,70.0,9.8,observed,False,0.0,0,none
2025-06-12 23:00:00,14.6,0.0,82.0,10.4,observed,False,0.0,0,none
2025-06-13 00:00:00,15.7,0.0,82.0,6.2,observed,False,0.0,0,none
2025-06-13 01:00:00,14.1,0.0,82.0,14.3,observed,False,0.0,0,none
2025-06-13 02:00:00,13.1,0.0,82.0,14.9,observed,False,0.0,0,none
2025-06-13 03:00:00,12.4,0.0,82.0,12.7,observed,False,0.0,0,none
2025-06-13 04:00:00,12.2,0.0,86.0,17.4,observed,False,0.0,0,none
2025-06-13 05:00:00,13.8,0.0,81.0,6.8,observed,False,0.0,0,none
2025-06-13 06:00:00,15.0,0.0,69.0,10.0,observed,False,0.0,0,none
2025-06-13 07:00:00,15.2,0.0,78.0,7.6,observed,False,0.0,0,none
2025-06-13 08:00:00,17.3,0.0,76.0,8.3,observed,False,0.0,0,none
2025-06-13 09:00:00,17.2,0.0,68.0,13.7,observed,False,0.0,0,none
2025-06-13 10:00:00,18.150000000000002,0.0,66.0,16.3,observed,True,0.0,0,none
2025-06-13 11:00:00,19.1,0.0,64.0,18.9,observed,False,0.0,0,none
2025-06-13 12:00:00,20.4,0.1,65.0,9.7,observed,False,0.1,1,light
2025-06-13 13:00:00,21.2,0.0,58.0,17.0,observed,False,0.1,0,none
2025-06-13 14:00:00,20.8,0.0,62.0,7.7,observed,False,0.1,0,none
2025-06-13 15:00:00,21.6,0.0,54.0,9.3,observed,False,0.0,0,none
2025-06-13 16:00:00,18.5,4.6,83.0,7.2,observed,False,4.6,1,moderate
2025-06-13 17:00:00,21.2,0.0,57.0,15.0,observed,False,4.6,0,none
2025-06-13 18:00:00,20.7,0.0,68.0,8.4,observed,False,4.6,0,none
2025-06-13 19:00:00,16.3,1.4,90.0,12.0,observed,False,1.4,1,light
2025-06-13 20:00:00,16.3,3.1,92.0,8.3,observed,False,4.5,1,moderate
2025-06-13 21:00:00,16.7,0.0,79.0,7.2,observed,False,4.5,0,none
2025-06-13 22:00:00,17.1,0.0,71.0,9.5,observed,False,3.1,0,none
2025-06-13 23:00:00,15.5,0.0,75.0,6.2,observed,False,0.0,0,none
2025-06-14 00:00:00,12.8,0.0,74.0,6.3,observed,False,0.0,0,none
2025-06-14 01:00:00,12.3,0.0,83.0,13.2,observed,False,0.0,0,none
2025-06-14 02:00:00,12.7,0.0,89.0,12.8,observed,False,0.0,0,none
2025-06-14 03:00:00,12.7,0.0,77.0,6.2,observed,False,0.0,0,none
2025-06-14 04:00:00,13.2,0.0,82.0,11.5,observed,False,0.0,0,none
2025-06-14 05:00:00,13.4,0.0,83.0,6.8,observed,False,0.0,0,none
2025-06-14 06:00:00,13.6,0.0,84.0,11.9,observed,False,0.0,0,none
2025-06-14 07:00:00,14.8,0.0,84.0,14.8,observed,False,0.0,0,none
2025-06-14 08:00:00,15.8,0.0,70.0,10.2,observed,False,0.0,0,none
2025-06-14 09:00:00,16.9,0.0,69.0,7.3,observed,False,0.0,0,none
2025-06-14 10:00:00,18.5,0.0,65.0,18.9,observed,False,0.0,0,none
2025-06-14 11:00:00,18.7,0.0,67.0,11.7,observed,False,0.0,0,none
2025-06-14 12:00:00,19.3,0.0,72.0,18.1,observed,False,0.0,0,none
2025-06-14 13:00:00,19.8,0.0,67.0,12.0,observed,False,0.0,0,none
2025-06-14 14:00:00,20.7,0.0,59.0,8.4,observed,False,0.0,0,none
2025-06-14 15:00:00,21.1,0.0,70.0,14.2,observed,False,0.0,0,none
2025-06-14 16:00:00,20.5,0.0,63.0,13.8,observed,False,0.0,0,none
2025-06-14 17:00:00,19.8,0.0,77.0,11.2,observed,False,0.0,0,none
2025-06-14 18:00:00,19.7,0.0,61.0,12.4,observed,False,0.0,0,none
2025-06-14 19:00:00,18.9,0.0,75.0,7.8,observed,False,0.0,0,none
2025-06-14 20:00:00,17.3,0.0,62.0,7.8,observed,False,0.0,0,none
2025-06-14 21:00:00,17.6,0.0,69.0,11.6,observed,False,0.0,0,none
2025-06-14 22:00:00,15.7,0.0,77.0,6.5,observed,False,0.0,0,none
2025-06-14 23:00:00,15.1,0.0,77.0,6.8,observed,False,0.0,0,none
2025-06-15 00:00:00,13.1,0.0,83.0,10.3,observed,False,0.0,0,none
2025-06-15 01:00:00,11.2,0.0,88.0,8.8,observed,False,0.0,0,none
2025-06-15 02:00:00,11.8,0.0,80.0,10.5,observed,False,0.0,0,none
2025-06-15 03:00:00,11.1,0.0,92.0,5.1,observed,False,0.0,0,none
2025-06-15 04:00:00,11.7,0.0,88.0,11.7,observed,False,0.0,0,none
2025-06-15 05:00:00,11.5,0.0,88.0,13.9,observed,False,0.0,0,none
2025-06-15 06:00:00,13.2,0.0,73.0,5.7,observed,False,0.0,0,none
2025-06-15 07:00:00,13.4,0.0,76.0,3.6,observed,False,0.0,0,none
2025-06-15 08:00:00,14.3,0.0,87.0,11.3,observed,False,0.0,0,none
2025-06-15 09:00:00,15.9,0.0,78.0,5.6,observed,False,0.0,0,none
2025-06-15 10:00:00,17.6,0.0,74.5,6.3,observed,False,0.0,0,none
2025-06-15 11:00:00,17.8,0.0,71.0,10.4,observed,False,0.0,0,none
2025-06-15 12:00:00,18.1,0.0,66.0,9.2,observed,False,0.0,0,none
2025-06-15 13:00:00,18.85,0.0,67.5,12.4,observed,True,0.0,0,none
2025-06-15 14:00:00,19.6,0.0,69.0,15.6,observed,False,0.0,0,none
2025-06-15 15:00:00,19.9,0.0,76.0,5.3,observed,False,0.0,0,none
2025-06-15 16:00:00,19.5,0.0,59.0,7.1,observed,False,0.0,0,none
2025-06-15 17:00:00,19.2,0.0,61.0,8.5,observed,False,0.0,0,none
2025-06-15 18:00:00,18.9,0.0,72.0,9.5,observed,False,0.0,0,none
2025-06-15 19:00:00,18.4,0.0,72.0,14.7,observed,False,0.0,0,none
2025-06-15 20:00:00,16.5,0.0,70.0,20.1,observed,False,0.0,0,none
2025-06-15 21:00:00,15.9,0.0,70.0,13.0,observed,False,0.0,0,none
2025-06-15 22:00:00,14.5,0.0,84.0,13.1,observed,False,0.0,0,none
2025-06-15 23:00:00,14.7,0.0,79.0,11.7,observed,False,0.0,0,none
2025-06-16 00:00:00,13.4,0.0,78.0,10.6,observed,False,0.0,0,none
2025-06-16 01:00:00,11.5,0.0,91.0,9.9,observed,False,0.0,0,none
2025-06-16 02:00:00,12.3,0.0,90.0,10.1,observed,False,0.0,0,none
2025-06-16 03:00:00,12.0,0.0,85.0,11.4,observed,False,0.0,0,none
2025-06-16 04:00:00,11.4,0.0,92.0,7.0,observed,False,0.0,0,none
2025-06-16 05:00:00,12.4,0.0,68.0,16.3,observed,False,0.0,0,none
2025-06-16 06:00:00,13.7,0.0,91.0,10.8,observed,False,0.0,0,none
2025-06-16 07:00:00,15.1,0.0,74.0,10.0,observed,False,0.0,0,none
2025-06-16 08:00:00,14.6,0.0,86.0,10.3,observed,False,0.0,0,none
2025-06-16 09:00:00,16.1,0.0,68.0,10.8,observed,False,0.0,0,none
2025-06-16 10:00:00,17.7,0.0,74.0,8.0,observed,False,0.0,0,none
2025-06-16 11:00:00,18.7,0.0,69.0,10.7,observed,False,0.0,0,none
2025-06-16 12:00:00,18.8,0.0,59.0,14.5,observed,False,0.0,0,none
2025-06-16 13:00:00,19.6,0.0,69.0,9.0,observed,False,0.0,0,none
2025-06-16 14:00:00,20.2,0.0,76.0,14.9,observed,False,0.0,0,none
2025-06-16 15:00:00,20.7,0.0,54.0,5.5,observed,False,0.0,0,none
2025-06-16 16:00:00,21.4,0.0,53.0,11.3,observed,False,0.0,0,none
2025-06-16 17:00:00,19.8,0.0,71.0,13.1,observed,False,0.0,0,none
2025-06-16 18:00:00,19.3,0.0,73.0,4.2,observed,False,0.0,0,none
2025-06-16 19:00:00,18.1,0.0,65.0,11.8,observed,False,0.0,0,none
2025-06-16 20:00:00,17.8,0.0,68.0,17.1,observed,False,0.0,0,none
2025-06-16 21:00:00,16.45,0.0,68.0,11.35,observed,True,0.0,0,none
2025-06-16 22:00:00,15.1,0.0,68.0,5.6,observed,False,0.0,0,none
2025-06-16 23:00:00,14.2,0.0,84.0,12.3,observed,False,0.0,0,none
2025-06-17 00:00:00,13.4,0.0,88.0,12.0,observed,False,0.0,0,none
2025-06-17 01:00:00,11.9,0.0,80.0,9.0,observed,False,0.0,0,none
2025-06-17 02:00:00,12.4,0.0,82.0,8.5,observed,False,0.0,0,none
2025-06-17 03:00:00,11.6,0.0,81.0,6.2,observed,False,0.0,0,none
2025-06-17 04:00:00,11.7,0.0,82.0,11.0,observed,False,0.0,0,none
2025-06-17 05:00:00,11.9,0.0,86.0,12.6,observed,False,0.0,0,none
2025-06-17 06:00:00,12.6,0.0,82.0,6.3,observed,False,0.0,0,none
2025-06-17 07:00:00,13.8,0.0,84.0,11.1,observed,False,0.0,0,none
2025-06-17 08:00:00,14.9,0.0,86.0,8.9,observed,False,0.0,0,none
2025-06-17 09:00:00,16.6,0.0,81.0,9.5,observed,False,0.0,0,none
2025-06-17 10:00:00,16.9,0.0,63.0,16.1,observed,False,0.0,0,none
2025-06-17 11:00:00,17.8,0.0,64.0,14.2,observed,False,0.0,0,none
2025-06-17 12:00:00,17.2,0.6,77.0,6.4,observed,False,0.6,1,light
2025-06-17 13:00:00,19.6,0.0,65.0,5.9,observed,False,0.6,0,none
2025-06-17 14:00:00,20.2,0.5,62.0,8.0,observed,False,1.1,1,light
2025-06-17 15:00:00,20.1,0.0,70.0,6.1,observed,False,0.5,0,none
2025-06-17 16:00:00,17.6,1.5,74.0,13.1,observed,False,2.0,1,light
2025-06-17 17:00:00,20.1,0.5,64.0,19.7,observed,False,2.0,1,light
2025-06-17 18:00:00,19.0,0.0,67.0,5.0,observed,False,2.0,0,none
2025-06-17 19:00:00,17.9,0.1,67.0,7.0,observed,False,0.6,1,light
2025-06-17 20:00:00,16.3,0.0,75.0,9.6,observed,False,0.1,0,none
2025-06-17 21:00:00,16.6,0.0,74.0,14.8,observed,False,0.1,0,none
2025-06-17 22:00:00,15.1,0.0,73.0,10.1,observed,True,0.0,0,none
2025-06-17 23:00:00,13.9,0.0,89.0,16.7,observed,False,0.0,0,none
2025-06-18 00:00:00,11.8,0.0,81.0,9.3,observed,False,0.0,0,none
2025-06-18 01:00:00,11.3,0.0,72.0,9.3,observed,False,0.0,0,none
2025-06-18 02:00:00,12.2,0.0,85.0,11.9,observed,False,0.0,0,none
2025-06-18 03:00:00,11.1,0.0,83.0,17.4,observed,False,0.0,0,none
2025-06-18 04:00:00,11.5,0.0,94.0,13.6,observed,False,0.0,0,none
2025-06-18 05:00:00,11.7,0.0,83.0,10.3,observed,False,0.0,0,none
2025-06-18 06:00:00,12.0,0.0,83.0,16.9,observed,False,0.0,0,none
2025-06-18 07:00:00,11.8,0.0,75.0,14.9,observed,False,0.0,0,none
2025-06-18 08:00:00,14.1,0.0,80.0,10.2,observed,False,0.0,0,none
2025-06-18 09:00:00,15.0,0.0,66.0,9.7,observed,False,0.0,0,none
2025-06-18 10:00:00,16.0,0.0,71.0,8.2,observed,False,0.0,0,none
2025-06-18 11:00:00,18.2,0.0,60.0,13.7,observed,False,0.0,0,none
2025-06-18 12:00:00,17.5,0.0,75.0,15.4,observed,False,0.0,0,none
2025-06-18 13:00:00,18.7,0.0,62.0,16.7,observed,False,0.0,0,none
2025-06-18 14:00:00,19.5,0.0,71.5,14.7,observed,False,0.0,0,none
2025-06-18 15:00:00,17.5,1.8,81.0,9.4,observed,False,1.8,1,light
2025-06-18 16:00:00,17.85,0.0,68.0,10.5,observed,False,1.8,0,none
2025-06-18 17:00:00,18.8,0.0,64.0,23.0,observed,False,1.8,0,none
2025-06-18 18:00:00,17.6,0.0,74.0,8.8,observed,False,0.0,0,none
2025-06-18 19:00:00,17.9,0.0,68.0,14.7,observed,False,0.0,0,none
2025-06-18 20:00:00,16.5,0.0,80.0,17.2,observed,False,0.0,0,none
2025-06-18 21:00:00,14.5,0.5,76.0,8.1,observed,False,0.5,1,light
2025-06-18 22:00:00,14.9,0.0,69.0,5.3,observed,False,0.5,0,none
2025-06-18 23:00:00,13.3,0.0,81.0,11.3,observed,False,0.5,0,none
2025-06-19 00:00:00,11.5,0.0,72.0,16.2,observed,False,0.0,0,none
2025-06-19 01:00:00,12.2,0.0,79.0,7.9,observed,False,0.0,0,none
2025-06-19 02:00:00,11.2,0.0,91.0,5.6,observed,False,0.0,0,none
2025-06-19 03:00:00,11.8,0.0,86.0,6.9,observed,False,0.0,0,none
2025-06-19 04:00:00,10.6,0.0,83.0,10.4,observed,False,0.0,0,none
2025-06-19 05:00:00,12.2,0.0,82.0,11.8,observed,False,0.0,0,none
2025-06-19 06:00:00,12.0,0.0,91.0,13.4,observed,False,0.0,0,none
2025-06-19 07:00:00,13.8,0.0,76.0,12.4,observed,False,0.0,0,none
2025-06-19 08:00:00,14.8,0.0,89.0,10.3,observed,False,0.0,0,none
2025-06-19 09:00:00,16.2,0.0,75.0,8.4,observed,False,0.0,0,none
2025-06-19 10:00:00,16.7,0.0,83.0,6.7,observed,False,0.0,0,none
2025-06-19 11:00:00,18.3,0.0,75.0,11.1,observed,False,0.0,0,none
2025-06-19 12:00:00,19.6,0.0,62.0,11.5,observed,False,0.0,0,none
2025-06-19 13:00:00,19.4,0.0,78.0,6.3,observed,False,0.0,0,none
2025-06-19 14:00:00,20.0,0.0,59.0,16.8,observed,False,0.0,0,none
2025-06-19 15:00:00,19.7,0.0,58.0,17.0,observed,False,0.0,0,none
2025-06-19 16:00:00,19.8,0.0,66.0,17.8,observed,False,0.0,0,none
2025-06-19 17:00:00,19.5,0.0,58.0,15.8,observed,False,0.0,0,none
2025-06-19 18:00:00,17.9,0.0,76.0,8.6,observed,False,0.0,0,none
2025-06-19 19:00:00,17.5,0.0,69.0,8.2,observed,False,0.0,0,none
2025-06-19 20:00:00,16.5,0.0,71.5,7.749999999999999,observed,True,0.0,0,none
2025-06-19 21:00:00,15.5,0.0,74.0,7.3,observed,False,0.0,0,none
2025-06-19 22:00:00,14.8,0.0,67.0,11.3,observed,False,0.0,0,none
2025-06-19 23:00:00,13.9,0.0,71.0,8.4,observed,False,0.0,0,none
2025-06-20 00:00:00,13.1,0.0,76.0,11.8,observed,False,0.0,0,none
2025-06-20 01:00:00,13.0,0.0,81.0,15.1,observed,False,0.0,0,none
2025-06-20 02:00:00,12.7,0.0,90.0,4.6,observed,False,0.0,0,none
2025-06-20 03:00:00,13.2,0.0,86.0,6.1,observed,False,0.0,0,none
2025-06-20 04:00:00,12.6,0.0,75.0,8.7,observed,False,0.0,0,none
2025-06-20 05:00:00,13.35,0.0,75.5,6.95,observed,True,0.0,0,none
2025-06-20 06:00:00,14.1,0.0,76.0,5.2,observed,False,0.0,0,none
2025-06-20 07:00:00,13.7,0.0,93.0,7.1,observed,False,0.0,0,none
2025-06-20 08:00:00,15.4,0.0,71.0,10.0,observed,False,0.0,0,none
2025-06-20 09:00:00,16.0,0.0,73.0,13.4,observed,False,0.0,0,none
2025-06-20 10:00:00,18.1,0.0,60.0,10.7,observed,False,0.0,0,none
2025-06-20 11:00:00,19.1,0.0,63.0,8.2,observed,False,0.0,0,none
2025-06-20 12:00:00,19.9,0.0,62.0,8.0,observed,False,0.0,0,none
2025-06-20 13:00:00,20.9,0.0,57.0,10.9,observed,False,0.0,0,none
2025-06-20 14:00:00,20.6,0.0,55.0,9.5,observed,False,0.0,0,none
2025-06-20 15:00:00,20.0,0.0,66.0,16.0,observed,False,0.0,0,none
2025-06-20 16:00:00,20.9,0.0,67.0,5.1,observed,False,0.0,0,none
2025-06-20 17:00:00,21.05,0.0,68.0,9.7,observed,False,0.0,0,none
2025-06-20 18:00:00,20.0,0.0,66.0,12.3,observed,False,0.0,0,none
2025-06-20 19:00:00,19.4,0.0,79.0,11.6,observed,False,0.0,0,none
2025-06-20 20:00:00,17.5,0.0,70.0,7.3,observed,False,0.0,0,none
2025-06-20 21:00:00,16.6,0.0,71.0,6.5,observed,False,0.0,0,none
2025-06-20 22:00:00,15.6,0.0,78.0,12.2,observed,False,0.0,0,none
2025-06-20 23:00:00,15.2,0.0,67.0,14.1,observed,False,0.0,0,none
2025-06-21 00:00:00,13.6,0.0,77.0,8.0,observed,False,0.0,0,none
2025-06-21 01:00:00,13.1,0.0,87.0,9.9,observed,False,0.0,0,none
2025-06-21 02:00:00,12.2,0.0,77.0,9.3,observed,False,0.0,0,none
2025-06-21 03:00:00,11.8,0.0,86.0,8.5,observed,False,0.0,0,none
2025-06-21 04:00:00,13.2,0.0,76.0,13.8,observed,False,0.0,0,none
2025-06-21 05:00:00,13.2,0.0,78.0,17.5,observed,False,0.0,0,none
2025-06-21 06:00:00,12.6,0.0,86.0,8.8,observed,False,0.0,0,none
2025-06-21 07:00:00,15.1,0.0,83.0,7.2,observed,False,0.0,0,none
2025-06-21 08:00:00,15.3,0.0,76.0,5.9,observed,False,0.0,0,none
2025-06-21 09:00:00,16.400000000000002,0.0,72.5,8.1,observed,True,0.0,0,none
2025-06-21 10:00:00,17.5,0.0,69.0,10.3,observed,False,0.0,0,none
2025-06-21 11:00:00,18.3,0.0,62.0,11.4,observed,False,0.0,0,none
2025-06-21 12:00:00,19.6,0.0,71.0,9.0,observed,False,0.0,0,none
2025-06-21 13:00:00,18.9,0.0,73.0,14.8,observed,False,0.0,0,none
2025-06-21 14:00:00,21.1,0.0,64.0,14.1,observed,False,0.0,0,none
2025-06-21 15:00:00,20.9,0.0,59.0,11.3,observed,False,0.0,0,none
2025-06-21 16:00:00,20.8,0.0,56.0,11.0,observed,False,0.0,0,none
2025-06-21 17:00:00,19.9,0.0,68.0,8.5,observed,False,0.0,0,none
2025-06-21 18:00:00,19.6,0.0,67.0,13.8,observed,False,0.0,0,none
2025-06-21 19:00:00,18.4,0.0,67.0,12.1,observed,False,0.0,0,none
2025-06-21 20:00:00,18.0,0.0,69.0,8.6,observed,False,0.0,0,none
2025-06-21 21:00:00,17.0,0.0,73.0,8.9,observed,False,0.0,0,none
2025-06-21 22:00:00,15.7,0.0,81.0,6.6,observed,False,0.0,0,none
2025-06-21 23:00:00,14.2,0.0,79.0,11.2,observed,False,0.0,0,none
2025-06-22 00:00:00,13.2,0.0,82.0,10.5,observed,True,0.0,0,none
2025-06-22 01:00:00,12.2,0.0,85.0,9.8,observed,False,0.0,0,none
2025-06-22 02:00:00,12.3,0.0,80.0,13.7,observed,False,0.0,0,none
2025-06-22 03:00:00,12.0,0.0,82.0,11.2,observed,True,0.0,0,none
2025-06-22 04:00:00,11.7,0.0,84.0,8.7,observed,False,0.0,0,none
2025-06-22 05:00:00,12.9,0.0,74.0,14.9,observed,False,0.0,0,none
2025-06-22 06:00:00,12.8,0.0,86.0,13.1,observed,False,0.0,0,none
2025-06-22 07:00:00,13.9,0.0,87.0,12.7,observed,False,0.0,0,none
2025-06-22 08:00:00,15.5,0.0,73.0,11.5,observed,False,0.0,0,none
2025-06-22 09:00:00,14.9,0.0,85.0,9.9,observed,False,0.0,0,none
2025-06-22 10:00:00,16.6,0.0,81.0,14.4,observed,False,0.0,0,none
2025-06-22 11:00:00,18.1,0.0,76.0,11.5,observed,False,0.0,0,none
2025-06-22 12:00:00,19.3,0.0,71.0,6.7,observed,False,0.0,0,none
2025-06-22 13:00:00,19.4,0.0,61.0,7.1,observed,False,0.0,0,none
2025-06-22 14:00:00,20.4,0.0,64.0,9.4,observed,False,0.0,0,none
2025-06-22 15:00:00,20.6,0.0,65.0,15.0,observed,False,0.0,0,none
2025-06-22 16:00:00,20.3,0.0,68.0,8.9,observed,False,0.0,0,none
2025-06-22 17:00:00,18.9,0.0,61.0,9.6,observed,False,0.0,0,none
2025-06-22 18:00:00,18.6,0.0,66.0,6.0,observed,False,0.0,0,none
2025-06-22 19:00:00,17.6,0.0,79.0,15.4,observed,False,0.0,0,none
2025-06-22 20:00:00,16.3,0.0,72.0,5.6,observed,False,0.0,0,none
2025-06-22 21:00:00,14.9,0.0,78.0,11.9,observed,False,0.0,0,none
2025-06-22 22:00:00,16.3,0.0,75.0,13.4,observed,False,0.0,0,none
2025-06-22 23:00:00,14.0,0.0,79.0,7.8,observed,False,0.0,0,none
2025-06-23 00:00:00,13.2,0.0,80.0,9.6,observed,False,0.0,0,none
2025-06-23 01:00:00,13.0,0.0,85.0,14.5,observed,False,0.0,0,none
2025-06-23 02:00:00,12.1,0.0,74.0,10.2,observed,False,0.0,0,none
2025-06-23 03:00:00,12.5,0.0,78.0,15.1,observed,False,0.0,0,none
2025-06-23 04:00:00,12.2,0.0,74.0,8.2,observed,False,0.0,0,none
2025-06-23 05:00:00,13.0,0.0,84.0,10.6,observed,False,0.0,0,none
2025-06-23 06:00:00,13.5,0.0,74.0,8.1,observed,False,0.0,0,none
2025-06-23 07:00:00,13.7,0.0,81.0,10.2,observed,False,0.0,0,none
2025-06-23 08:00:00,15.4,0.0,81.0,15.6,observed,False,0.0,0,none
2025-06-23 09:00:00,16.6,0.0,71.0,13.4,observed,False,0.0,0,none
2025-06-23 10:00:00,17.6,0.0,75.0,12.3,observed,False,0.0,0,none
2025-06-23 11:00:00,19.3,0.0,67.0,18.0,observed,False,0.0,0,none
2025-06-23 12:00:00,20.1,0.0,56.0,17.3,observed,False,0.0,0,none
2025-06-23 13:00:00,20.3,0.0,61.0,11.2,observed,False,0.0,0,none
2025-06-23 14:00:00,20.4,0.0,64.0,9.9,observed,False,0.0,0,none
2025-06-23 15:00:00,18.5,2.3,81.0,10.7,observed,False,2.3,1,light
2025-06-23 16:00:00,20.3,0.0,71.0,8.4,observed,False,2.3,0,none
2025-06-23 17:00:00,19.3,0.0,74.0,17.3,observed,False,2.3,0,none
2025-06-23 18:00:00,19.5,0.0,58.0,11.4,observed,False,0.0,0,none
2025-06-23 19:00:00,16.1,0.0,87.0,17.4,observed,True,0.0,0,none
2025-06-23 20:00:00,17.9,0.0,74.0,4.3,observed,False,0.0,0,none
2025-06-23 21:00:00,14.0,1.6,99.0,13.7,observed,False,1.6,1,light
2025-06-23 22:00:00,13.700000000000001,0.0,85.5,15.4,observed,True,1.6,0,none
2025-06-23 23:00:00,13.4,0.0,72.0,17.1,observed,False,1.6,0,none
2025-06-24 00:00:00,14.5,0.0,82.0,21.2,observed,False,0.0,0,none
2025-06-24 01:00:00,14.7,0.0,77.0,20.6,observed,False,0.0,0,none
2025-06-24 02:00:00,13.9,0.0,70.0,9.2,observed,False,0.0,0,none
2025-06-24 03:00:00,14.0,0.0,78.0,11.2,observed,False,0.0,0,none
2025-06-24 04:00:00,14.4,0.0,77.0,15.8,observed,False,0.0,0,none
2025-06-24 05:00:00,14.7,0.0,80.0,8.9,observed,False,0.0,0,none
2025-06-24 06:00:00,15.1,0.0,74.0,6.6,observed,False,0.0,0,none
2025-06-24 07:00:00,15.8,0.0,71.0,17.7,observed,False,0.0,0,none
2025-06-24 08:00:00,16.5,0.0,77.0,14.6,observed,False,0.0,0,none
2025-06-24 09:00:00,17.5,0.0,70.0,16.0,observed,False,0.0,0,none
2025-06-24 10:00:00,18.9,0.0,65.0,13.2,observed,False,0.0,0,none
2025-06-24 11:00:00,20.4,0.0,59.0,5.8,observed,False,0.0,0,none
2025-06-24 12:00:00,21.5,0.0,69.0,9.9,observed,False,0.0,0,none
2025-06-24 13:00:00,21.9,0.0,63.0,9.6,observed,False,0.0,0,none
2025-06-24 14:00:00,22.5,0.0,52.0,11.3,observed,False,0.0,0,none
2025-06-24 15:00:00,22.4,0.0,59.0,18.9,observed,False,0.0,0,none
2025-06-24 16:00:00,22.0,0.0,59.0,9.6,observed,False,0.0,0,none
2025-06-24 17:00:00,22.5,0.0,55.0,12.8,observed,False,0.0,0,none
2025-06-24 18:00:00,20.4,0.0,65.0,6.3,observed,False,0.0,0,none
2025-06-24 19:00:00,20.6,0.0,57.0,10.8,observed,False,0.0,0,none
2025-06-24 20:00:00,19.0,0.0,79.0,20.4,observed,False,0.0,0,none
2025-06-24 21:00:00,17.9,0.0,74.0,13.0,observed,False,0.0,0,none
2025-06-24 22:00:00,16.5,0.0,85.0,9.1,observed,False,0.0,0,none
2025-06-24 23:00:00,15.6,0.0,81.0,8.9,observed,False,0.0,0,none
2025-06-25 00:00:00,14.4,0.0,74.0,4.8,observed,False,0.0,0,none
2025-06-25 01:00:00,13.7,0.0,79.0,9.4,observed,False,0.0,0,none
2025-06-25 02:00:00,11.9,0.0,85.0,7.3,observed,False,0.0,0,none
2025-06-25 03:00:00,12.6,0.0,78.0,11.3,observed,False,0.0,0,none
2025-06-25 04:00:00,12.5,0.0,85.0,14.3,observed,False,0.0,0,none
2025-06-25 05:00:00,12.6,0.0,77.0,5.3,observed,False,0.0,0,none
2025-06-25 06:00:00,14.3,0.0,76.0,6.0,observed,False,0.0,0,none
2025-06-25 07:00:00,14.6,0.0,76.0,16.4,observed,False,0.0,0,none
2025-06-25 08:00:00,15.8,0.0,77.0,10.2,observed,False,0.0,0,none
2025-06-25 09:00:00,16.9,0.0,75.0,11.2,observed,False,0.0,0,none
2025-06-25 10:00:00,18.4,0.0,61.0,13.2,observed,False,0.0,0,none
2025-06-25 11:00:00,19.8,0.0,67.0,9.5,observed,True,0.0,0,none
2025-06-25 12:00:00,19.6,0.0,73.0,10.2,observed,False,0.0,0,none
2025-06-25 13:00:00,21.0,0.0,65.0,8.7,observed,False,0.0,0,none
2025-06-25 14:00:00,21.8,0.0,58.0,6.0,observed,False,0.0,0,none
2025-06-25 15:00:00,21.0,0.0,67.0,9.0,observed,False,0.0,0,none
2025-06-25 16:00:00,21.0,0.0,63.0,6.7,observed,False,0.0,0,none
2025-06-25 17:00:00,21.0,0.0,64.0,10.2,observed,False,0.0,0,none
2025-06-25 18:00:00,19.9,0.4,61.0,9.3,observed,False,0.4,1,light
2025-06-25 19:00:00,16.3,4.1,96.0,12.1,observed,False,4.5,1,moderate
2025-06-25 20:00:00,18.3,0.0,73.0,20.8,observed,False,4.5,0,none
2025-06-25 21:00:00,17.1,0.0,68.0,9.9,observed,False,4.1,0,none
2025-06-25 22:00:00,15.3,0.0,80.0,9.3,observed,False,0.0,0,none
2025-06-25 23:00:00,14.8,0.0,68.0,9.1,observed,False,0.0,0,none
2025-06-26 00:00:00,14.1,0.0,85.0,16.3,observed,False,0.0,0,none
2025-06-26 01:00:00,13.1,0.0,80.0,13.1,observed,False,0.0,0,none
2025-06-26 02:00:00,12.8,0.0,79.0,16.3,observed,False,0.0,0,none
2025-06-26 03:00:00,12.6,0.0,82.0,18.0,observed,False,0.0,0,none
2025-06-26 04:00:00,13.3,0.0,74.0,15.8,observed,False,0.0,0,none
2025-06-26 05:00:00,14.2,0.0,76.0,10.9,observed,False,0.0,0,none
2025-06-26 06:00:00,14.7,0.0,84.0,8.9,observed,False,0.0,0,none
2025-06-26 07:00:00,15.8,0.0,69.0,11.2,observed,False,0.0,0,none
2025-06-26 08:00:00,15.7,0.0,76.0,8.2,observed,False,0.0,0,none
2025-06-26 09:00:00,17.0,0.0,69.0,13.7,observed,False,0.0,0,none
2025-06-26 10:00:00,18.2,0.0,69.0,6.8,observed,False,0.0,0,none
2025-06-26 11:00:00,20.1,0.0,59.0,5.8,observed,False,0.0,0,none
2025-06-26 12:00:00,20.7,0.0,66.0,5.5,observed,False,0.0,0,none
2025-06-26 13:00:00,18.1,1.0,78.0,10.4,observed,False,1.0,1,light
2025-06-26 14:00:00,20.8,0.0,63.0,12.8,observed,False,1.0,0,none
2025-06-26 15:00:00,20.7,0.0,64.0,13.6,observed,False,1.0,0,none
2025-06-26 16:00:00,19.9,5.8,70.0,19.2,observed,False,5.8,1,moderate
2025-06-26 17:00:00,21.5,0.0,58.0,9.4,observed,False,5.8,0,none
2025-06-26 18:00:00,17.9,2.9,86.0,11.1,observed,False,8.7,1,moderate
2025-06-26 19:00:00,19.2,0.0,87.5,7.3,observed,False,2.9,0,none
2025-06-26 20:00:00,16.1,3.5,89.0,20.8,observed,False,6.4,1,moderate
2025-06-26 21:00:00,17.5,0.0,62.0,10.4,observed,False,3.5,0,none
2025-06-26 22:00:00,16.8,0.0,80.0,18.6,observed,False,3.5,0,none
2025-06-26 23:00:00,15.1,0.0,77.0,8.7,observed,False,0.0,0,none
2025-06-27 00:00:00,14.0,0.0,74.0,15.4,observed,False,0.0,0,none
2025-06-27 01:00:00,13.2,0.0,79.0,10.8,observed,False,0.0,0,none
2025-06-27 02:00:00,13.3,0.0,84.0,4.3,observed,False,0.0,0,none
2025-06-27 03:00:00,12.1,0.0,73.0,13.8,observed,False,0.0,0,none
2025-06-27 04:00:00,12.9,0.0,76.0,10.0,observed,False,0.0,0,none
2025-06-27 05:00:00,13.2,0.0,79.0,9.3,observed,False,0.0,0,none
2025-06-27 06:00:00,13.1,0.0,85.0,9.4,observed,False,0.0,0,none
2025-06-27 07:00:00,13.8,0.0,78.0,5.6,observed,False,0.0,0,none
2025-06-27 08:00:00,15.7,0.0,71.0,7.6,observed,False,0.0,0,none
2025-06-27 09:00:00,16.5,0.0,64.0,10.1,observed,False,0.0,0,none
2025-06-27 10:00:00,18.0,0.0,68.0,12.0,observed,False,0.0,0,none
2025-06-27 11:00:00,19.0,0.0,60.0,9.6,observed,False,0.0,0,none
2025-06-27 12:00:00,20.3,0.0,63.0,8.3,observed,False,0.0,0,none
2025-06-27 13:00:00,20.3,0.0,64.0,6.9,observed,False,0.0,0,none
2025-06-27 14:00:00,20.5,0.0,63.0,18.6,observed,False,0.0,0,none
2025-06-27 15:00:00,21.6,0.0,62.0,21.2,observed,False,0.0,0,none
2025-06-27 16:00:00,21.5,0.0,67.0,14.4,observed,False,0.0,0,none
2025-06-27 17:00:00,20.3,0.0,69.0,8.1,observed,False,0.0,0,none
2025-06-27 18:00:00,19.3,0.0,75.0,10.4,observed,False,0.0,0,none
2025-06-27 19:00:00,19.2,0.0,67.0,6.8,observed,False,0.0,0,none
2025-06-27 20:00:00,18.2,0.0,67.0,8.1,observed,False,0.0,0,none
2025-06-27 21:00:00,15.8,0.0,82.0,16.1,observed,False,0.0,0,none
2025-06-27 22:00:00,15.6,0.0,71.0,4.0,observed,False,0.0,0,none
2025-06-27 23:00:00,13.6,0.0,74.0,19.6,observed,False,0.0,0,none
2025-06-28 00:00:00,13.3,0.0,81.0,10.4,observed,False,0.0,0,none
2025-06-28 01:00:00,12.5,0.0,91.0,8.5,observed,False,0.0,0,none
2025-06-28 02:00:00,12.6,0.0,84.0,8.7,observed,False,0.0,0,none
2025-06-28 03:00:00,11.2,0.0,89.0,15.1,observed,False,0.0,0,none
2025-06-28 04:00:00,12.8,0.0,82.0,7.9,observed,False,0.0,0,none
2025-06-28 05:00:00,13.0,0.0,88.0,14.2,observed,False,0.0,0,none
2025-06-28 06:00:00,13.5,0.0,93.0,21.0,observed,False,0.0,0,none
2025-06-28 07:00:00,15.0,0.0,84.0,7.1,observed,False,0.0,0,none
2025-06-28 08:00:00,16.5,0.0,71.0,11.4,observed,False,0.0,0,none
2025-06-28 09:00:00,15.7,0.0,76.0,8.6,observed,False,0.0,0,none
2025-06-28 10:00:00,18.3,0.0,68.0,13.0,observed,False,0.0,0,none
2025-06-28 11:00:00,19.4,0.0,74.0,5.7,observed,False,0.0,0,none
2025-06-28 12:00:00,19.2,0.0,64.0,8.5,observed,False,0.0,0,none
2025-06-28 13:00:00,20.2,0.0,60.0,6.5,observed,False,0.0,0,none
2025-06-28 14:00:00,20.2,0.0,70.0,14.3,observed,False,0.0,0,none
2025-06-28 15:00:00,20.9,0.0,58.0,4.4,observed,False,0.0,0,none
2025-06-28 16:00:00,20.099999999999998,0.0,64.5,7.6000000000000005,observed,True,0.0,0,none
2025-06-28 17:00:00,19.3,0.0,71.0,10.8,observed,False,0.0,0,none
2025-06-28 18:00:00,19.6,0.0,59.0,20.6,observed,False,0.0,0,none
2025-06-28 19:00:00,19.0,0.0,66.0,8.6,observed,False,0.0,0,none
2025-06-28 20:00:00,16.9,0.0,77.0,15.1,observed,False,0.0,0,none
2025-06-28 21:00:00,16.4,0.0,78.0,11.6,observed,False,0.0,0,none
2025-06-28 22:00:00,15.7,0.0,77.0,8.3,observed,False,0.0,0,none
2025-06-28 23:00:00,14.8,0.0,76.0,17.0,observed,False,0.0,0,none
2025-06-29 00:00:00,15.5,0.0,79.0,24.9,observed,False,0.0,0,none
2025-06-29 01:00:00,13.8,0.0,72.0,12.7,observed,False,0.0,0,none
2025-06-29 02:00:00,13.8,0.0,80.0,20.4,observed,False,0.0,0,none
2025-06-29 03:00:00,13.3,0.0,80.0,12.7,observed,False,0.0,0,none
2025-06-29 04:00:00,13.3,0.0,73.0,17.7,observed,False,0.0,0,none
2025-06-29 05:00:00,14.5,0.0,82.0,20.8,observed,False,0.0,0,none
2025-06-29 06:00:00,13.6,0.0,81.0,14.7,observed,False,0.0,0,none
2025-06-29 07:00:00,15.2,0.0,77.0,14.9,observed,False,0.0,0,none
2025-06-29 08:00:00,16.1,0.0,70.0,5.1,observed,False,0.0,0,none
2025-06-29 09:00:00,17.0,0.0,78.0,5.0,observed,False,0.0,0,none
2025-06-29 10:00:00,18.8,0.0,65.0,4.8,observed,False,0.0,0,none
2025-06-29 11:00:00,19.7,0.0,75.0,19.8,observed,False,0.0,0,none
2025-06-29 12:00:00,21.0,0.0,81.5,5.1,observed,False,0.0,0,none
2025-06-29 13:00:00,19.6,4.6,88.0,8.8,observed,False,4.6,1,moderate
2025-06-29 14:00:00,18.6,1.3,84.0,17.0,observed,False,5.8999999999999995,1,light
2025-06-29 15:00:00,19.6,8.8,78.0,15.0,observed,False,14.7,1,heavy
2025-06-29 16:00:00,21.5,0.1,56.0,6.1,observed,False,10.2,1,light
2025-06-29 17:00:00,21.4,0.0,67.0,12.0,observed,False,8.899999999999999,0,none
2025-06-29 18:00:00,20.4,0.0,56.0,11.3,observed,False,0.09999999999999823,0,none
2025-06-29 19:00:00,17.3,7.6,86.0,10.9,observed,False,7.599999999999998,1,moderate
2025-06-29 20:00:00,16.3,18.8,96.0,7.6,observed,False,26.4,1,heavy
2025-06-29 21:00:00,18.2,0.2,74.0,15.4,observed,False,26.599999999999998,1,light
2025-06-29 22:00:00,16.7,0.0,75.0,9.0,observed,False,19.0,0,none
2025-06-29 23:00:00,15.4,0.0,72.0,4.0,observed,False,0.19999999999999646,0,none
2025-06-30 00:00:00,15.2,0.0,77.0,12.7,observed,False,0.0,0,none
2025-06-30 01:00:00,13.3,0.0,87.0,12.0,observed,False,0.0,0,none
2025-06-30 02:00:00,13.4,0.0,84.0,10.1,observed,True,0.0,0,none
2025-06-30 03:00:00,12.9,0.0,82.0,18.2,observed,False,0.0,0,none
2025-06-30 04:00:00,12.7,0.0,85.0,10.2,observed,False,0.0,0,none
2025-06-30 05:00:00,11.9,0.0,81.0,11.8,observed,False,0.0,0,none
2025-06-30 06:00:00,14.2,0.0,83.0,10.0,observed,False,0.0,0,none
2025-06-30 07:00:00,15.1,0.0,75.0,6.6,observed,False,0.0,0,none
2025-06-30 08:00:00,15.9,0.0,81.0,11.9,observed,False,0.0,0,none
2025-06-30 09:00:00,17.0,0.0,69.0,15.4,observed,False,0.0,0,none
2025-06-30 10:00:00,17.6,0.0,61.0,6.0,observed,False,0.0,0,none
2025-06-30 11:00:00,19.1,0.0,69.0,9.4,observed,False,0.0,0,none
2025-06-30 12:00:00,19.8,0.0,73.0,6.8,observed,False,0.0,0,none
2025-06-30 13:00:00,21.2,0.0,71.0,10.9,observed,False,0.0,0,none
2025-06-30 14:00:00,20.7,0.0,56.0,12.6,observed,False,0.0,0,none
2025-06-30 15:00:00,21.1,0.0,61.0,14.0,observed,False,0.0,0,none
2025-06-30 16:00:00,21.6,0.0,61.0,10.7,observed,False,0.0,0,none
2025-06-30 17:00:00,20.4,0.0,67.0,11.7,observed,False,0.0,0,none
2025-06-30 18:00:00,19.7,0.0,65.0,7.7,observed,False,0.0,0,none
2025-06-30 19:00:00,18.6,0.0,67.0,12.9,observed,False,0.0,0,none
2025-06-30 20:00:00,18.1,0.0,61.0,7.0,observed,False,0.0,0,none
2025-06-30 21:00:00,16.9,0.0,71.0,7.3,observed,False,0.0,0,none
2025-06-30 22:00:00,15.9,0.0,79.0,8.6,observed,False,0.0,0,none
2025-06-30 23:00:00,15.3,0.0,69.0,5.9,observed,False,0.0,0,none
2025-07-01 00:00:00,13.7,0.0,80.0,10.9,observed,False,0.0,0,none
2025-07-01 01:00:00,12.1,0.0,92.0,17.3,observed,False,0.0,0,none
2025-07-01 02:00:00,11.8,0.0,80.0,13.6,observed,False,0.0,0,none
2025-07-01 03:00:00,11.8,0.0,85.0,7.5,observed,False,0.0,0,none
2025-07-01 04:00:00,12.2,0.0,87.0,14.9,observed,False,0.0,0,none
2025-07-01 05:00:00,12.9,0.0,73.0,12.9,observed,False,0.0,0,none
2025-07-01 06:00:00,14.350000000000001,0.0,83.0,27.2,observed,False,0.0,0,none
2025-07-01 07:00:00,13.2,0.0,76.0,14.1,observed,False,0.0,0,none
2025-07-01 08:00:00,15.5,0.0,88.0,5.6,observed,False,0.0,0,none
2025-07-01 09:00:00,16.7,0.0,82.0,20.2,observed,False,0.0,0,none
2025-07-01 10:00:00,17.0,0.0,76.0,11.4,observed,False,0.0,0,none
2025-07-01 11:00:00,19.0,0.0,73.0,12.6,observed,False,0.0,0,none
2025-07-01 12:00:00,17.1,1.5,84.0,4.7,observed,False,1.4999999999999964,1,light
2025-07-01 13:00:00,20.3,0.0,60.0,12.8,observed,False,1.4999999999999964,0,none
2025-07-01 14:00:00,19.9,0.0,67.0,15.3,observed,False,1.4999999999999964,0,none
2025-07-01 15:00:00,17.7,1.9,84.0,13.6,observed,False,1.8999999999999964,1,light
2025-07-01 16:00:00,20.1,0.0,61.0,12.3,observed,False,1.8999999999999964,0,none
2025-07-01 17:00:00,20.2,0.0,74.0,10.8,observed,False,1.8999999999999964,0,none
2025-07-01 18:00:00,16.5,0.9,81.0,6.7,observed,False,0.8999999999999965,1,light
2025-07-01 19:00:00,15.7,1.0,92.0,8.4,observed,False,1.8999999999999964,1,light
2025-07-01 20:00:00,17.6,0.0,68.0,8.9,observed,False,1.8999999999999964,0,none
2025-07-01 21:00:00,16.3,0.0,79.0,6.8,observed,False,0.9999999999999964,0,none
2025-07-01 22:00:00,15.0,0.0,72.0,6.6,observed,False,0.0,0,none
2025-07-01 23:00:00,15.3,0.0,74.0,17.1,observed,False,0.0,0,none
2025-07-02 00:00:00,14.0,0.0,76.0,18.2,observed,False,0.0,0,none
2025-07-02 01:00:00,11.6,0.0,82.0,12.2,observed,False,0.0,0,none
2025-07-02 02:00:00,11.7,0.0,84.0,12.0,observed,False,0.0,0,none
2025-07-02 03:00:00,11.9,0.0,86.0,14.3,observed,False,0.0,0,none
2025-07-02 04:00:00,11.2,0.0,92.0,4.0,observed,False,0.0,0,none
2025-07-02 05:00:00,12.2,0.0,84.0,8.799999999999999,observed,True,0.0,0,none
2025-07-02 06:00:00,13.2,0.0,76.0,13.6,observed,False,0.0,0,none
2025-07-02 07:00:00,13.6,0.0,85.0,20.2,observed,False,0.0,0,none
2025-07-02 08:00:00,14.6,0.0,76.0,11.9,observed,False,0.0,0,none
2025-07-02 09:00:00,16.5,0.0,75.0,11.6,observed,False,0.0,0,none
2025-07-02 10:00:00,16.0,0.0,73.0,6.6,observed,False,0.0,0,none
2025-07-02 11:00:00,16.2,3.7,90.0,19.9,observed,False,3.6999999999999966,1,moderate
2025-07-02 12:00:00,19.3,0.0,72.0,8.2,observed,False,3.6999999999999966,0,none
2025-07-02 13:00:00,16.6,5.1,96.0,6.3,observed,False,8.799999999999997,1,moderate
2025-07-02 14:00:00,19.8,0.5,65.0,6.5,observed,False,5.599999999999996,1,light
2025-07-02 15:00:00,20.3,0.0,61.0,9.3,observed,False,5.599999999999996,0,none
2025-07-02 16:00:00,18.3,10.2,85.0,17.1,observed,False,10.699999999999996,1,heavy
2025-07-02 17:00:00,17.8,1.1,92.0,11.0,observed,False,11.299999999999995,1,light
2025-07-02 18:00:00,18.2,0.0,76.0,18.4,observed,False,11.299999999999995,0,none
2025-07-02 19:00:00,17.8,0.2,72.0,12.1,observed,False,1.2999999999999965,1,light
2025-07-02 20:00:00,15.3,1.5,95.0,11.9,observed,False,1.6999999999999964,1,light
2025-07-02 21:00:00,16.5,0.0,81.0,10.2,observed,False,1.6999999999999964,0,none
2025-07-02 22:00:00,14.9,0.0,73.0,17.5,observed,False,1.4999999999999964,0,none
2025-07-02 23:00:00,13.3,0.0,70.0,10.8,observed,False,0.0,0,none
2025-07-03 00:00:00,13.7,0.0,84.0,7.4,observed,False,0.0,0,none
2025-07-03 01:00:00,12.4,0.0,75.0,12.0,observed,False,0.0,0,none
2025-07-03 02:00:00,12.1,0.0,76.0,10.6,observed,False,0.0,0,none
2025-07-03 03:00:00,12.5,0.0,92.0,18.5,observed,False,0.0,0,none
2025-07-03 04:00:00,12.2,0.0,87.0,9.1,observed,False,0.0,0,none
2025-07-03 05:00:00,12.6,0.0,83.0,4.3,observed,False,0.0,0,none
2025-07-03 06:00:00,13.2,0.0,84.0,9.3,observed,False,0.0,0,none
2025-07-03 07:00:00,13.5,0.0,81.0,5.0,observed,False,0.0,0,none
2025-07-03 08:00:00,14.4,0.0,76.0,5.9,observed,False,0.0,0,none
2025-07-03 09:00:00,16.1,0.0,84.0,3.4,observed,False,0.0,0,none
2025-07-03 10:00:00,17.2,0.0,75.0,8.9,observed,False,0.0,0,none
2025-07-03 11:00:00,18.3,0.0,71.0,19.2,observed,False,0.0,0,none
2025-07-03 12:00:00,19.7,0.0,58.0,16.6,observed,False,0.0,0,none
2025-07-03 13:00:00,19.5,0.0,62.0,8.1,observed,False,0.0,0,none
2025-07-03 14:00:00,20.5,0.0,61.0,7.3,observed,False,0.0,0,none
2025-07-03 15:00:00,17.9,1.4,80.0,8.6,observed,False,1.3999999999999964,1,light
2025-07-03 16:00:00,18.4,3.2,75.0,10.4,observed,False,4.599999999999996,1,moderate
2025-07-03 17:00:00,19.8,0.0,71.0,9.3,observed,False,4.599999999999996,0,none
2025-07-03 18:00:00,19.4,0.0,67.0,12.4,observed,False,3.1999999999999966,0,none
2025-07-03 19:00:00,18.3,0.0,70.0,9.3,observed,False,0.0,0,none
2025-07-03 20:00:00,16.8,0.0,71.0,18.7,observed,False,0.0,0,none
2025-07-03 21:00:00,15.9,0.0,84.0,5.5,observed,False,0.0,0,none
2025-07-03 22:00:00,14.6,0.0,85.0,14.1,observed,False,0.0,0,none
2025-07-03 23:00:00,14.0,0.0,74.0,14.4,observed,False,0.0,0,none
2025-07-04 00:00:00,13.5,0.0,88.0,15.1,observed,False,0.0,0,none
2025-07-04 01:00:00,13.9,0.0,82.0,8.6,observed,False,0.0,0,none
2025-07-04 02:00:00,13.5,0.0,86.0,8.0,observed,False,0.0,0,none
2025-07-04 03:00:00,12.5,0.0,82.0,4.6,observed,False,0.0,0,none
2025-07-04 04:00:00,12.4,0.0,91.0,16.1,observed,False,0.0,0,none
2025-07-04 05:00:00,12.8,0.0,84.0,14.3,observed,False,0.0,0,none
2025-07-04 06:00:00,12.9,0.0,77.0,6.9,observed,False,0.0,0,none
2025-07-04 07:00:00,14.9,0.0,77.0,17.4,observed,False,0.0,0,none
2025-07-04 08:00:00,15.7,0.0,67.0,5.8,observed,False,0.0,0,none
2025-07-04 09:00:00,16.8,0.0,80.0,7.7,observed,False,0.0,0,none
2025-07-04 10:00:00,16.6,0.0,83.0,6.9,observed,False,0.0,0,none
2025-07-04 11:00:00,19.0,0.0,65.0,6.5,observed,False,0.0,0,none
2025-07-04 12:00:00,19.6,0.0,63.0,6.3,observed,False,0.0,0,none
2025-07-04 13:00:00,19.0,0.0,75.0,7.3,observed,True,0.0,0,none
2025-07-04 14:00:00,18.4,7.8,83.0,11.7,observed,False,7.799999999999996,1,heavy
2025-07-04 15:00:00,21.3,0.0,59.0,11.9,observed,False,7.799999999999996,0,none
2025-07-04 16:00:00,18.2,1.7,89.0,7.6,observed,False,9.499999999999996,1,light
2025-07-04 17:00:00,20.9,0.0,63.0,9.8,observed,False,1.6999999999999964,0,none
2025-07-04 18:00:00,19.9,0.0,64.0,12.2,observed,False,1.6999999999999964,0,none
2025-07-04 19:00:00,18.7,0.0,71.0,5.6,observed,False,0.0,0,none
2025-07-04 20:00:00,18.0,0.0,72.0,7.0,observed,False,0.0,0,none
2025-07-04 21:00:00,17.4,0.0,72.5,4.2,observed,True,0.0,0,none
2025-07-04 22:00:00,16.3,0.0,73.0,14.0,observed,False,0.0,0,none
2025-07-04 23:00:00,13.8,0.0,79.0,6.1,observed,False,0.0,0,none
2025-07-05 00:00:00,14.9,0.0,77.0,4.7,observed,False,0.0,0,none
2025-07-05 01:00:00,14.0,0.0,81.0,13.5,observed,False,0.0,0,none
2025-07-05 02:00:00,14.2,0.0,80.0,22.0,observed,False,0.0,0,none
2025-07-05 03:00:00,13.4,0.0,80.0,6.5,observed,False,0.0,0,none
2025-07-05 04:00:00,13.8,0.0,74.0,11.0,observed,False,0.0,0,none
2025-07-05 05:00:00,13.9,0.0,79.0,15.0,observed,False,0.0,0,none
2025-07-05 06:00:00,15.8,0.0,67.0,12.0,observed,False,0.0,0,none
2025-07-05 07:00:00,15.7,0.0,67.0,26.2,observed,False,0.0,0,none
2025-07-05 08:00:00,17.1,0.0,71.0,23.3,observed,False,0.0,0,none
2025-07-05 09:00:00,18.1,0.0,66.0,9.8,observed,False,0.0,0,none
2025-07-05 10:00:00,18.4,0.0,64.0,9.2,observed,False,0.0,0,none
2025-07-05 11:00:00,20.2,0.0,62.0,12.9,observed,False,0.0,0,none
2025-07-05 12:00:00,21.2,0.0,66.0,18.2,observed,False,0.0,0,none
2025-07-05 13:00:00,21.2,0.0,57.0,6.8,observed,False,0.0,0,none
2025-07-05 14:00:00,23.1,0.2,52.0,16.6,observed,False,0.19999999999999646,1,light
2025-07-05 15:00:00,22.7,0.0,63.0,5.5,observed,False,0.19999999999999646,0,none
2025-07-05 16:00:00,21.4,0.0,64.0,13.3,observed,False,0.19999999999999646,0,none
2025-07-05 17:00:00,19.8,3.7,79.0,10.1,observed,False,3.6999999999999966,1,moderate
2025-07-05 18:00:00,19.0,2.7,79.0,19.3,observed,False,6.399999999999997,1,moderate
2025-07-05 19:00:00,17.4,6.5,89.0,14.7,observed,False,12.899999999999997,1,moderate
2025-07-05 20:00:00,17.2,1.3,88.0,5.7,observed,False,10.499999999999996,1,light
2025-07-05 21:00:00,17.8,0.0,67.0,12.7,observed,False,7.799999999999996,0,none
2025-07-05 22:00:00,13.9,14.3,92.0,5.4,observed,False,15.599999999999998,1,heavy
2025-07-05 23:00:00,14.7,0.0,69.0,15.9,observed,False,14.299999999999997,0,none
2025-07-06 00:00:00,12.4,0.0,76.0,6.3,observed,False,14.299999999999997,0,none
2025-07-06 01:00:00,11.6,0.0,86.0,9.5,observed,False,0.0,0,none
2025-07-06 02:00:00,11.450000000000001,0.0,80.0,11.5,observed,True,0.0,0,none
2025-07-06 03:00:00,11.3,0.0,76.0,14.3,observed,False,0.0,0,none
2025-07-06 04:00:00,12.4,0.0,76.0,13.0,observed,False,0.0,0,none
2025-07-06 05:00:00,12.3,0.0,87.0,4.6,observed,False,0.0,0,none
2025-07-06 06:00:00,12.8,0.0,83.0,6.7,observed,False,0.0,0,none
2025-07-06 07:00:00,15.0,0.0,81.0,8.3,observed,False,0.0,0,none
2025-07-06 08:00:00,15.1,0.0,80.0,15.1,observed,False,0.0,0,none
2025-07-06 09:00:00,16.0,0.0,68.0,11.0,observed,False,0.0,0,none
2025-07-06 10:00:00,17.2,0.0,78.0,8.1,observed,False,0.0,0,none
2025-07-06 11:00:00,18.9,0.0,61.0,13.8,observed,False,0.0,0,none
2025-07-06 12:00:00,19.3,0.0,79.0,8.6,observed,False,0.0,0,none
2025-07-06 13:00:00,20.3,0.0,60.0,6.6,observed,False,0.0,0,none
2025-07-06 14:00:00,20.2,0.0,74.0,10.0,observed,False,0.0,0,none
2025-07-06 15:00:00,18.4,2.7,83.0,7.0,observed,False,2.6999999999999966,1,moderate
2025-07-06 16:00:00,19.9,0.2,68.0,9.9,observed,False,2.899999999999997,1,light
2025-07-06 17:00:00,19.2,0.0,79.0,16.8,observed,False,2.899999999999997,0,none
2025-07-06 18:00:00,17.1,0.8,92.0,4.0,observed,False,0.9999999999999964,1,light
2025-07-06 19:00:00,16.5,2.2,76.0,16.6,observed,False,2.9999999999999964,1,light
2025-07-06 20:00:00,17.7,0.0,71.0,14.8,observed,False,2.9999999999999964,0,none
2025-07-06 21:00:00,13.5,0.6,100.0,7.9,observed,False,2.7999999999999967,1,light
2025-07-06 22:00:00,14.4,0.0,84.0,5.0,observed,False,0.5999999999999964,0,none
2025-07-06 23:00:00,14.3,0.0,69.0,12.9,observed,False,0.5999999999999964,0,none
2025-07-07 00:00:00,12.0,0.0,93.0,11.7,observed,False,0.0,0,none
2025-07-07 01:00:00,11.0,0.0,92.0,8.2,observed,False,0.0,0,none
2025-07-07 02:00:00,11.9,0.0,87.0,14.9,observed,False,0.0,0,none
2025-07-07 03:00:00,11.7,0.0,89.0,14.4,observed,False,0.0,0,none
2025-07-07 04:00:00,11.8,0.0,81.0,8.2,observed,False,0.0,0,none
2025-07-07 05:00:00,11.6,0.0,84.0,9.1,observed,False,0.0,0,none
2025-07-07 06:00:00,12.7,0.0,89.0,8.5,observed,False,0.0,0,none
2025-07-07 07:00:00,12.9,0.0,83.0,5.2,observed,False,0.0,0,none
2025-07-07 08:00:00,14.2,0.0,86.0,10.0,observed,False,0.0,0,none
2025-07-07 09:00:00,14.4,0.0,82.0,4.6,observed,False,0.0,0,none
2025-07-07 10:00:00,17.3,0.0,74.0,13.6,observed,False,0.0,0,none
2025-07-07 11:00:00,15.5,1.8,100.0,6.9,observed,False,1.7999999999999965,1,light
2025-07-07 12:00:00,19.1,0.2,69.0,13.3,observed,False,1.9999999999999964,1,light
2025-07-07 13:00:00,19.1,0.0,73.0,7.5,observed,False,1.9999999999999964,0,none
2025-07-07 14:00:00,19.3,0.0,71.0,14.6,observed,False,0.19999999999999646,0,none
2025-07-07 15:00:00,18.3,1.5,82.0,13.1,observed,False,1.4999999999999964,1,light
2025-07-07 16:00:00,19.45,0.2,66.0,22.7,observed,False,1.6999999999999964,1,light
2025-07-07 17:00:00,19.3,0.0,73.0,14.2,observed,False,1.6999999999999964,0,none
2025-07-07 18:00:00,18.5,0.0,76.0,11.2,observed,False,0.19999999999999646,0,none
2025-07-07 19:00:00,14.0,10.8,92.0,9.4,observed,False,10.799999999999997,1,heavy
2025-07-07 20:00:00,16.5,0.0,72.0,13.8,observed,False,10.799999999999997,0,none
2025-07-07 21:00:00,15.2,0.0,79.0,7.6,observed,False,10.799999999999997,0,none
2025-07-07 22:00:00,10.9,1.7,100.0,12.8,observed,False,1.6999999999999964,1,light
2025-07-07 23:00:00,12.9,0.0,79.0,9.5,observed,False,1.6999999999999964,0,none
2025-07-08 00:00:00,13.1,0.0,87.0,4.9,observed,False,1.6999999999999964,0,none
2025-07-08 01:00:00,12.7,0.0,84.0,7.9,observed,False,0.0,0,none
2025-07-08 02:00:00,11.5,0.0,81.0,14.8,observed,False,0.0,0,none
2025-07-08 03:00:00,11.6,0.0,85.0,9.0,observed,False,0.0,0,none
2025-07-08 04:00:00,11.3,0.0,82.0,19.1,observed,False,0.0,0,none
2025-07-08 05:00:00,13.15,0.0,83.0,5.4,observed,False,0.0,0,none
2025-07-08 06:00:00,13.9,0.0,77.0,15.1,observed,False,0.0,0,none
2025-07-08 07:00:00,14.1,0.0,83.0,9.0,observed,False,0.0,0,none
2025-07-08 08:00:00,14.4,0.0,82.0,11.2,observed,False,0.0,0,none
2025-07-08 09:00:00,15.6,0.0,81.0,15.1,observed,False,0.0,0,none
2025-07-08 10:00:00,16.6,0.0,71.0,13.3,observed,False,0.0,0,none
2025-07-08 11:00:00,19.6,0.0,57.0,15.6,observed,True,0.0,0,none
2025-07-08 12:00:00,18.8,0.1,70.0,7.9,observed,False,0.09999999999999645,1,light
2025-07-08 13:00:00,17.0,8.2,87.0,22.9,observed,False,8.299999999999995,1,heavy
2025-07-08 14:00:00,17.3,0.0,88.0,15.1,observed,True,8.299999999999995,0,none
2025-07-08 15:00:00,17.6,1.8,89.0,7.3,observed,False,9.999999999999996,1,light
2025-07-08 16:00:00,19.1,0.0,81.5,11.4,observed,False,1.7999999999999965,0,none
2025-07-08 17:00:00,17.4,1.1,74.0,5.6,observed,False,2.899999999999997,1,light
2025-07-08 18:00:00,16.8,6.0,84.0,10.8,observed,False,7.099999999999997,1,moderate
2025-07-08 19:00:00,14.9,0.6,95.0,9.4,observed,False,7.699999999999997,1,light
2025-07-08 20:00:00,16.6,0.0,71.0,4.7,observed,False,6.599999999999996,0,none
2025-07-08 21:00:00,14.4,0.9,98.0,11.3,observed,False,1.4999999999999964,1,light
2025-07-08 22:00:00,14.7,0.0,78.0,5.3,observed,False,0.8999999999999965,0,none
2025-07-08 23:00:00,13.1,0.0,74.0,17.0,observed,False,0.8999999999999965,0,none
2025-07-09 00:00:00,15.4,0.0,71.0,7.5,observed,False,0.0,0,none
2025-07-09 01:00:00,15.3,0.0,73.5,8.299999999999999,observed,True,0.0,0,none
2025-07-09 02:00:00,15.2,0.0,76.0,9.1,observed,False,0.0,0,none
2025-07-09 03:00:00,15.1,0.0,73.0,5.1,observed,False,0.0,0,none
2025-07-09 04:00:00,15.0,0.0,87.0,8.5,observed,False,0.0,0,none
2025-07-09 05:00:00,15.3,0.0,81.0,10.6,observed,False,0.0,0,none
2025-07-09 06:00:00,15.1,0.0,72.0,17.5,observed,False,0.0,0,none
2025-07-09 07:00:00,16.6,0.0,76.0,6.1,observed,True,0.0,0,none
2025-07-09 08:00:00,18.1,0.0,65.0,17.7,observed,False,0.0,0,none
2025-07-09 09:00:00,18.9,0.0,74.0,5.6,observed,False,0.0,0,none
2025-07-09 10:00:00,20.2,0.0,64.0,8.3,observed,False,0.0,0,none
2025-07-09 11:00:00,20.3,0.0,67.0,3.6,observed,False,0.0,0,none
2025-07-09 12:00:00,21.5,0.0,61.0,4.2,observed,False,0.0,0,none
2025-07-09 13:00:00,22.4,0.0,52.0,13.2,observed,False,0.0,0,none
2025-07-09 14:00:00,23.3,0.0,52.0,9.1,observed,False,0.0,0,none
2025-07-09 15:00:00,22.4,0.0,51.0,7.6,observed,False,0.0,0,none
2025-07-09 16:00:00,20.3,8.2,74.0,9.0,observed,False,8.199999999999996,1,heavy
2025-07-09 17:00:00,20.4,1.0,82.0,7.1,observed,False,9.199999999999996,1,light
2025-07-09 18:00:00,22.0,0.0,74.0,15.3,observed,False,9.199999999999996,0,none
2025-07-09 19:00:00,20.2,0.0,66.0,6.4,observed,False,0.9999999999999964,0,none
2025-07-09 20:00:00,19.8,0.0,73.0,12.5,observed,False,0.0,0,none
2025-07-09 21:00:00,18.6,0.0,66.0,5.9,observed,False,0.0,0,none
2025-07-09 22:00:00,18.1,0.0,70.0,7.6,observed,False,0.0,0,none
2025-07-09 23:00:00,16.3,0.0,73.0,6.9,observed,False,0.0,0,none
2025-07-10 00:00:00,15.8,0.0,76.0,8.2,observed,False,0.0,0,none
2025-07-10 01:00:00,15.6,0.0,76.0,9.8,observed,False,0.0,0,none
2025-07-10 02:00:00,14.5,0.0,79.0,6.7,observed,False,0.0,0,none
2025-07-10 03:00:00,14.11111111111111,0.0,83.0,8.5,observed,False,0.0,0,none
2025-07-10 04:00:00,15.277777777777779,0.0,79.0,12.3,observed,False,0.0,0,none
2025-07-10 05:00:00,15.777777777777779,0.0,83.0,21.6,observed,False,0.0,0,none
2025-07-10 06:00:00,16.22222222222222,0.0,83.0,13.8,observed,False,0.0,0,none
2025-07-10 07:00:00,16.5,0.0,75.0,13.6,observed,False,0.0,0,none
2025-07-10 08:00:00,16.61111111111111,0.0,73.0,4.1,observed,False,0.0,0,none
2025-07-10 09:00:00,18.277777777777782,0.0,69.0,6.0,observed,False,0.0,0,none
2025-07-10 10:00:00,19.777777777777775,0.0,61.0,11.4,observed,False,0.0,0,none
2025-07-10 11:00:00,20.944444444444443,0.0,58.0,15.0,observed,True,0.0,0,none
2025-07-10 12:00:00,22.11111111111111,0.0,55.0,18.6,observed,False,0.0,0,none
2025-07-10 13:00:00,20.0,0.8,84.0,7.3,observed,False,0.7999999999999965,1,light
2025-07-10 14:00:00,19.61111111111111,2.2,81.0,20.9,observed,False,2.9999999999999964,1,light
2025-07-10 15:00:00,21.27777777777778,4.9,81.0,6.3,observed,False,7.899999999999997,1,moderate
2025-07-10 16:00:00,22.61111111111111,0.0,58.0,5.8,observed,False,7.099999999999997,0,none
2025-07-10 17:00:00,19.222222222222218,2.1,81.0,9.1,observed,False,6.9999999999999964,1,light
2025-07-10 18:00:00,19.61111111111111,2.5,77.0,14.1,observed,False,4.599999999999996,1,light
2025-07-10 19:00:00,18.22222222222222,2.3,86.0,9.8,observed,False,6.899999999999997,1,light
2025-07-10 20:00:00,20.27777777777778,0.0,66.0,12.6,observed,False,4.799999999999997,0,none
2025-07-10 21:00:00,18.88888888888889,0.0,70.0,14.0,observed,False,2.2999999999999963,0,none
2025-07-10 22:00:00,15.972222222222223,6.05,88.0,4.1,observed,False,6.049999999999996,1,moderate
2025-07-10 23:00:00,16.5,0.0,74.0,3.8,observed,False,6.049999999999996,0,none
2025-07-11 00:00:00,15.777777777777779,0.0,86.0,6.2,observed,False,6.049999999999996,0,none
2025-07-11 01:00:00,15.38888888888889,0.0,80.0,15.8,observed,False,0.0,0,none
2025-07-11 02:00:00,15.277777777777779,0.0,80.0,6.3,observed,False,0.0,0,none
2025-07-11 03:00:00,16.22222222222222,0.0,75.0,8.8,observed,False,0.0,0,none
2025-07-11 04:00:00,15.11111111111111,0.0,80.0,8.7,observed,False,0.0,0,none
2025-07-11 05:00:00,16.5,0.0,69.0,10.8,observed,False,0.0,0,none
2025-07-11 06:00:00,16.61111111111111,0.0,74.0,13.9,observed,False,0.0,0,none
2025-07-11 07:00:00,16.88888888888889,0.0,69.0,12.3,observed,False,0.0,0,none
2025-07-11 08:00:00,18.5,0.0,71.0,10.6,observed,False,0.0,0,none
2025-07-11 09:00:00,19.61111111111111,0.0,65.0,7.6,observed,False,0.0,0,none
2025-07-11 10:00:00,20.27777777777778,0.0,72.0,11.1,observed,False,0.0,0,none
2025-07-11 11:00:00,19.72222222222222,3.4,77.0,12.6,observed,False,3.3999999999999964,1,moderate
2025-07-11 12:00:00,21.77777777777778,0.0,56.0,20.4,observed,False,3.3999999999999964,0,none
2025-07-11 13:00:00,23.277777777777782,0.0,66.0,12.2,observed,False,3.3999999999999964,0,none
2025-07-11 14:00:00,20.500000000000004,7.7,83.0,6.2,observed,False,7.699999999999997,1,heavy
2025-07-11 15:00:00,21.77777777777778,1.4,77.0,17.1,observed,False,9.099999999999996,1,light
2025-07-11 16:00:00,22.77777777777778,0.0,58.0,5.1,observed,False,9.099999999999996,0,none
2025-07-11 17:00:00,21.0,7.5,79.0,12.8,observed,False,8.899999999999995,1,moderate
2025-07-11 18:00:00,19.111111111111114,1.5,93.0,12.4,observed,False,8.999999999999996,1,light
2025-07-11 19:00:00,22.22222222222222,0.0,60.0,6.9,observed,False,8.999999999999996,0,none
2025-07-11 20:00:00,20.500000000000004,0.0,59.0,17.3,observed,False,1.4999999999999956,0,none
2025-07-11 21:00:00,19.72222222222222,0.0,60.0,5.8,observed,False,0.0,0,none
2025-07-11 22:00:00,18.555555555555554,0.0,60.0,5.949999999999999,observed,True,0.0,0,none
2025-07-11 23:00:00,17.38888888888889,0.0,60.0,6.1,observed,False,0.0,0,none
2025-07-12 00:00:00,14.5,0.0,71.0,20.3,observed,False,0.0,0,none
2025-07-12 01:00:00,13.777777777777777,0.0,73.0,5.5,observed,False,0.0,0,none
2025-07-12 02:00:00,13.0,0.0,75.0,9.3,observed,False,0.0,0,none
2025-07-12 03:00:00,13.277777777777779,0.0,76.0,15.6,observed,False,0.0,0,none
2025-07-12 04:00:00,12.777777777777779,0.0,77.0,12.5,observed,False,0.0,0,none
2025-07-12 05:00:00,14.38888888888889,0.0,75.0,15.0,observed,False,0.0,0,none
2025-07-12 06:00:00,14.5,0.0,75.0,17.9,observed,False,0.0,0,none
2025-07-12 07:00:00,15.88888888888889,0.0,73.0,7.5,observed,False,0.0,0,none
2025-07-12 08:00:00,16.22222222222222,0.0,72.0,15.8,observed,False,0.0,0,none
2025-07-12 09:00:00,17.38888888888889,0.0,67.0,11.2,observed,False,0.0,0,none
2025-07-12 10:00:00,18.388888888888886,0.0,71.0,8.7,observed,False,0.0,0,none
2025-07-12 11:00:00,19.388888888888893,0.3,66.0,8.3,observed,False,0.29999999999999555,1,light
2025-07-12 12:00:00,20.38888888888889,0.0,67.0,13.1,observed,True,0.29999999999999555,0,none
2025-07-12 13:00:00,20.611111111111107,0.0,71.0,5.2,observed,False,0.29999999999999555,0,none
2025-07-12 14:00:00,18.72222222222222,4.6,82.0,9.4,observed,False,4.599999999999995,1,moderate
2025-07-12 15:00:00,21.722222222222218,0.0,59.0,10.4,observed,False,4.599999999999995,0,none
2025-07-12 16:00:00,21.22222222222222,0.0,65.0,9.1,observed,False,4.599999999999995,0,none
2025-07-12 17:00:00,18.22222222222222,1.7,91.0,7.3,observed,False,1.6999999999999955,1,light
2025-07-12 18:00:00,19.777777777777775,0.2,56.0,9.5,observed,False,1.8999999999999955,1,light
2025-07-12 19:00:00,19.388888888888893,0.0,69.0,4.8,observed,False,1.8999999999999955,0,none
2025-07-12 20:00:00,16.5,5.2,87.0,19.3,observed,False,5.399999999999996,1,moderate
2025-07-12 21:00:00,14.777777777777779,2.4,94.0,10.4,observed,False,7.599999999999996,1,light
2025-07-12 22:00:00,16.11111111111111,0.1,69.0,10.2,observed,False,7.699999999999996,1,light
2025-07-12 23:00:00,14.777777777777779,0.0,77.0,10.2,observed,False,2.4999999999999956,0,none
2025-07-13 00:00:00,13.722222222222223,0.0,90.0,6.7,observed,False,0.09999999999999556,0,none
2025-07-13 01:00:00,14.11111111111111,0.0,71.0,8.7,observed,False,0.0,0,none
2025-07-13 02:00:00,13.11111111111111,0.0,83.0,7.3,observed,False,0.0,0,none
2025-07-13 03:00:00,12.388888888888888,0.0,81.0,8.4,observed,False,0.0,0,none
2025-07-13 04:00:00,13.11111111111111,0.0,78.0,13.7,observed,False,0.0,0,none
2025-07-13 05:00:00,14.277777777777779,0.0,89.0,10.1,observed,False,0.0,0,none
2025-07-13 06:00:00,14.527777777777779,0.0,74.0,11.7,observed,False,0.0,0,none
2025-07-13 07:00:00,14.5,0.0,73.0,7.8,observed,True,0.0,0,none
2025-07-13 08:00:00,16.27777777777778,0.0,67.0,8.0,observed,False,0.0,0,none
2025-07-13 09:00:00,16.22222222222222,0.0,76.0,8.7,observed,False,0.0,0,none
2025-07-13 10:00:00,17.72222222222222,0.0,72.0,7.9,observed,False,0.0,0,none
2025-07-13 11:00:00,19.499999999999996,0.0,81.0,12.3,observed,False,0.0,0,none
2025-07-13 12:00:00,19.61111111111111,0.0,63.0,9.4,observed,False,0.0,0,none
2025-07-13 13:00:00,18.22222222222222,4.6,93.0,15.5,observed,False,4.599999999999995,1,moderate
2025-07-13 14:00:00,20.72222222222222,0.0,67.0,6.6,observed,False,4.599999999999995,0,none
2025-07-13 15:00:00,19.388888888888893,13.6,80.0,12.9,observed,False,18.199999999999996,1,heavy
2025-07-13 16:00:00,20.27777777777778,0.0,66.0,8.5,observed,False,13.599999999999994,0,none
2025-07-13 17:00:00,20.777777777777782,0.0,61.0,9.2,observed,False,13.599999999999994,0,none
2025-07-13 18:00:00,19.111111111111114,0.0,71.0,8.2,observed,False,0.0,0,none
2025-07-13 19:00:00,19.499999999999996,0.0,74.0,9.9,observed,False,0.0,0,none
2025-07-13 20:00:00,15.5,1.4,93.0,14.8,observed,False,1.3999999999999946,1,light
2025-07-13 21:00:00,16.61111111111111,0.0,75.0,4.8,observed,False,1.3999999999999946,0,none
2025-07-13 22:00:00,15.777777777777779,0.0,74.0,8.5,observed,False,1.3999999999999946,0,none
2025-07-13 23:00:00,14.000000000000002,0.0,71.0,11.7,observed,False,0.0,0,none
2025-07-14 00:00:00,15.88888888888889,0.0,76.0,17.2,observed,False,0.0,0,none
2025-07-14 01:00:00,15.222222222222221,0.0,74.0,6.7,observed,False,0.0,0,none
2025-07-14 02:00:00,14.88888888888889,0.0,71.0,7.5,observed,False,0.0,0,none
2025-07-14 03:00:00,14.000000000000002,0.0,89.0,11.4,observed,False,0.0,0,none
2025-07-14 04:00:00,14.11111111111111,0.0,79.0,7.7,observed,False,0.0,0,none
2025-07-14 05:00:00,13.777777777777777,0.0,82.0,10.0,observed,False,0.0,0,none
2025-07-14 06:00:00,15.222222222222221,0.0,71.0,16.4,observed,False,0.0,0,none
2025-07-14 07:00:00,16.88888888888889,0.0,73.0,9.5,observed,False,0.0,0,none
2025-07-14 08:00:00,16.61111111111111,0.0,71.0,14.8,observed,False,0.0,0,none
2025-07-14 09:00:00,18.5,0.0,56.0,10.5,observed,False,0.0,0,none
2025-07-14 10:00:00,19.27777777777778,0.0,67.0,9.7,observed,False,0.0,0,none
2025-07-14 11:00:00,20.27777777777778,0.0,66.0,13.1,observed,False,0.0,0,none
2025-07-14 12:00:00,20.611111111111107,0.0,70.0,10.1,observed,False,0.0,0,none
2025-07-14 13:00:00,21.611111111111114,0.0,57.0,7.8,observed,False,0.0,0,none
2025-07-14 14:00:00,22.5,0.0,68.0,4.5,observed,False,0.0,0,none
2025-07-14 15:00:00,20.500000000000004,2.7,79.0,6.1,observed,False,2.699999999999995,1,moderate
2025-07-14 16:00:00,20.11111111111111,2.6,80.0,9.8,observed,False,5.299999999999995,1,moderate
2025-07-14 17:00:00,21.38888888888889,0.2,61.0,4.7,observed,False,5.499999999999995,1,light
2025-07-14 18:00:00,18.88888888888889,4.8,90.0,12.5,observed,False,7.599999999999994,1,moderate
2025-07-14 19:00:00,19.72222222222222,0.0,64.0,4.4,observed,False,4.999999999999995,0,none
2025-07-14 20:00:00,16.72222222222222,1.1,85.0,11.9,observed,False,5.899999999999995,1,light
2025-07-14 21:00:00,18.77777777777778,0.0,68.0,22.6,observed,False,1.0999999999999948,0,none
2025-07-14 22:00:00,16.11111111111111,0.0,76.0,18.3,observed,False,1.0999999999999948,0,none
2025-07-14 23:00:00,16.27777777777778,0.0,89.0,14.8,observed,False,0.0,0,none
2025-07-15 00:00:00,15.61111111111111,0.0,72.0,3.6,observed,False,0.0,0,none
2025-07-15 01:00:00,15.777777777777779,0.0,86.0,8.6,observed,False,0.0,0,none
2025-07-15 02:00:00,14.38888888888889,0.0,81.0,11.6,observed,False,0.0,0,none
2025-07-15 03:00:00,15.61111111111111,0.0,80.0,9.0,observed,False,0.0,0,none
2025-07-15 04:00:00,14.38888888888889,0.0,80.0,14.8,observed,False,0.0,0,none
2025-07-15 05:00:00,14.722222222222221,0.0,72.0,11.7,observed,False,0.0,0,none
2025-07-15 06:00:00,16.61111111111111,0.0,74.0,8.0,observed,False,0.0,0,none
2025-07-15 07:00:00,16.5,0.0,67.0,11.6,observed,False,0.0,0,none
2025-07-15 08:00:00,17.27777777777778,0.0,66.0,12.1,observed,False,0.0,0,none
2025-07-15 09:00:00,18.88888888888889,0.0,69.0,15.0,observed,False,0.0,0,none
2025-07-15 10:00:00,20.11111111111111,0.0,56.0,12.2,observed,False,0.0,0,none
2025-07-15 11:00:00,21.11111111111111,0.0,59.0,16.7,observed,False,0.0,0,none
2025-07-15 12:00:00,21.888888888888893,0.0,60.0,13.5,observed,False,0.0,0,none
2025-07-15 13:00:00,20.611111111111107,2.3,75.0,13.9,observed,False,2.2999999999999945,1,light
2025-07-15 14:00:00,20.11111111111111,4.9,83.0,24.8,observed,False,7.199999999999995,1,moderate
2025-07-15 15:00:00,21.38888888888889,10.4,74.0,9.6,observed,False,17.599999999999994,1,heavy
2025-07-15 16:00:00,23.72222222222222,0.0,51.0,6.8,observed,False,15.299999999999995,0,none
2025-07-15 17:00:00,23.5,0.0,56.0,6.5,observed,False,10.399999999999995,0,none
2025-07-15 18:00:00,20.11111111111111,1.7,72.0,13.7,observed,False,1.6999999999999964,1,light
2025-07-15 19:00:00,19.388888888888893,2.4,78.0,15.4,observed,False,4.099999999999996,1,light
2025-07-15 20:00:00,18.111111111111107,5.2,85.0,10.3,observed,False,9.299999999999997,1,moderate
2025-07-15 21:00:00,18.88888888888889,0.0,72.0,15.5,observed,False,7.599999999999997,0,none
2025-07-15 22:00:00,18.388888888888886,0.0,83.0,16.5,observed,False,5.1999999999999975,0,none
2025-07-15 23:00:00,16.77777777777778,0.0,78.0,15.3,observed,False,0.0,0,none
2025-07-16 00:00:00,14.88888888888889,0.0,82.0,3.6,observed,False,0.0,0,none
2025-07-16 01:00:00,15.11111111111111,0.0,78.0,21.9,observed,False,0.0,0,none
2025-07-16 02:00:00,14.11111111111111,0.0,78.0,5.3,observed,False,0.0,0,none
2025-07-16 03:00:00,13.88888888888889,0.0,83.0,6.5,observed,False,0.0,0,none
2025-07-16 04:00:00,13.88888888888889,0.0,77.0,7.8,observed,False,0.0,0,none
2025-07-16 05:00:00,14.277777777777779,0.0,82.0,12.3,observed,False,0.0,0,none
2025-07-16 06:00:00,14.11111111111111,0.0,75.0,17.1,observed,False,0.0,0,none
2025-07-16 07:00:00,15.88888888888889,0.0,71.0,6.5,observed,False,0.0,0,none
2025-07-16 08:00:00,17.27777777777778,0.0,75.0,8.4,observed,False,0.0,0,none
2025-07-16 09:00:00,18.111111111111107,0.0,67.0,16.8,observed,False,0.0,0,none
2025-07-16 10:00:00,19.27777777777778,0.0,65.0,13.7,observed,False,0.0,0,none
2025-07-16 11:00:00,21.27777777777778,0.0,76.0,7.8,observed,False,0.0,0,none
2025-07-16 12:00:00,21.722222222222218,0.0,66.0,6.3,observed,False,0.0,0,none
2025-07-16 13:00:00,21.38888888888889,0.0,58.0,11.0,observed,False,0.0,0,none
2025-07-16 14:00:00,22.77777777777778,0.0,54.0,15.2,observed,False,0.0,0,none
2025-07-16 15:00:00,22.88888888888889,0.0,56.0,4.2,observed,False,0.0,0,none
2025-07-16 16:00:00,19.88888888888889,16.1,79.0,8.0,observed,False,16.099999999999998,1,heavy
2025-07-16 17:00:00,20.500000000000004,1.0,85.0,8.5,observed,False,17.099999999999998,1,light
2025-07-16 18:00:00,18.5,1.7,91.0,8.3,observed,False,18.799999999999997,1,light
2025-07-16 19:00:00,21.11111111111111,0.0,61.0,14.4,observed,False,2.6999999999999966,0,none
2025-07-16 20:00:00,19.777777777777775,0.0,68.0,6.8,observed,False,1.6999999999999964,0,none
2025-07-16 21:00:00,19.0,0.0,64.0,5.4,observed,False,0.0,0,none
2025-07-16 22:00:00,17.22222222222222,0.0,65.0,12.4,observed,False,0.0,0,none
2025-07-16 23:00:00,16.22222222222222,0.0,79.0,7.6,observed,False,0.0,0,none
2025-07-17 00:00:00,15.11111111111111,0.0,71.0,7.4,observed,False,0.0,0,none
2025-07-17 01:00:00,13.722222222222223,0.0,65.0,4.4,observed,False,0.0,0,none
2025-07-17 02:00:00,13.722222222222223,0.0,76.0,8.9,observed,False,0.0,0,none
2025-07-17 03:00:00,13.61111111111111,0.0,79.0,9.049999999999999,observed,True,0.0,0,none
2025-07-17 04:00:00,13.499999999999998,0.0,82.0,9.2,observed,False,0.0,0,none
2025-07-17 05:00:00,14.722222222222221,0.0,72.0,16.4,observed,False,0.0,0,none
2025-07-17 06:00:00,14.88888888888889,0.0,79.0,6.8,observed,False,0.0,0,none
2025-07-17 07:00:00,15.88888888888889,0.0,73.0,12.1,observed,False,0.0,0,none
2025-07-17 08:00:00,16.88888888888889,0.0,71.0,17.2,observed,False,0.0,0,none
2025-07-17 09:00:00,17.72222222222222,0.0,69.0,6.7,observed,False,0.0,0,none
2025-07-17 10:00:00,19.27777777777778,0.0,63.0,13.8,observed,True,0.0,0,none
2025-07-17 11:00:00,19.777777777777775,0.0,63.0,6.9,observed,False,0.0,0,none
2025-07-17 12:00:00,19.0,3.9,72.0,12.8,observed,False,3.8999999999999964,1,moderate
2025-07-17 13:00:00,20.27777777777778,4.7,83.0,4.4,observed,False,8.599999999999996,1,moderate
2025-07-17 14:00:00,20.38888888888889,1.1,81.0,9.5,observed,False,9.699999999999998,1,light
2025-07-17 15:00:00,21.77777777777778,0.0,65.0,4.3,observed,False,5.799999999999997,0,none
2025-07-17 16:00:00,21.5,0.0,63.0,12.2,observed,False,1.0999999999999974,0,none
2025-07-17 17:00:00,21.0,0.0,63.0,12.733333333333333,observed,True,0.0,0,none
2025-07-17 18:00:00,20.5,0.0,63.0,13.266666666666667,observed,True,0.0,0,none
2025-07-17 19:00:00,20.0,0.0,63.0,13.8,observed,False,0.0,0,none
2025-07-17 20:00:00,16.38888888888889,2.8,84.0,12.3,observed,False,2.799999999999997,1,moderate
2025-07-17 21:00:00,14.61111111111111,1.3,89.0,14.8,observed,False,4.099999999999997,1,light
2025-07-17 22:00:00,14.88888888888889,0.8,83.5,15.9,observed,False,4.899999999999997,1,light
2025-07-17 23:00:00,16.0,0.0,78.0,11.0,observed,False,2.0999999999999974,0,none
2025-07-18 00:00:00,14.61111111111111,0.0,81.0,6.3,observed,False,0.7999999999999974,0,none
2025-07-18 01:00:00,14.277777777777779,0.0,83.0,5.1,observed,False,0.0,0,none
2025-07-18 02:00:00,13.61111111111111,0.0,84.0,9.3,observed,False,0.0,0,none
2025-07-18 03:00:00,14.222222222222221,0.0,78.0,9.1,observed,False,0.0,0,none
2025-07-18 04:00:00,13.499999999999998,0.0,83.0,11.4,observed,False,0.0,0,none
2025-07-18 05:00:00,13.88888888888889,0.0,84.0,8.7,observed,False,0.0,0,none
2025-07-18 06:00:00,14.805555555555555,0.0,79.0,7.9,observed,True,0.0,0,none
2025-07-18 07:00:00,15.722222222222221,0.0,80.0,13.4,observed,False,0.0,0,none
2025-07-18 08:00:00,16.11111111111111,0.0,84.0,14.5,observed,False,0.0,0,none
2025-07-18 09:00:00,17.22222222222222,0.0,68.0,14.1,observed,False,0.0,0,none
2025-07-18 10:00:00,18.277777777777782,0.0,69.0,18.6,observed,False,0.0,0,none
2025-07-18 11:00:00,20.500000000000004,0.0,70.0,18.9,observed,False,0.0,0,none
2025-07-18 12:00:00,20.72222222222222,0.0,65.0,10.0,observed,False,0.0,0,none
2025-07-18 13:00:00,19.27777777777778,1.5,87.0,11.6,observed,False,1.4999999999999973,1,light
2025-07-18 14:00:00,21.5,0.0,60.0,5.5,observed,False,1.4999999999999973,0,none
2025-07-18 15:00:00,22.38888888888889,0.0,58.0,11.2,observed,False,1.4999999999999973,0,none
2025-07-18 16:00:00,21.38888888888889,0.0,60.0,9.5,observed,True,0.0,0,none
2025-07-18 17:00:00,21.22222222222222,0.0,63.0,10.6,observed,False,0.0,0,none
2025-07-18 18:00:00,18.61111111111111,3.6,84.0,15.6,observed,False,3.5999999999999974,1,moderate
2025-07-18 19:00:00,17.72222222222222,12.5,81.0,4.7,observed,False,16.099999999999998,1,heavy
2025-07-18 20:00:00,19.0,0.0,65.0,8.6,observed,False,16.099999999999998,0,none
2025-07-18 21:00:00,17.22222222222222,0.0,71.5,13.0,observed,False,12.499999999999998,0,none
2025-07-18 22:00:00,15.88888888888889,0.0,78.0,14.8,observed,False,0.0,0,none
2025-07-18 23:00:00,15.222222222222221,0.0,77.0,17.6,observed,False,0.0,0,none
2025-07-19 00:00:00,14.38888888888889,0.0,74.0,9.7,observed,False,0.0,0,none
2025-07-19 01:00:00,14.777777777777779,0.0,83.0,13.2,observed,False,0.0,0,none
2025-07-19 02:00:00,14.11111111111111,0.0,85.0,8.7,observed,False,0.0,0,none
2025-07-19 03:00:00,14.277777777777779,0.0,82.0,16.3,observed,False,0.0,0,none
2025-07-19 04:00:00,14.5,0.0,70.0,15.0,observed,False,0.0,0,none
2025-07-19 05:00:00,13.222222222222221,0.0,89.0,9.3,observed,False,0.0,0,none
2025-07-19 06:00:00,14.722222222222221,0.0,79.0,16.3,observed,False,0.0,0,none
2025-07-19 07:00:00,16.38888888888889,0.0,68.0,13.0,observed,False,0.0,0,none
2025-07-19 08:00:00,17.72222222222222,0.0,69.0,4.7,observed,False,0.0,0,none
2025-07-19 09:00:00,18.36111111111111,0.0,71.5,10.799999999999999,observed,True,0.0,0,none
2025-07-19 10:00:00,19.0,0.0,74.0,16.9,observed,False,0.0,0,none
2025-07-19 11:00:00,20.11111111111111,0.0,63.0,6.7,observed,False,0.0,0,none
2025-07-19 12:00:00,21.11111111111111,0.0,61.0,7.7,observed,False,0.0,0,none
2025-07-19 13:00:00,19.72222222222222,4.2,65.0,7.1,observed,False,4.199999999999998,1,moderate
2025-07-19 14:00:00,20.27777777777778,5.3,75.0,17.6,observed,False,9.499999999999998,1,moderate
2025-07-19 15:00:00,19.72222222222222,1.6,90.0,10.2,observed,False,11.099999999999998,1,light
2025-07-19 16:00:00,19.27777777777778,2.9,80.0,10.7,observed,False,9.799999999999997,1,moderate
2025-07-19 17:00:00,21.5,0.0,59.0,7.8,observed,False,4.499999999999998,0,none
2025-07-19 18:00:00,20.38888888888889,0.9,78.0,6.4,observed,False,3.799999999999998,1,light
2025-07-19 19:00:00,18.333333333333332,0.0,82.5,5.800000000000001,observed,True,0.8999999999999982,0,none
2025-07-19 20:00:00,16.27777777777778,5.5,87.0,5.2,observed,False,6.399999999999999,1,moderate
2025-07-19 21:00:00,18.88888888888889,0.0,67.0,17.4,observed,False,5.499999999999998,0,none
2025-07-19 22:00:00,17.61111111111111,0.0,61.0,10.7,observed,False,5.499999999999998,0,none
2025-07-19 23:00:00,16.61111111111111,0.0,79.0,8.0,observed,False,0.0,0,none
2025-07-20 00:00:00,15.277777777777779,0.0,75.0,5.5,observed,False,0.0,0,none
2025-07-20 01:00:00,15.61111111111111,0.0,76.0,12.5,observed,False,0.0,0,none
2025-07-20 02:00:00,14.222222222222221,0.0,74.0,11.6,observed,False,0.0,0,none
2025-07-20 03:00:00,15.38888888888889,0.0,68.0,5.8,observed,False,0.0,0,none
2025-07-20 04:00:00,14.722222222222221,0.0,82.0,20.4,observed,False,0.0,0,none
2025-07-20 05:00:00,14.38888888888889,0.0,76.0,11.1,observed,False,0.0,0,none
2025-07-20 06:00:00,15.11111111111111,0.0,78.0,10.3,observed,False,0.0,0,none
2025-07-20 07:00:00,15.88888888888889,0.0,84.0,11.0,observed,False,0.0,0,none
2025-07-20 08:00:00,17.0,0.0,65.0,7.4,observed,False,0.0,0,none
2025-07-20 09:00:00,18.88888888888889,0.0,67.0,4.8,observed,False,0.0,0,none
2025-07-20 10:00:00,19.111111111111114,0.0,68.0,7.9,observed,False,0.0,0,none
2025-07-20 11:00:00,20.222222222222225,0.0,66.0,11.7,observed,False,0.0,0,none
2025-07-20 12:00:00,21.77777777777778,0.0,57.0,7.1,observed,False,0.0,0,none
2025-07-20 13:00:00,19.111111111111114,3.0,84.0,15.3,observed,False,2.9999999999999982,1,moderate
2025-07-20 14:00:00,19.388888888888893,4.1,82.0,7.2,observed,False,7.099999999999998,1,moderate
2025-07-20 15:00:00,19.88888888888889,9.4,90.0,15.5,observed,False,16.5,1,heavy
2025-07-20 16:00:00,19.61111111111111,6.7,73.0,11.9,observed,False,20.2,1,moderate
2025-07-20 17:00:00,21.722222222222218,0.0,54.0,8.1,observed,False,16.1,0,none
2025-07-20 18:00:00,21.611111111111114,0.0,61.0,8.2,observed,False,6.699999999999998,0,none
2025-07-20 19:00:00,17.77777777777778,3.1,95.0,5.1,observed,False,3.0999999999999983,1,moderate
2025-07-20 20:00:00,18.61111111111111,0.0,68.0,6.3,observed,False,3.0999999999999983,0,none
2025-07-20 21:00:00,16.27777777777778,0.7,94.0,12.5,observed,False,3.799999999999998,1,light
2025-07-20 22:00:00,17.38888888888889,0.0,76.0,4.2,observed,False,0.6999999999999982,0,none
2025-07-20 23:00:00,16.38888888888889,0.0,66.0,10.0,observed,False,0.6999999999999982,0,none
2025-07-21 00:00:00,15.277777777777779,0.0,86.0,12.9,observed,False,0.0,0,none
2025-07-21 01:00:00,14.88888888888889,0.0,71.0,9.0,observed,False,0.0,0,none
2025-07-21 02:00:00,14.222222222222221,0.0,72.0,18.3,observed,False,0.0,0,none
2025-07-21 03:00:00,13.61111111111111,0.0,73.0,9.1,observed,False,0.0,0,none
2025-07-21 04:00:00,13.277777777777779,0.0,80.0,14.8,observed,False,0.0,0,none
2025-07-21 05:00:00,14.222222222222221,0.0,82.0,5.1,observed,False,0.0,0,none
2025-07-21 06:00:00,14.722222222222221,0.0,73.0,10.8,observed,False,0.0,0,none
2025-07-21 07:00:00,15.777777777777779,0.0,81.0,10.3,observed,False,0.0,0,none
2025-07-21 08:00:00,16.72222222222222,0.0,70.0,8.2,observed,False,0.0,0,none
2025-07-21 09:00:00,18.22222222222222,0.0,70.0,17.6,observed,False,0.0,0,none
2025-07-21 10:00:00,19.222222222222218,0.0,67.0,10.3,observed,False,0.0,0,none
2025-07-21 11:00:00,19.88888888888889,0.0,67.0,5.0,observed,False,0.0,0,none
2025-07-21 12:00:00,21.722222222222218,0.0,57.0,16.7,observed,False,0.0,0,none
2025-07-21 13:00:00,19.27777777777778,2.8,74.0,4.8,observed,False,2.799999999999998,1,moderate
2025-07-21 14:00:00,21.722222222222218,0.0,55.0,8.0,observed,False,2.799999999999998,0,none
2025-07-21 15:00:00,19.72222222222222,4.8,81.0,13.1,observed,False,7.599999999999998,1,moderate
2025-07-21 16:00:00,19.72222222222222,2.4,73.0,13.2,observed,False,7.1999999999999975,1,light
2025-07-21 17:00:00,18.72222222222222,3.1,73.0,6.5,observed,False,10.299999999999997,1,moderate
2025-07-21 18:00:00,21.11111111111111,0.0,67.0,7.9,observed,False,5.499999999999998,0,none
2025-07-21 19:00:00,18.277777777777782,3.0,81.0,8.8,observed,False,6.099999999999998,1,moderate
2025-07-21 20:00:00,19.0,0.0,78.0,16.3,observed,False,2.9999999999999982,0,none
2025-07-21 21:00:00,18.61111111111111,0.0,70.0,15.8,observed,False,2.9999999999999982,0,none
2025-07-21 22:00:00,16.88888888888889,0.0,70.0,6.8,observed,False,0.0,0,none
2025-07-21 23:00:00,15.777777777777779,0.0,73.0,15.6,observed,False,0.0,0,none
2025-07-22 00:00:00,15.5,0.0,70.0,11.2,observed,False,0.0,0,none
2025-07-22 01:00:00,15.88888888888889,0.0,75.0,12.7,observed,False,0.0,0,none
2025-07-22 02:00:00,14.38888888888889,0.0,82.0,10.5,observed,False,0.0,0,none
2025-07-22 03:00:00,14.222222222222221,0.0,75.0,8.2,observed,False,0.0,0,none
2025-07-22 04:00:00,13.61111111111111,0.0,86.0,17.4,observed,False,0.0,0,none
2025-07-22 05:00:00,15.11111111111111,0.0,82.0,15.8,observed,False,0.0,0,none
2025-07-22 06:00:00,16.0,0.0,82.0,6.4,observed,False,0.0,0,none
2025-07-22 07:00:00,16.22222222222222,0.0,67.0,10.5,observed,False,0.0,0,none
2025-07-22 08:00:00,17.38888888888889,0.0,67.5,9.9,observed,False,0.0,0,none
2025-07-22 09:00:00,18.277777777777782,0.0,68.0,11.5,observed,False,0.0,0,none
2025-07-22 10:00:00,19.111111111111114,0.0,71.0,13.2,observed,False,0.0,0,none
2025-07-22 11:00:00,20.611111111111107,0.0,59.0,19.0,observed,False,0.0,0,none
2025-07-22 12:00:00,21.11111111111111,0.0,55.0,9.0,observed,False,0.0,0,none
2025-07-22 13:00:00,21.999999999999996,0.0,61.0,6.2,observed,False,0.0,0,none
2025-07-22 14:00:00,22.722222222222225,0.0,60.0,20.0,observed,False,0.0,0,none
2025-07-22 15:00:00,20.777777777777782,2.3,72.0,13.7,observed,False,2.299999999999998,1,light
2025-07-22 16:00:00,22.11111111111111,0.0,65.0,5.2,observed,False,2.299999999999998,0,none
2025-07-22 17:00:00,22.722222222222225,0.0,64.0,13.5,observed,False,2.299999999999998,0,none
2025-07-22 18:00:00,21.27777777777778,0.0,63.0,7.2,observed,False,0.0,0,none
2025-07-22 19:00:00,19.0,9.5,92.0,13.7,observed,False,9.499999999999998,1,heavy
2025-07-22 20:00:00,17.88888888888889,0.0,65.0,9.2,observed,False,9.499999999999998,0,none
2025-07-22 21:00:00,18.111111111111107,0.0,71.0,12.7,observed,False,9.499999999999998,0,none
2025-07-22 22:00:00,16.77777777777778,0.0,74.0,6.3,observed,False,0.0,0,none
2025-07-22 23:00:00,16.0,0.0,79.0,9.0,observed,False,0.0,0,none
2025-07-23 00:00:00,17.77777777777778,0.0,68.0,16.8,observed,False,0.0,0,none
2025-07-23 01:00:00,16.72222222222222,0.0,70.0,14.1,observed,False,0.0,0,none
2025-07-23 02:00:00,15.777777777777779,0.0,81.0,9.3,observed,False,0.0,0,none
2025-07-23 03:00:00,16.5,0.0,75.0,11.1,observed,False,0.0,0,none
2025-07-23 04:00:00,16.11111111111111,0.0,69.0,9.9,observed,False,0.0,0,none
2025-07-23 05:00:00,17.22222222222222,0.0,74.0,11.4,observed,False,0.0,0,none
2025-07-23 06:00:00,18.388888888888886,0.0,69.0,9.0,observed,False,0.0,0,none
2025-07-23 07:00:00,19.111111111111114,0.0,70.0,10.6,observed,False,0.0,0,none
2025-07-23 08:00:00,20.0,0.0,59.0,16.1,observed,False,0.0,0,none
2025-07-23 09:00:00,21.138888888888886,0.0,58.5,10.450000000000001,observed,True,0.0,0,none
2025-07-23 10:00:00,22.277777777777775,0.0,58.0,4.8,observed,False,0.0,0,none
2025-07-23 11:00:00,21.77777777777778,0.0,57.0,10.5,observed,False,0.0,0,none
2025-07-23 12:00:00,23.277777777777782,0.0,57.0,7.5,observed,False,0.0,0,none
2025-07-23 13:00:00,24.777777777777775,0.0,59.0,4.9,observed,False,0.0,0,none
2025-07-23 14:00:00,24.222222222222218,0.0,54.0,15.0,observed,False,0.0,0,none
2025-07-23 15:00:00,21.77777777777778,2.7,76.0,14.4,observed,False,2.6999999999999984,1,moderate
2025-07-23 16:00:00,23.22222222222222,4.2,78.0,9.1,observed,False,6.899999999999999,1,moderate
2025-07-23 17:00:00,23.277777777777782,0.0,56.0,12.1,observed,False,6.899999999999999,0,none
2025-07-23 18:00:00,24.111111111111114,0.0,60.0,12.0,observed,False,4.199999999999998,0,none
2025-07-23 19:00:00,20.500000000000004,4.6,88.0,8.0,observed,False,4.599999999999998,1,moderate
2025-07-23 20:00:00,21.722222222222218,0.0,61.0,10.6,observed,False,4.599999999999998,0,none
2025-07-23 21:00:00,19.111111111111114,2.2,91.0,7.0,observed,False,6.799999999999998,1,light
2025-07-23 22:00:00,17.22222222222222,13.9,83.0,10.8,observed,False,16.099999999999998,1,heavy
2025-07-23 23:00:00,18.5,0.0,68.0,6.8,observed,False,16.1,0,none
2025-07-24 00:00:00,15.61111111111111,0.0,71.0,11.7,observed,False,13.9,0,none
2025-07-24 01:00:00,15.777777777777779,0.0,80.0,6.9,observed,False,0.0,0,none
2025-07-24 02:00:00,13.88888888888889,0.0,71.0,10.9,observed,False,0.0,0,none
2025-07-24 03:00:00,14.88888888888889,0.0,79.0,5.0,observed,False,0.0,0,none
2025-07-24 04:00:00,14.277777777777779,0.0,91.0,8.0,observed,True,0.0,0,none
2025-07-24 05:00:00,15.5,0.0,81.0,11.9,observed,False,0.0,0,none
2025-07-24 06:00:00,14.88888888888889,0.0,81.0,17.7,observed,False,0.0,0,none
2025-07-24 07:00:00,15.88888888888889,0.0,75.0,10.5,observed,True,0.0,0,none
2025-07-24 08:00:00,17.88888888888889,0.0,66.0,11.4,observed,False,0.0,0,none
2025-07-24 09:00:00,18.111111111111107,0.0,74.0,3.9,observed,False,0.0,0,none
2025-07-24 10:00:00,19.27777777777778,0.0,59.0,5.2,observed,False,0.0,0,none
2025-07-24 11:00:00,20.222222222222225,0.0,63.0,10.8,observed,False,0.0,0,none
2025-07-24 12:00:00,21.722222222222218,0.0,62.5,10.1,observed,False,0.0,0,none
2025-07-24 13:00:00,22.61111111111111,0.0,62.0,11.0,observed,False,0.0,0,none
2025-07-24 14:00:00,21.999999999999996,0.0,59.0,11.1,observed,False,0.0,0,none
2025-07-24 15:00:00,23.22222222222222,0.0,61.0,15.1,observed,False,0.0,0,none
2025-07-24 16:00:00,22.5,0.0,61.0,12.75,observed,True,0.0,0,none
2025-07-24 17:00:00,21.77777777777778,0.0,61.0,10.4,observed,False,0.0,0,none
2025-07-24 18:00:00,21.11111111111111,0.0,59.0,5.4,observed,False,0.0,0,none
2025-07-24 19:00:00,20.38888888888889,0.0,68.0,9.3,observed,False,0.0,0,none
2025-07-24 20:00:00,19.88888888888889,0.0,66.0,11.3,observed,False,0.0,0,none
2025-07-24 21:00:00,17.88888888888889,0.0,75.0,18.9,observed,False,0.0,0,none
2025-07-24 22:00:00,16.5,0.0,65.0,8.0,observed,False,0.0,0,none
2025-07-24 23:00:00,15.5,0.0,79.5,15.0,observed,False,0.0,0,none
2025-07-25 00:00:00,13.722222222222223,0.0,94.0,10.9,observed,False,0.0,0,none
2025-07-25 01:00:00,13.38888888888889,0.0,79.0,10.4,observed,False,0.0,0,none
2025-07-25 02:00:00,13.11111111111111,0.0,80.0,15.0,observed,False,0.0,0,none
2025-07-25 03:00:00,12.9,0.0,78.0,13.8,observed,False,0.0,0,none
2025-07-25 04:00:00,13.1,0.0,73.5,12.6,observed,False,0.0,0,none
2025-07-25 05:00:00,14.6,0.0,69.0,8.3,observed,False,0.0,0,none
2025-07-25 06:00:00,14.4,0.0,71.0,8.3,observed,False,0.0,0,none
2025-07-25 07:00:00,15.1,0.0,77.0,13.6,observed,False,0.0,0,none
2025-07-25 08:00:00,16.0,0.0,79.0,10.5,observed,False,0.0,0,none
2025-07-25 09:00:00,17.4,0.0,81.0,16.1,observed,False,0.0,0,none
2025-07-25 10:00:00,18.3,0.0,71.0,6.7,observed,False,0.0,0,none
2025-07-25 11:00:00,18.5,3.5,84.0,14.5,observed,False,3.4999999999999982,1,moderate
2025-07-25 12:00:00,20.4,0.0,68.0,7.6,observed,False,3.4999999999999982,0,none
2025-07-25 13:00:00,20.6,0.0,64.0,14.7,observed,False,3.4999999999999982,0,none
2025-07-25 14:00:00,21.2,0.0,70.0,7.4,observed,False,0.0,0,none
2025-07-25 15:00:00,19.1,1.4,69.0,5.0,observed,False,1.3999999999999981,1,light
2025-07-25 16:00:00,18.5,20.3,82.0,14.5,observed,False,21.7,1,heavy
2025-07-25 17:00:00,19.2,2.3,87.0,14.8,observed,False,24.0,1,light
2025-07-25 18:00:00,21.1,0.3,61.0,4.7,observed,False,22.900000000000002,1,light
2025-07-25 19:00:00,18.9,0.4,65.0,20.0,observed,False,3.0,1,light
2025-07-25 20:00:00,18.65,0.0,71.0,13.0,observed,True,0.7,0,none
2025-07-25 21:00:00,18.4,0.0,67.0,7.0,observed,False,0.4,0,none
2025-07-25 22:00:00,16.7,0.0,71.0,5.5,observed,False,0.0,0,none
2025-07-25 23:00:00,14.8,0.0,78.0,14.1,observed,False,0.0,0,none
2025-07-26 00:00:00,12.7,0.0,78.0,9.9,observed,False,0.0,0,none
2025-07-26 01:00:00,12.4,0.0,80.0,8.0,observed,False,0.0,0,none
2025-07-26 02:00:00,12.7,0.0,81.0,12.5,observed,False,0.0,0,none
2025-07-26 03:00:00,11.8,0.0,96.0,17.7,observed,False,0.0,0,none
2025-07-26 04:00:00,11.6,0.0,84.5,10.4,observed,False,0.0,0,none
2025-07-26 05:00:00,12.1,0.0,73.0,11.7,observed,False,0.0,0,none
2025-07-26 06:00:00,14.3,0.0,75.0,9.9,observed,False,0.0,0,none
2025-07-26 07:00:00,13.4,0.0,78.0,11.5,observed,False,0.0,0,none
2025-07-26 08:00:00,15.4,0.0,81.0,10.7,observed,False,0.0,0,none
2025-07-26 09:00:00,16.6,0.0,69.0,8.4,observed,False,0.0,0,none
2025-07-26 10:00:00,17.5,0.0,67.0,3.5,observed,False,0.0,0,none
2025-07-26 11:00:00,18.3,0.0,72.0,11.1,observed,False,0.0,0,none
2025-07-26 12:00:00,19.9,0.0,58.0,12.2,observed,False,0.0,0,none
2025-07-26 13:00:00,20.3,0.0,70.0,14.3,observed,False,0.0,0,none
2025-07-26 14:00:00,18.1,4.7,69.0,14.4,observed,False,4.7,1,moderate
2025-07-26 15:00:00,20.8,0.0,68.0,12.9,observed,False,4.7,0,none
2025-07-26 16:00:00,20.0,0.0,72.0,11.3,observed,True,4.7,0,none
2025-07-26 17:00:00,19.2,2.2,76.0,9.7,observed,False,2.2,1,light
2025-07-26 18:00:00,20.2,0.0,67.0,7.6,observed,False,2.2,0,none
2025-07-26 19:00:00,17.2,5.3,87.0,5.9,observed,False,7.5,1,moderate
2025-07-26 20:00:00,17.8,0.0,65.0,11.6,observed,False,5.3,0,none
2025-07-26 21:00:00,15.8,0.0,71.0,7.6,observed,False,5.3,0,none
2025-07-26 22:00:00,15.0,0.0,77.0,13.4,observed,False,0.0,0,none
2025-07-26 23:00:00,14.4,0.0,81.0,11.1,observed,False,0.0,0,none
2025-07-27 00:00:00,13.4,0.0,85.0,11.7,observed,True,0.0,0,none
2025-07-27 01:00:00,12.8,0.0,87.0,10.7,observed,False,0.0,0,none
2025-07-27 02:00:00,12.3,0.0,82.0,10.0,observed,False,0.0,0,none
2025-07-27 03:00:00,11.5,0.0,84.0,13.1,observed,False,0.0,0,none
2025-07-27 04:00:00,12.1,0.0,86.0,11.0,observed,False,0.0,0,none
2025-07-27 05:00:00,13.2,0.0,82.0,6.5,observed,False,0.0,0,none
2025-07-27 06:00:00,13.9,0.0,88.0,9.3,observed,False,0.0,0,none
2025-07-27 07:00:00,15.2,0.0,77.0,7.5,observed,False,0.0,0,none
2025-07-27 08:00:00,15.5,0.0,77.0,12.2,observed,False,0.0,0,none
2025-07-27 09:00:00,17.0,0.0,76.0,7.4,observed,False,0.0,0,none
2025-07-27 10:00:00,17.4,0.0,69.0,10.5,observed,False,0.0,0,none
2025-07-27 11:00:00,19.3,0.0,76.0,9.5,observed,False,0.0,0,none
2025-07-27 12:00:00,20.2,0.0,54.0,9.0,observed,False,0.0,0,none
2025-07-27 13:00:00,20.2,0.0,60.0,6.8,observed,False,0.0,0,none
2025-07-27 14:00:00,19.0,2.5,77.0,9.7,observed,False,2.5,1,light
2025-07-27 15:00:00,18.2,2.5,88.0,11.2,observed,False,5.0,1,light
2025-07-27 16:00:00,20.6,0.3,61.0,7.3,observed,False,5.3,1,light
2025-07-27 17:00:00,18.3,1.7,87.0,10.2,observed,False,4.5,1,light
2025-07-27 18:00:00,19.1,0.0,62.0,7.6,observed,False,2.0,0,none
2025-07-27 19:00:00,18.5,0.0,65.0,7.9,observed,False,1.7,0,none
2025-07-27 20:00:00,17.0,0.0,73.0,7.3,observed,False,0.0,0,none
2025-07-27 21:00:00,16.2,0.0,72.0,16.3,observed,False,0.0,0,none
2025-07-27 22:00:00,15.6,0.0,75.0,5.5,observed,False,0.0,0,none
2025-07-27 23:00:00,13.9,0.0,85.0,15.6,observed,False,0.0,0,none
2025-07-28 00:00:00,13.1,0.0,86.0,11.4,observed,False,0.0,0,none
2025-07-28 01:00:00,12.4,0.0,92.5,18.4,observed,False,0.0,0,none
2025-07-28 02:00:00,11.5,0.0,99.0,13.0,observed,False,0.0,0,none
2025-07-28 03:00:00,12.2,0.0,82.0,12.1,observed,False,0.0,0,none
2025-07-28 04:00:00,11.2,0.0,81.0,5.6,observed,False,0.0,0,none
2025-07-28 05:00:00,13.3,0.0,78.0,18.5,observed,False,0.0,0,none
2025-07-28 06:00:00,13.0,0.0,86.0,9.6,observed,False,0.0,0,none
2025-07-28 07:00:00,13.8,0.0,77.0,18.2,observed,False,0.0,0,none
2025-07-28 08:00:00,15.3,0.0,79.0,23.9,observed,False,0.0,0,none
2025-07-28 09:00:00,16.6,0.0,72.0,11.3,observed,False,0.0,0,none
2025-07-28 10:00:00,17.2,0.0,76.0,18.4,observed,False,0.0,0,none
2025-07-28 11:00:00,17.5,0.0,77.0,10.3,observed,False,0.0,0,none
2025-07-28 12:00:00,19.0,0.0,64.0,10.7,observed,False,0.0,0,none
2025-07-28 13:00:00,19.6,0.0,62.0,13.9,observed,False,0.0,0,none
2025-07-28 14:00:00,19.0,0.0,68.0,6.6,observed,False,0.0,0,none
2025-07-28 15:00:00,19.55,0.0,69.0,8.799999999999999,observed,True,0.0,0,none
2025-07-28 16:00:00,20.1,0.0,70.0,11.0,observed,False,0.0,0,none
2025-07-28 17:00:00,20.0,0.0,57.0,8.4,observed,False,0.0,0,none
2025-07-28 18:00:00,19.4,0.0,67.0,18.4,observed,False,0.0,0,none
2025-07-28 19:00:00,17.6,0.0,76.0,7.0,observed,False,0.0,0,none
2025-07-28 20:00:00,15.1,1.2,85.0,5.1,observed,False,1.2,1,light
2025-07-28 21:00:00,16.5,0.0,65.0,9.6,observed,False,1.2,0,none
2025-07-28 22:00:00,13.4,1.0,93.0,16.1,observed,False,2.2,1,light
2025-07-28 23:00:00,13.4,0.0,85.0,8.5,observed,False,1.0,0,none
2025-07-29 00:00:00,11.0,0.0,78.0,12.6,observed,False,1.0,0,none
2025-07-29 01:00:00,9.6,0.0,89.0,17.4,observed,False,0.0,0,none
2025-07-29 02:00:00,9.7,0.0,89.0,10.8,observed,False,0.0,0,none
2025-07-29 03:00:00,9.1,0.0,94.0,7.1,observed,False,0.0,0,none
2025-07-29 04:00:00,9.1,0.0,92.0,23.0,observed,False,0.0,0,none
2025-07-29 05:00:00,9.7,0.0,93.0,15.7,observed,False,0.0,0,none
2025-07-29 06:00:00,9.9,0.0,80.0,12.2,observed,False,0.0,0,none
2025-07-29 07:00:00,12.0,0.0,76.0,12.2,observed,False,0.0,0,none
2025-07-29 08:00:00,13.6,0.0,76.0,12.3,observed,False,0.0,0,none
2025-07-29 09:00:00,13.8,0.0,71.0,9.5,observed,False,0.0,0,none
2025-07-29 10:00:00,15.1,0.0,78.5,9.0,observed,False,0.0,0,none
2025-07-29 11:00:00,13.8,20.3,86.0,5.2,observed,False,20.3,1,heavy
2025-07-29 12:00:00,17.0,0.0,77.0,11.0,observed,False,20.3,0,none
2025-07-29 13:00:00,17.4,0.0,73.0,8.4,observed,False,20.3,0,none
2025-07-29 14:00:00,18.2,0.0,71.0,5.4,observed,False,0.0,0,none
2025-07-29 15:00:00,16.8,6.1,97.0,12.3,observed,False,6.1,1,moderate
2025-07-29 16:00:00,16.7,3.7,87.0,10.9,observed,False,9.8,1,moderate
2025-07-29 17:00:00,15.4,2.3,90.0,4.6,observed,False,12.1,1,light
2025-07-29 18:00:00,15.0,2.7,86.0,6.2,observed,False,8.7,1,moderate
2025-07-29 19:00:00,13.5,0.6,96.0,14.3,observed,False,5.6,1,light
2025-07-29 20:00:00,12.0,2.8,99.0,18.6,observed,False,6.1,1,moderate
2025-07-29 21:00:00,15.1,0.0,82.0,9.0,observed,False,3.4,0,none
2025-07-29 22:00:00,13.4,0.0,73.0,7.3,observed,False,2.8,0,none
2025-07-29 23:00:00,12.5,0.0,74.0,14.5,observed,False,0.0,0,none
2025-07-30 00:00:00,11.6,0.0,82.0,13.9,observed,False,0.0,0,none
2025-07-30 01:00:00,11.6,0.0,90.0,10.0,observed,False,0.0,0,none
2025-07-30 02:00:00,11.1,0.0,81.0,15.4,observed,False,0.0,0,none
2025-07-30 03:00:00,10.8,0.0,86.0,9.9,observed,False,0.0,0,none
2025-07-30 04:00:00,11.0,0.0,90.0,8.4,observed,False,0.0,0,none
2025-07-30 05:00:00,11.9,0.0,84.0,8.3,observed,False,0.0,0,none
2025-07-30 06:00:00,11.7,0.0,83.0,7.2,observed,False,0.0,0,none
2025-07-30 07:00:00,13.9,0.0,87.0,11.6,observed,False,0.0,0,none
2025-07-30 08:00:00,14.4,0.0,73.0,7.7,observed,False,0.0,0,none
2025-07-30 09:00:00,15.0,0.0,84.0,17.4,observed,False,0.0,0,none
2025-07-30 10:00:00,16.6,0.0,61.0,16.0,observed,False,0.0,0,none
2025-07-30 11:00:00,15.4,3.6,89.0,10.4,observed,False,3.6,1,moderate
2025-07-30 12:00:00,18.4,0.0,67.0,14.6,observed,False,3.6,0,none
2025-07-30 13:00:00,18.7,0.0,63.0,8.7,observed,False,3.6,0,none
2025-07-30 14:00:00,18.8,0.0,74.0,12.6,observed,False,0.0,0,none
2025-07-30 15:00:00,16.7,4.0,85.0,12.6,observed,False,4.0,1,moderate
2025-07-30 16:00:00,19.9,0.0,68.0,19.9,observed,False,4.0,0,none
2025-07-30 17:00:00,17.2,10.1,83.0,12.2,observed,False,14.1,1,heavy
2025-07-30 18:00:00,17.3,0.0,70.0,10.0,observed,False,10.1,0,none
2025-07-30 19:00:00,16.8,0.0,65.0,8.9,observed,False,10.1,0,none
2025-07-30 20:00:00,16.4,0.0,68.0,5.1,observed,False,0.0,0,none
2025-07-30 21:00:00,16.0,0.0,77.0,7.6,observed,False,0.0,0,none
2025-07-30 22:00:00,15.4,0.0,87.0,15.0,observed,False,0.0,0,none
2025-07-30 23:00:00,12.6,0.0,75.0,7.2,observed,False,0.0,0,none
2025-07-31 00:00:00,11.8,0.0,79.5,10.95,observed,True,0.0,0,none
2025-07-31 01:00:00,11.0,0.0,84.0,14.7,observed,False,0.0,0,none
2025-07-31 02:00:00,11.1,0.0,92.0,10.2,observed,False,0.0,0,none
2025-07-31 03:00:00,10.4,0.0,87.0,12.8,observed,False,0.0,0,none
2025-07-31 04:00:00,11.1,0.0,88.0,6.3,observed,False,0.0,0,none
2025-07-31 05:00:00,11.0,0.0,89.0,12.3,observed,False,0.0,0,none
2025-07-31 06:00:00,12.1,0.0,75.0,9.2,observed,False,0.0,0,none
2025-07-31 07:00:00,12.7,0.0,91.0,9.3,observed,False,0.0,0,none
2025-07-31 08:00:00,14.6,0.0,82.0,10.3,observed,False,0.0,0,none
2025-07-31 09:00:00,14.2,0.0,76.0,9.4,observed,False,0.0,0,none
2025-07-31 10:00:00,15.6,0.0,70.0,8.7,observed,False,0.0,0,none
2025-07-31 11:00:00,17.6,0.0,68.0,8.8,observed,False,0.0,0,none
2025-07-31 12:00:00,17.7,0.0,65.0,9.7,observed,False,0.0,0,none
2025-07-31 13:00:00,15.8,7.7,81.0,17.7,observed,False,7.7,1,heavy
2025-07-31 14:00:00,19.4,0.0,58.0,10.7,observed,False,7.7,0,none
2025-07-31 15:00:00,17.1,5.9,85.0,16.9,observed,False,13.600000000000001,1,moderate
2025-07-31 16:00:00,18.3,0.1,69.0,15.0,observed,False,6.0,1,light
2025-07-31 17:00:00,16.7,1.2,87.0,9.8,observed,False,7.2,1,light
2025-07-31 18:00:00,16.0,0.8,85.0,8.7,observed,False,2.1,1,light
2025-07-31 19:00:00,16.7,0.0,80.0,11.1,observed,False,2.0,0,none
2025-07-31 20:00:00,16.2,0.2,75.0,13.4,observed,False,1.0,1,light
2025-07-31 21:00:00,14.9,0.0,72.0,9.1,observed,False,0.2,0,none
2025-07-31 22:00:00,14.0,0.0,80.0,11.4,observed,False,0.2,0,none
2025-07-31 23:00:00,13.7,0.0,80.0,13.1,observed,False,0.0,0,none
2025-08-01 00:00:00,10.9,0.0,85.0,7.4,observed,False,0.0,0,none
2025-08-01 01:00:00,9.5,0.0,87.0,7.3,observed,False,0.0,0,none
2025-08-01 02:00:00,9.7,0.0,94.0,13.3,observed,False,0.0,0,none
2025-08-01 03:00:00,10.1,0.0,87.0,4.9,observed,False,0.0,0,none
2025-08-01 04:00:00,9.0,0.0,91.0,4.5,observed,False,0.0,0,none
2025-08-01 05:00:00,9.8,0.0,83.0,5.3,observed,False,0.0,0,none
2025-08-01 06:00:00,11.3,0.0,86.0,7.7,observed,False,0.0,0,none
2025-08-01 07:00:00,11.2,0.0,77.0,17.0,observed,False,0.0,0,none
2025-08-01 08:00:00,12.7,0.0,96.0,9.8,observed,False,0.0,0,none
2025-08-01 09:00:00,14.0,0.0,74.0,18.0,observed,False,0.0,0,none
2025-08-01 10:00:00,14.9,0.0,81.0,11.8,observed,False,0.0,0,none
2025-08-01 11:00:00,16.1,0.0,75.0,11.1,observed,False,0.0,0,none
2025-08-01 12:00:00,17.0,0.0,67.0,10.0,observed,False,0.0,0,none
2025-08-01 13:00:00,14.2,4.3,86.0,9.2,observed,False,4.3,1,moderate
2025-08-01 14:00:00,17.3,0.0,66.0,17.9,observed,False,4.3,0,none
2025-08-01 15:00:00,18.0,0.0,63.0,7.2,observed,False,4.3,0,none
2025-08-01 16:00:00,15.1,0.7,83.0,7.4,observed,False,0.7,1,light
2025-08-01 17:00:00,17.2,0.0,69.0,8.3,observed,False,0.7,0,none
2025-08-01 18:00:00,15.3,3.3,81.0,18.4,observed,False,4.0,1,moderate
2025-08-01 19:00:00,15.3,0.0,73.0,5.6,observed,False,3.3,0,none
2025-08-01 20:00:00,14.8,0.0,79.0,6.5,observed,False,3.3,0,none
2025-08-01 21:00:00,12.6,0.0,79.0,11.3,observed,False,0.0,0,none
2025-08-01 22:00:00,12.2,0.0,87.0,8.8,observed,False,0.0,0,none
2025-08-01 23:00:00,11.4,0.0,87.0,6.2,observed,False,0.0,0,none
2025-08-02 00:00:00,8.7,0.0,100.0,13.0,observed,False,0.0,0,none
2025-08-02 01:00:00,9.6,0.0,87.0,18.9,observed,False,0.0,0,none
2025-08-02 02:00:00,9.0,0.0,99.0,7.5,observed,False,0.0,0,none
2025-08-02 03:00:00,8.6,0.0,84.0,9.6,observed,False,0.0,0,none
2025-08-02 04:00:00,8.2,0.0,97.0,9.4,observed,False,0.0,0,none
2025-08-02 05:00:00,9.1,0.0,94.0,9.2,observed,False,0.0,0,none
2025-08-02 06:00:00,10.3,0.0,89.0,8.2,observed,False,0.0,0,none
2025-08-02 07:00:00,10.5,0.0,85.0,13.3,observed,False,0.0,0,none
2025-08-02 08:00:00,11.8,0.0,88.0,10.8,observed,False,0.0,0,none
2025-08-02 09:00:00,13.6,0.0,77.0,12.6,observed,False,0.0,0,none
2025-08-02 10:00:00,13.5,0.0,78.0,11.5,observed,False,0.0,0,none
2025-08-02 11:00:00,14.8,0.0,74.0,13.3,observed,False,0.0,0,none
2025-08-02 12:00:00,13.9,1.8,93.0,8.4,observed,False,1.8,1,light
2025-08-02 13:00:00,16.6,0.0,78.0,6.7,observed,False,1.8,0,none
2025-08-02 14:00:00,17.0,0.0,72.0,13.1,observed,False,1.8,0,none
2025-08-02 15:00:00,14.7,1.9,100.0,10.4,observed,False,1.9,1,light
2025-08-02 16:00:00,17.8,0.0,75.0,17.2,observed,False,1.9,0,none
2025-08-02 17:00:00,14.7,10.4,93.0,4.4,observed,False,12.3,1,heavy
2025-08-02 18:00:00,13.6,1.5,99.0,8.1,observed,False,11.9,1,light
2025-08-02 19:00:00,15.2,0.0,78.0,9.5,observed,False,11.9,0,none
2025-08-02 20:00:00,14.4,0.0,80.0,9.1,observed,False,1.5,0,none
2025-08-02 21:00:00,13.4,0.0,78.0,11.7,observed,False,0.0,0,none
2025-08-02 22:00:00,11.6,0.0,82.0,12.7,observed,False,0.0,0,none
2025-08-02 23:00:00,10.7,0.0,83.0,5.0,observed,False,0.0,0,none
2025-08-03 00:00:00,10.4,0.0,87.0,13.6,observed,False,0.0,0,none
2025-08-03 01:00:00,9.5,0.0,87.0,15.7,observed,False,0.0,0,none
2025-08-03 02:00:00,8.0,0.0,90.0,11.5,observed,False,0.0,0,none
2025-08-03 03:00:00,8.4,0.0,94.0,6.1,observed,False,0.0,0,none
2025-08-03 04:00:00,8.7,0.0,90.0,17.3,observed,False,0.0,0,none
2025-08-03 05:00:00,9.3,0.0,89.0,14.7,observed,False,0.0,0,none
2025-08-03 06:00:00,9.1,0.0,93.0,31.0,observed,False,0.0,0,none
2025-08-03 07:00:00,10.5,0.0,88.0,12.2,observed,False,0.0,0,none
2025-08-03 08:00:00,11.4,0.0,78.0,14.7,observed,False,0.0,0,none
2025-08-03 09:00:00,13.3,0.0,78.0,7.6,observed,False,0.0,0,none
2025-08-03 10:00:00,14.3,0.0,75.0,15.2,observed,False,0.0,0,none
2025-08-03 11:00:00,13.3,13.1,100.0,9.5,observed,False,13.1,1,heavy
2025-08-03 12:00:00,15.0,0.0,84.0,11.7,observed,False,13.1,0,none
2025-08-03 13:00:00,14.5,1.0,93.0,11.8,observed,False,14.1,1,light
2025-08-03 14:00:00,17.7,0.0,57.0,14.5,observed,False,1.0,0,none
2025-08-03 15:00:00,17.1,0.0,65.0,12.0,observed,False,1.0,0,none
2025-08-03 16:00:00,16.75,0.0,76.66666666666667,11.9,observed,True,0.0,0,none
2025-08-03 17:00:00,16.4,0.0,88.33333333333333,11.8,observed,False,0.0,0,none
2025-08-03 18:00:00,12.6,7.4,100.0,12.9,observed,False,7.4,1,moderate
2025-08-03 19:00:00,15.4,0.0,75.0,5.3,observed,False,7.4,0,none
2025-08-03 20:00:00,13.5,0.0,76.0,6.8,observed,False,7.4,0,none
2025-08-03 21:00:00,12.6,0.0,80.0,7.8,observed,True,0.0,0,none
2025-08-03 22:00:00,11.7,0.0,82.0,9.9,observed,False,0.0,0,none
2025-08-03 23:00:00,9.9,0.0,82.0,11.6,observed,False,0.0,0,none
2025-08-04 00:00:00,9.633333333333333,0.0,83.5,9.5,observed,True,0.0,0,none
2025-08-04 01:00:00,9.366666666666667,0.0,85.0,7.4,observed,True,0.0,0,none
2025-08-04 02:00:00,9.1,0.0,89.0,9.9,observed,False,0.0,0,none
2025-08-04 03:00:00,8.5,0.0,86.0,10.0,observed,False,0.0,0,none
2025-08-04 04:00:00,8.7,0.0,95.0,4.4,observed,False,0.0,0,none
2025-08-04 05:00:00,8.2,0.0,92.0,9.7,observed,False,0.0,0,none
2025-08-04 06:00:00,9.3,0.0,83.0,16.0,observed,False,0.0,0,none
2025-08-04 07:00:00,10.8,0.0,84.0,14.3,observed,False,0.0,0,none
2025-08-04 08:00:00,11.6,0.0,82.0,14.75,observed,True,0.0,0,none
2025-08-04 09:00:00,12.4,0.0,80.0,15.2,observed,False,0.0,0,none
2025-08-04 10:00:00,13.9,0.0,78.0,16.6,observed,False,0.0,0,none
2025-08-04 11:00:00,15.0,0.0,74.0,12.6,observed,False,0.0,0,none
2025-08-04 12:00:00,15.8,0.0,68.0,15.9,observed,False,0.0,0,none
2025-08-04 13:00:00,16.1,0.0,76.0,14.0,observed,False,0.0,0,none
2025-08-04 14:00:00,14.8,9.5,90.0,8.9,observed,False,9.5,1,heavy
2025-08-04 15:00:00,13.2,3.8,89.0,16.0,observed,False,13.3,1,moderate
2025-08-04 16:00:00,17.3,0.0,69.0,11.4,observed,False,13.3,0,none
2025-08-04 17:00:00,16.5,0.0,82.0,7.1,observed,False,3.8,0,none
2025-08-04 18:00:00,15.2,0.0,71.0,5.7,observed,False,0.0,0,none
2025-08-04 19:00:00,14.4,0.0,75.0,9.4,observed,False,0.0,0,none
2025-08-04 20:00:00,13.25,0.0,83.5,13.950000000000001,observed,True,0.0,0,none
2025-08-04 21:00:00,12.1,0.0,92.0,18.5,observed,False,0.0,0,none
2025-08-04 22:00:00,11.1,0.0,89.0,16.5,observed,False,0.0,0,none
2025-08-04 23:00:00,9.5,0.0,88.0,15.0,observed,False,0.0,0,none
2025-08-05 00:00:00,11.0,0.0,90.0,12.1,observed,False,0.0,0,none
2025-08-05 01:00:00,10.2,0.0,90.0,7.9,observed,False,0.0,0,none
2025-08-05 02:00:00,9.2,0.0,82.0,6.1,observed,False,0.0,0,none
2025-08-05 03:00:00,10.6,0.0,91.0,11.1,observed,False,0.0,0,none
2025-08-05 04:00:00,9.7,0.0,93.0,9.1,observed,False,0.0,0,none
2025-08-05 05:00:00,9.2,0.0,95.0,5.7,observed,False,0.0,0,none
2025-08-05 06:00:00,9.2,0.0,89.0,14.8,observed,False,0.0,0,none
2025-08-05 07:00:00,11.0,0.0,87.0,14.9,observed,False,0.0,0,none
2025-08-05 08:00:00,11.7,0.0,81.0,20.2,observed,False,0.0,0,none
2025-08-05 09:00:00,12.7,0.0,77.0,6.8,observed,False,0.0,0,none
2025-08-05 10:00:00,14.6,0.0,78.0,15.2,observed,False,0.0,0,none
2025-08-05 11:00:00,14.8,0.0,75.0,15.1,observed,False,0.0,0,none
2025-08-05 12:00:00,16.2,0.0,76.0,4.6,observed,False,0.0,0,none
2025-08-05 13:00:00,17.5,0.0,73.0,3.3,observed,False,0.0,0,none
2025-08-05 14:00:00,17.6,0.0,68.0,8.8,observed,False,0.0,0,none
2025-08-05 15:00:00,16.9,0.0,76.0,11.6,observed,False,0.0,0,none
2025-08-05 16:00:00,17.3,0.0,72.0,19.7,observed,False,0.0,0,none
2025-08-05 17:00:00,17.0,0.0,78.0,13.0,observed,False,0.0,0,none
2025-08-05 18:00:00,15.75,0.0,79.5,9.450000000000001,observed,True,0.0,0,none
2025-08-05 19:00:00,14.5,0.0,81.0,5.9,observed,False,0.0,0,none
2025-08-05 20:00:00,13.8,0.0,75.0,13.8,observed,False,0.0,0,none
2025-08-05 21:00:00,10.8,2.2,94.0,14.3,observed,False,2.2,1,light
2025-08-05 22:00:00,12.1,0.0,80.0,13.8,observed,False,2.2,0,none
2025-08-05 23:00:00,12.8,0.0,88.0,4.6,observed,False,2.2,0,none
2025-08-06 00:00:00,12.0,0.0,78.0,6.6,observed,False,0.0,0,none
2025-08-06 01:00:00,11.5,0.0,92.0,3.4,observed,False,0.0,0,none
2025-08-06 02:00:00,12.0,0.0,79.0,7.5,observed,False,0.0,0,none
2025-08-06 03:00:00,11.5,0.0,81.0,8.9,observed,False,0.0,0,none
2025-08-06 04:00:00,11.3,0.0,85.0,10.0,observed,False,0.0,0,none
2025-08-06 05:00:00,11.4,0.0,73.0,17.6,observed,False,0.0,0,none
2025-08-06 06:00:00,12.3,0.0,88.0,4.4,observed,False,0.0,0,none
2025-08-06 07:00:00,13.6,0.0,74.0,12.1,observed,False,0.0,0,none
2025-08-06 08:00:00,13.7,0.0,84.0,9.6,observed,False,0.0,0,none
2025-08-06 09:00:00,14.8,0.0,78.0,17.0,observed,False,0.0,0,none
2025-08-06 10:00:00,16.2,0.0,74.0,18.4,observed,False,0.0,0,none
2025-08-06 11:00:00,17.2,0.0,64.0,18.1,observed,False,0.0,0,none
2025-08-06 12:00:00,17.7,0.2,74.0,5.4,observed,False,0.2,1,light
2025-08-06 13:00:00,17.9,0.2,77.0,9.5,observed,False,0.4,1,light
2025-08-06 14:00:00,19.5,0.0,64.0,20.0,observed,False,0.4,0,none
2025-08-06 15:00:00,19.6,0.2,60.0,8.6,observed,False,0.4,1,light
2025-08-06 16:00:00,16.0,2.3,88.0,8.7,observed,False,2.5,1,light
2025-08-06 17:00:00,16.8,3.8,82.0,10.6,observed,False,6.3,1,moderate
2025-08-06 18:00:00,15.6,5.8,85.0,20.3,observed,False,11.899999999999999,1,moderate
2025-08-06 19:00:00,17.7,0.0,71.0,13.8,observed,False,9.599999999999998,0,none
2025-08-06 20:00:00,15.3,0.0,80.0,14.8,observed,False,5.8,0,none
2025-08-06 21:00:00,14.2,0.0,78.0,8.4,observed,False,0.0,0,none
2025-08-06 22:00:00,12.1,0.8,85.5,11.5,observed,False,0.8,1,light
2025-08-06 23:00:00,12.1,0.0,93.0,8.2,observed,False,0.8,0,none
2025-08-07 00:00:00,12.2,0.0,91.0,9.6,observed,False,0.8,0,none
2025-08-07 01:00:00,11.6,0.0,81.0,12.2,observed,False,0.0,0,none
2025-08-07 02:00:00,11.3,0.0,79.0,17.8,observed,False,0.0,0,none
2025-08-07 03:00:00,11.5,0.0,88.0,11.1,observed,False,0.0,0,none
2025-08-07 04:00:00,12.5,0.0,85.0,6.7,observed,False,0.0,0,none
2025-08-07 05:00:00,11.2,0.0,87.0,6.3,observed,False,0.0,0,none
2025-08-07 06:00:00,13.2,0.0,77.0,11.9,observed,False,0.0,0,none
2025-08-07 07:00:00,13.6,0.0,80.0,10.6,observed,False,0.0,0,none
2025-08-07 08:00:00,14.5,0.0,83.0,12.6,observed,False,0.0,0,none
2025-08-07 09:00:00,15.5,0.0,75.0,7.0,observed,False,0.0,0,none
2025-08-07 10:00:00,16.5,0.0,84.0,15.3,observed,True,0.0,0,none
2025-08-07 11:00:00,18.1,0.0,70.0,10.3,observed,False,0.0,0,none
2025-08-07 12:00:00,19.0,0.0,75.0,6.1,observed,False,0.0,0,none
2025-08-07 13:00:00,18.8,0.0,68.0,10.7,observed,False,0.0,0,none
2025-08-07 14:00:00,19.3,0.0,65.0,9.0,observed,False,0.0,0,none
2025-08-07 15:00:00,20.7,0.0,61.0,9.5,observed,False,0.0,0,none
2025-08-07 16:00:00,20.1,0.0,59.0,14.0,observed,False,0.0,0,none
2025-08-07 17:00:00,19.6,0.2,66.0,10.3,observed,False,0.2,1,light
2025-08-07 18:00:00,16.1,1.1,87.0,11.4,observed,False,1.3,1,light
2025-08-07 19:00:00,17.3,0.0,73.0,5.5,observed,False,1.3,0,none
2025-08-07 20:00:00,16.4,0.0,82.0,6.7,observed,False,1.1,0,none
2025-08-07 21:00:00,15.8,0.4,76.0,15.0,observed,False,0.4,1,light
2025-08-07 22:00:00,14.7,0.0,79.0,8.3,observed,False,0.4,0,none
2025-08-07 23:00:00,12.9,0.0,81.0,14.1,observed,False,0.4,0,none
2025-08-08 00:00:00,12.0,0.0,82.0,7.5,observed,False,0.0,0,none
2025-08-08 01:00:00,11.9,0.0,90.0,5.7,observed,False,0.0,0,none
2025-08-08 02:00:00,10.5,0.0,88.0,15.1,observed,False,0.0,0,none
2025-08-08 03:00:00,11.7,0.0,90.0,6.3,observed,False,0.0,0,none
2025-08-08 04:00:00,11.1,0.0,88.0,10.8,observed,False,0.0,0,none
2025-08-08 05:00:00,11.65,0.0,90.5,8.55,observed,True,0.0,0,none
2025-08-08 06:00:00,12.2,0.0,93.0,6.3,observed,False,0.0,0,none
2025-08-08 07:00:00,12.1,0.0,76.0,6.0,observed,False,0.0,0,none
2025-08-08 08:00:00,15.4,0.0,74.0,12.2,observed,False,0.0,0,none
2025-08-08 09:00:00,15.5,0.0,77.0,14.2,observed,False,0.0,0,none
2025-08-08 10:00:00,15.8,0.0,75.0,8.0,observed,False,0.0,0,none
2025-08-08 11:00:00,17.6,0.0,71.0,12.6,observed,False,0.0,0,none
2025-08-08 12:00:00,18.0,0.0,73.0,8.5,observed,False,0.0,0,none
2025-08-08 13:00:00,18.6,0.0,63.0,7.8,observed,False,0.0,0,none
2025-08-08 14:00:00,19.8,0.0,69.0,9.5,observed,False,0.0,0,none
2025-08-08 15:00:00,19.0,0.0,66.0,16.9,observed,False,0.0,0,none
2025-08-08 16:00:00,18.4,0.0,78.0,7.4,observed,False,0.0,0,none
2025-08-08 17:00:00,19.0,0.0,67.0,11.0,observed,False,0.0,0,none
2025-08-08 18:00:00,18.0,0.0,71.0,9.2,observed,False,0.0,0,none
2025-08-08 19:00:00,17.4,0.0,74.0,8.1,observed,False,0.0,0,none
2025-08-08 20:00:00,16.8,0.0,65.0,9.8,observed,False,0.0,0,none
2025-08-08 21:00:00,15.1,0.0,70.0,6.7,observed,False,0.0,0,none
2025-08-08 22:00:00,14.3,0.0,76.0,10.0,observed,False,0.0,0,none
2025-08-08 23:00:00,12.8,0.0,85.0,14.1,observed,False,0.0,0,none
2025-08-09 00:00:00,14.2,0.0,77.0,6.0,observed,False,0.0,0,none
2025-08-09 01:00:00,14.0,0.0,77.0,5.4,observed,False,0.0,0,none
2025-08-09 02:00:00,14.3,0.0,76.0,11.8,observed,False,0.0,0,none
2025-08-09 03:00:00,13.0,0.0,85.0,9.8,observed,False,0.0,0,none
2025-08-09 04:00:00,12.5,0.0,81.0,9.7,observed,False,0.0,0,none
2025-08-09 05:00:00,13.1,0.0,85.0,5.9,observed,False,0.0,0,none
2025-08-09 06:00:00,14.2,0.0,80.0,10.1,observed,False,0.0,0,none
2025-08-09 07:00:00,14.5,0.0,77.0,9.8,observed,False,0.0,0,none
2025-08-09 08:00:00,16.6,0.0,74.0,14.3,observed,False,0.0,0,none
2025-08-09 09:00:00,17.1,0.0,82.0,10.7,observed,False,0.0,0,none
2025-08-09 10:00:00,18.0,0.0,69.0,9.8,observed,False,0.0,0,none
2025-08-09 11:00:00,18.4,0.0,71.0,18.3,observed,False,0.0,0,none
2025-08-09 12:00:00,17.5,2.0,77.0,12.5,observed,False,2.0,1,light
2025-08-09 13:00:00,20.3,0.0,70.0,8.1,observed,False,2.0,0,none
2025-08-09 14:00:00,20.5,0.0,66.0,11.9,observed,False,2.0,0,none
2025-08-09 15:00:00,20.9,0.0,66.0,9.7,observed,False,0.0,0,none
2025-08-09 16:00:00,18.4,2.7,86.0,18.7,observed,False,2.7,1,moderate
2025-08-09 17:00:00,18.1,4.5,82.0,7.0,observed,False,7.2,1,moderate
2025-08-09 18:00:00,20.1,0.3,67.0,7.7,observed,False,7.5,1,light
2025-08-09 19:00:00,16.8,3.8,84.0,7.8,observed,False,8.6,1,moderate
2025-08-09 20:00:00,15.9,9.4,86.0,16.6,observed,False,13.5,1,heavy
2025-08-09 21:00:00,16.1,0.5,77.0,12.2,observed,False,13.7,1,light
2025-08-09 22:00:00,15.2,0.0,75.0,11.6,observed,False,9.9,0,none
2025-08-09 23:00:00,15.2,0.0,83.0,10.0,observed,False,0.5,0,none
2025-08-10 00:00:00,12.9,0.0,82.0,8.4,observed,False,0.0,0,none
2025-08-10 01:00:00,12.9,0.0,83.0,14.0,observed,False,0.0,0,none
2025-08-10 02:00:00,11.5,0.0,92.0,16.8,observed,False,0.0,0,none
2025-08-10 03:00:00,12.4,0.0,84.0,9.5,observed,False,0.0,0,none
2025-08-10 04:00:00,12.4,0.0,84.0,9.9,observed,False,0.0,0,none
2025-08-10 05:00:00,12.0,0.0,79.0,7.9,observed,False,0.0,0,none
2025-08-10 06:00:00,13.2,0.0,74.0,6.1,observed,False,0.0,0,none
2025-08-10 07:00:00,13.7,0.0,84.0,5.6,observed,False,0.0,0,none
2025-08-10 08:00:00,15.7,0.0,76.0,6.3,observed,False,0.0,0,none
2025-08-10 09:00:00,16.4,0.0,66.0,15.9,observed,False,0.0,0,none
2025-08-10 10:00:00,17.0,0.0,66.0,9.3,observed,False,0.0,0,none
2025-08-10 11:00:00,18.1,0.0,73.0,10.6,observed,False,0.0,0,none
2025-08-10 12:00:00,18.8,0.0,68.0,11.9,observed,False,0.0,0,none
2025-08-10 13:00:00,19.7,0.0,61.0,21.4,observed,False,0.0,0,none
2025-08-10 14:00:00,19.5,0.0,67.0,10.6,observed,False,0.0,0,none
2025-08-10 15:00:00,20.2,0.0,67.0,6.0,observed,False,0.0,0,none
2025-08-10 16:00:00,20.3,0.0,63.0,5.3,observed,False,0.0,0,none
2025-08-10 17:00:00,17.8,4.4,84.0,10.3,observed,False,4.4,1,moderate
2025-08-10 18:00:00,18.4,0.0,71.0,10.3,observed,True,4.4,0,none
2025-08-10 19:00:00,19.0,0.0,58.0,10.3,observed,False,4.4,0,none
2025-08-10 20:00:00,18.0,0.0,72.0,15.5,observed,False,0.0,0,none
2025-08-10 21:00:00,13.9,3.9,92.0,5.5,observed,False,3.9,1,moderate
2025-08-10 22:00:00,14.7,0.0,86.0,7.6,observed,False,3.9,0,none
2025-08-10 23:00:00,13.7,0.0,80.0,4.6,observed,False,3.9,0,none
2025-08-11 00:00:00,12.8,0.0,83.0,8.3,observed,False,0.0,0,none
2025-08-11 01:00:00,12.6,0.0,86.0,9.7,observed,False,0.0,0,none
2025-08-11 02:00:00,10.8,0.0,84.0,7.8,observed,False,0.0,0,none
2025-08-11 03:00:00,11.8,0.0,84.0,5.1,observed,False,0.0,0,none
2025-08-11 04:00:00,11.7,0.0,83.0,9.9,observed,False,0.0,0,none
2025-08-11 05:00:00,11.5,0.0,91.0,10.7,observed,False,0.0,0,none
2025-08-11 06:00:00,12.3,0.0,80.0,10.4,observed,False,0.0,0,none
2025-08-11 07:00:00,13.4,0.0,78.0,7.9,observed,False,0.0,0,none
2025-08-11 08:00:00,15.0,0.0,79.0,17.0,observed,False,0.0,0,none
2025-08-11 09:00:00,15.8,0.0,79.0,7.4,observed,False,0.0,0,none
2025-08-11 10:00:00,16.7,0.0,78.0,5.6,observed,False,0.0,0,none
2025-08-11 11:00:00,15.2,2.4,94.0,10.1,observed,False,2.4,1,light
2025-08-11 12:00:00,18.5,0.0,64.0,19.1,observed,False,2.4,0,none
2025-08-11 13:00:00,19.6,0.0,61.0,7.0,observed,False,2.4,0,none
2025-08-11 14:00:00,19.2,0.0,70.0,22.1,observed,False,0.0,0,none
2025-08-11 15:00:00,19.5,0.0,60.0,10.9,observed,False,0.0,0,none
2025-08-11 16:00:00,20.3,0.0,68.0,9.4,observed,False,0.0,0,none
2025-08-11 17:00:00,19.5,0.0,70.0,12.0,observed,False,0.0,0,none
2025-08-11 18:00:00,18.6,0.0,80.0,11.1,observed,False,0.0,0,none
2025-08-11 19:00:00,17.2,0.0,81.0,10.1,observed,True,0.0,0,none
2025-08-11 20:00:00,15.0,2.2,82.0,6.0,observed,False,2.2,1,light
2025-08-11 21:00:00,14.9,0.0,82.0,15.1,observed,False,2.2,0,none
2025-08-11 22:00:00,12.4,5.7,100.0,8.7,observed,False,7.9,1,moderate
2025-08-11 23:00:00,14.5,0.0,83.0,5.8,observed,False,5.7,0,none
2025-08-12 00:00:00,11.5,0.0,85.0,8.9,observed,False,5.7,0,none
2025-08-12 01:00:00,11.4,0.0,78.0,9.8,observed,False,0.0,0,none
2025-08-12 02:00:00,10.2,0.0,87.0,13.5,observed,False,0.0,0,none
2025-08-12 03:00:00,10.4,0.0,81.0,6.6,observed,False,0.0,0,none
2025-08-12 04:00:00,9.6,0.0,89.0,5.7,observed,False,0.0,0,none
2025-08-12 05:00:00,11.0,0.0,82.0,13.0,observed,False,0.0,0,none
2025-08-12 06:00:00,11.9,0.0,80.0,14.5,observed,False,0.0,0,none
2025-08-12 07:00:00,13.3,0.0,83.0,10.0,observed,False,0.0,0,none
2025-08-12 08:00:00,14.7,0.0,77.0,6.1,observed,False,0.0,0,none
2025-08-12 09:00:00,14.9,0.0,71.0,3.2,observed,False,0.0,0,none
2025-08-12 10:00:00,16.0,0.0,69.0,25.0,observed,False,0.0,0,none
2025-08-12 11:00:00,17.1,0.0,79.0,11.9,observed,False,0.0,0,none
2025-08-12 12:00:00,17.0,0.0,74.0,18.5,observed,False,0.0,0,none
2025-08-12 13:00:00,16.6,6.5,89.0,17.4,observed,False,6.5,1,moderate
2025-08-12 14:00:00,18.6,0.0,75.0,6.8,observed,False,6.5,0,none
2025-08-12 15:00:00,17.2,12.1,84.0,19.0,observed,False,18.6,1,heavy
2025-08-12 16:00:00,18.3,0.2,63.0,5.2,observed,False,12.299999999999999,1,light
2025-08-12 17:00:00,18.9,0.5,68.0,18.8,observed,False,12.799999999999999,1,light
2025-08-12 18:00:00,16.3,2.6,86.0,13.1,observed,False,3.3,1,moderate
2025-08-12 19:00:00,16.9,0.0,74.0,5.2,observed,False,3.0999999999999996,0,none
2025-08-12 20:00:00,15.7,0.0,74.0,6.7,observed,False,2.5999999999999996,0,none
2025-08-12 21:00:00,14.9,0.0,83.0,5.5,observed,False,0.0,0,none
2025-08-12 22:00:00,13.9,0.0,88.0,5.1,observed,False,0.0,0,none
2025-08-12 23:00:00,11.5,0.0,95.0,20.3,observed,False,0.0,0,none
2025-08-13 00:00:00,11.9,0.0,83.0,12.7,observed,False,0.0,0,none
2025-08-13 01:00:00,11.9,0.0,84.0,18.3,observed,False,0.0,0,none
2025-08-13 02:00:00,10.8,0.0,91.0,12.9,observed,False,0.0,0,none
2025-08-13 03:00:00,12.0,0.0,81.0,7.8,observed,False,0.0,0,none
2025-08-13 04:00:00,11.1,0.0,89.0,6.1,observed,False,0.0,0,none
2025-08-13 05:00:00,11.9,0.0,82.0,15.5,observed,False,0.0,0,none
2025-08-13 06:00:00,12.4,0.0,85.0,19.3,observed,False,0.0,0,none
2025-08-13 07:00:00,13.0,0.0,79.0,11.6,observed,False,0.0,0,none
2025-08-13 08:00:00,14.3,0.0,81.0,8.0,observed,False,0.0,0,none
2025-08-13 09:00:00,15.1,0.0,78.0,11.2,observed,False,0.0,0,none
2025-08-13 10:00:00,16.5,0.0,77.0,5.8,observed,False,0.0,0,none
2025-08-13 11:00:00,17.0,0.0,76.0,15.1,observed,False,0.0,0,none
2025-08-13 12:00:00,17.7,0.0,71.0,9.8,observed,False,0.0,0,none
2025-08-13 13:00:00,19.0,0.0,61.0,16.8,observed,False,0.0,0,none
2025-08-13 14:00:00,19.2,0.0,61.0,15.15,observed,True,0.0,0,none
2025-08-13 15:00:00,19.4,0.0,61.0,13.5,observed,False,0.0,0,none
2025-08-13 16:00:00,19.2,0.0,76.0,5.4,observed,False,0.0,0,none
2025-08-13 17:00:00,16.9,2.8,95.0,17.4,observed,False,2.7999999999999994,1,moderate
2025-08-13 18:00:00,15.6,3.6,84.0,18.6,observed,False,6.3999999999999995,1,moderate
2025-08-13 19:00:00,17.5,0.0,71.0,20.8,observed,False,6.3999999999999995,0,none
2025-08-13 20:00:00,16.2,0.0,73.0,8.6,observed,False,3.5999999999999996,0,none
2025-08-13 21:00:00,15.6,0.0,83.0,10.7,observed,False,0.0,0,none
2025-08-13 22:00:00,13.7,0.0,82.0,10.4,observed,False,0.0,0,none
2025-08-13 23:00:00,12.5,0.0,87.0,10.2,observed,False,0.0,0,none
2025-08-14 00:00:00,13.0,0.0,80.0,14.3,observed,False,0.0,0,none
2025-08-14 01:00:00,11.9,0.0,83.0,9.3,observed,False,0.0,0,none
2025-08-14 02:00:00,12.5,0.0,87.0,12.6,observed,False,0.0,0,none
2025-08-14 03:00:00,11.8,0.0,86.0,7.5,observed,False,0.0,0,none
2025-08-14 04:00:00,12.1,0.0,77.0,6.8,observed,True,0.0,0,none
2025-08-14 05:00:00,12.5,0.0,85.0,10.6,observed,False,0.0,0,none
2025-08-14 06:00:00,12.4,0.0,80.0,20.1,observed,False,0.0,0,none
2025-08-14 07:00:00,14.4,0.0,75.0,26.6,observed,False,0.0,0,none
2025-08-14 08:00:00,14.7,0.0,86.0,13.7,observed,False,0.0,0,none
2025-08-14 09:00:00,15.5,0.0,73.0,7.8,observed,False,0.0,0,none
2025-08-14 10:00:00,17.0,0.0,69.0,11.4,observed,False,0.0,0,none
2025-08-14 11:00:00,18.7,0.0,69.0,12.7,observed,False,0.0,0,none
2025-08-14 12:00:00,18.9,0.0,65.0,11.4,observed,False,0.0,0,none
2025-08-14 13:00:00,19.5,0.0,64.0,8.3,observed,False,0.0,0,none
2025-08-14 14:00:00,16.4,13.3,90.0,11.6,observed,False,13.3,1,heavy
2025-08-14 15:00:00,19.4,0.0,67.0,14.7,observed,False,13.3,0,none
2025-08-14 16:00:00,19.7,0.0,65.0,12.5,observed,False,13.3,0,none
2025-08-14 17:00:00,17.8,2.6,81.0,5.6,observed,False,2.6,1,moderate
2025-08-14 18:00:00,19.5,0.0,63.0,13.5,observed,False,2.6,0,none
2025-08-14 19:00:00,17.0,0.0,70.0,12.3,observed,False,2.6,0,none
2025-08-14 20:00:00,17.1,0.3,74.0,9.1,observed,False,0.3,1,light
2025-08-14 21:00:00,16.4,0.0,75.0,14.3,observed,False,0.3,0,none
2025-08-14 22:00:00,14.6,0.0,82.0,7.2,observed,False,0.3,0,none
2025-08-14 23:00:00,13.6,0.0,85.0,10.9,observed,False,0.0,0,none
2025-08-15 00:00:00,11.5,0.0,81.0,4.8,observed,False,0.0,0,none
2025-08-15 01:00:00,11.6,0.0,87.0,17.2,observed,False,0.0,0,none
2025-08-15 02:00:00,11.0,0.0,76.0,21.8,observed,False,0.0,0,none
2025-08-15 03:00:00,10.5,0.0,89.0,5.2,observed,False,0.0,0,none
2025-08-15 04:00:00,10.0,0.0,100.0,11.6,observed,False,0.0,0,none
2025-08-15 05:00:00,10.6,0.0,84.0,9.0,observed,False,0.0,0,none
2025-08-15 06:00:00,11.9,0.0,79.0,12.1,observed,False,0.0,0,none
2025-08-15 07:00:00,12.5,0.0,86.0,8.1,observed,False,0.0,0,none
2025-08-15 08:00:00,13.4,0.0,80.0,10.4,observed,False,0.0,0,none
2025-08-15 09:00:00,15.5,0.0,76.0,11.7,observed,False,0.0,0,none
2025-08-15 10:00:00,15.8,0.0,82.0,6.2,observed,False,0.0,0,none
2025-08-15 11:00:00,17.0,0.0,62.0,12.0,observed,False,0.0,0,none
2025-08-15 12:00:00,17.7,0.0,76.0,6.3,observed,False,0.0,0,none
2025-08-15 13:00:00,16.5,5.0,85.0,10.5,observed,False,5.0,1,moderate
2025-08-15 14:00:00,18.0,0.0,75.0,7.7,observed,False,5.0,0,none
2025-08-15 15:00:00,18.4,0.0,70.0,8.3,observed,False,5.0,0,none
2025-08-15 16:00:00,17.5,2.5,73.0,16.1,observed,False,2.5,1,light
2025-08-15 17:00:00,17.8,0.0,76.0,16.2,observed,False,2.5,0,none
2025-08-15 18:00:00,14.8,3.8,95.0,8.5,observed,False,6.3,1,moderate
2025-08-15 19:00:00,13.75,8.75,93.0,10.3,observed,False,12.55,1,heavy
2025-08-15 20:00:00,15.6,0.0,75.0,10.5,observed,False,12.55,0,none
2025-08-15 21:00:00,14.6,0.0,80.0,11.1,observed,False,8.75,0,none
2025-08-15 22:00:00,13.2,0.0,77.0,5.6,observed,False,0.0,0,none
2025-08-15 23:00:00,13.0,0.0,79.0,4.8,observed,False,0.0,0,none
2025-08-16 00:00:00,11.4,0.0,79.0,5.7,observed,False,0.0,0,none
2025-08-16 01:00:00,10.7,0.0,84.0,9.7,observed,False,0.0,0,none
2025-08-16 02:00:00,10.1,0.0,97.0,16.0,observed,False,0.0,0,none
2025-08-16 03:00:00,10.0,0.0,89.0,13.2,observed,False,0.0,0,none
2025-08-16 04:00:00,9.2,0.0,90.0,17.0,observed,False,0.0,0,none
2025-08-16 05:00:00,9.2,0.0,92.0,9.8,observed,False,0.0,0,none
2025-08-16 06:00:00,11.0,0.0,93.0,7.1,observed,False,0.0,0,none
2025-08-16 07:00:00,11.8,0.0,85.0,12.8,observed,False,0.0,0,none
2025-08-16 08:00:00,12.9,0.0,91.0,7.7,observed,False,0.0,0,none
2025-08-16 09:00:00,14.4,0.0,77.0,14.8,observed,False,0.0,0,none
2025-08-16 10:00:00,15.2,0.0,73.0,6.0,observed,False,0.0,0,none
2025-08-16 11:00:00,16.8,0.0,67.0,4.9,observed,False,0.0,0,none
2025-08-16 12:00:00,17.4,0.0,74.0,12.1,observed,False,0.0,0,none
2025-08-16 13:00:00,15.7,1.7,88.0,12.0,observed,False,1.7,1,light
2025-08-16 14:00:00,16.8,0.7,82.0,10.4,observed,False,2.4,1,light
2025-08-16 15:00:00,19.4,0.0,65.0,11.4,observed,False,2.4,0,none
2025-08-16 16:00:00,15.8,2.0,93.0,9.4,observed,False,2.7,1,light
2025-08-16 17:00:00,15.8,0.6499999999999999,91.0,7.4,observed,False,2.65,1,light
2025-08-16 18:00:00,15.0,0.9,94.0,10.8,observed,False,3.5500000000000003,1,light
2025-08-16 19:00:00,13.15,2.45,97.0,4.8,observed,False,4.0,1,light
2025-08-16 20:00:00,15.7,0.0,71.0,8.2,observed,False,3.3500000000000005,0,none
2025-08-16 21:00:00,14.6,0.0,84.0,7.5,observed,False,2.4500000000000006,0,none
2025-08-16 22:00:00,13.7,0.0,82.0,8.5,observed,False,0.0,0,none
2025-08-16 23:00:00,12.4,0.0,83.0,7.7,observed,False,0.0,0,none
2025-08-17 00:00:00,14.0,0.0,82.0,13.5,observed,False,0.0,0,none
2025-08-17 01:00:00,13.9,0.0,85.0,6.5,observed,False,0.0,0,none
2025-08-17 02:00:00,12.6,0.0,79.0,12.1,observed,False,0.0,0,none
2025-08-17 03:00:00,12.6,0.0,74.0,10.799999999999999,observed,True,0.0,0,none
2025-08-17 04:00:00,12.6,0.0,69.0,9.5,observed,False,0.0,0,none
2025-08-17 05:00:00,12.9,0.0,86.0,7.5,observed,False,0.0,0,none
2025-08-17 06:00:00,14.6,0.0,86.0,9.7,observed,False,0.0,0,none
2025-08-17 07:00:00,14.3,0.0,73.0,8.8,observed,False,0.0,0,none
2025-08-17 08:00:00,15.6,0.0,72.0,13.1,observed,False,0.0,0,none
2025-08-17 09:00:00,16.7,0.0,72.0,14.2,observed,False,0.0,0,none
2025-08-17 10:00:00,17.7,0.0,67.0,15.3,observed,False,0.0,0,none
2025-08-17 11:00:00,18.3,0.0,72.0,5.1,observed,False,0.0,0,none
2025-08-17 12:00:00,20.1,0.0,66.0,9.6,observed,False,0.0,0,none
2025-08-17 13:00:00,20.1,0.0,55.0,4.5,observed,False,0.0,0,none
2025-08-17 14:00:00,19.2,2.6,77.0,10.2,observed,False,2.6000000000000005,1,moderate
2025-08-17 15:00:00,20.4,0.0,59.0,4.2,observed,False,2.6000000000000005,0,none
2025-08-17 16:00:00,20.0,0.0,74.0,12.9,observed,False,2.6000000000000005,0,none
2025-08-17 17:00:00,18.5,1.8,84.0,12.0,observed,False,1.8000000000000005,1,light
2025-08-17 18:00:00,17.7,3.6,86.0,11.6,observed,False,5.4,1,moderate
2025-08-17 19:00:00,18.7,0.5,62.0,13.0,observed,False,5.9,1,light
2025-08-17 20:00:00,16.0,1.7,79.0,20.0,observed,False,5.800000000000001,1,light
2025-08-17 21:00:00,16.9,0.0,76.0,10.7,observed,False,2.2,0,none
2025-08-17 22:00:00,15.2,0.0,79.0,13.2,observed,False,1.7000000000000004,0,none
2025-08-17 23:00:00,14.5,0.0,82.0,13.3,observed,False,0.0,0,none
2025-08-18 00:00:00,13.4,0.0,84.0,11.9,observed,False,0.0,0,none
2025-08-18 01:00:00,12.5,0.0,76.0,12.9,observed,False,0.0,0,none
2025-08-18 02:00:00,10.5,0.0,89.0,13.3,observed,False,0.0,0,none
2025-08-18 03:00:00,11.4,0.0,90.0,7.4,observed,False,0.0,0,none
2025-08-18 04:00:00,11.7,0.0,82.0,9.4,observed,False,0.0,0,none
2025-08-18 05:00:00,12.4,0.0,81.5,8.4,observed,False,0.0,0,none
2025-08-18 06:00:00,12.9,0.0,81.0,6.6,observed,False,0.0,0,none
2025-08-18 07:00:00,12.9,0.0,75.0,7.2,observed,False,0.0,0,none
2025-08-18 08:00:00,14.1,0.0,75.0,10.3,observed,False,0.0,0,none
2025-08-18 09:00:00,15.0,0.0,75.0,9.7,observed,False,0.0,0,none
2025-08-18 10:00:00,16.9,0.0,71.0,7.8,observed,False,0.0,0,none
2025-08-18 11:00:00,18.1,0.0,66.0,15.4,observed,False,0.0,0,none
2025-08-18 12:00:00,18.8,0.0,62.0,11.0,observed,False,0.0,0,none
2025-08-18 13:00:00,18.4,0.0,67.0,12.7,observed,False,0.0,0,none
2025-08-18 14:00:00,17.2,1.9,88.0,16.7,observed,False,1.9000000000000004,1,light
2025-08-18 15:00:00,19.8,0.0,58.0,7.8,observed,False,1.9000000000000004,0,none
2025-08-18 16:00:00,18.35,0.0,71.5,7.45,observed,True,1.9000000000000004,0,none
2025-08-18 17:00:00,16.9,2.3,85.0,7.1,observed,False,2.3000000000000003,1,light
2025-08-18 18:00:00,18.5,0.0,82.0,10.5,observed,False,2.3000000000000003,0,none
2025-08-18 19:00:00,15.3,15.0,98.0,5.3,observed,False,17.3,1,heavy
2025-08-18 20:00:00,16.9,0.0,73.0,6.1,observed,False,15.0,0,none
2025-08-18 21:00:00,15.8,0.5,80.0,6.4,observed,False,15.5,1,light
2025-08-18 22:00:00,14.2,0.0,73.0,10.6,observed,False,0.5,0,none
2025-08-18 23:00:00,13.6,0.0,76.0,14.149999999999999,observed,True,0.5,0,none
2025-08-19 00:00:00,13.0,0.0,79.0,17.7,observed,False,0.0,0,none
2025-08-19 01:00:00,13.3,0.0,85.0,14.9,observed,False,0.0,0,none
2025-08-19 02:00:00,11.6,0.0,90.0,14.5,observed,False,0.0,0,none
2025-08-19 03:00:00,11.8,0.0,79.0,17.5,observed,False,0.0,0,none
2025-08-19 04:00:00,11.8,0.0,84.0,13.7,observed,False,0.0,0,none
2025-08-19 05:00:00,11.5,0.0,90.0,12.5,observed,False,0.0,0,none
2025-08-19 06:00:00,13.1,0.0,82.0,16.4,observed,False,0.0,0,none
2025-08-19 07:00:00,14.15,0.0,75.5,14.95,observed,True,0.0,0,none
2025-08-19 08:00:00,15.2,0.0,69.0,13.5,observed,False,0.0,0,none
2025-08-19 09:00:00,16.1,0.0,69.0,8.8,observed,False,0.0,0,none
2025-08-19 10:00:00,17.5,0.0,74.0,12.9,observed,False,0.0,0,none
2025-08-19 11:00:00,15.6,7.4,90.0,9.4,observed,False,7.4,1,moderate
2025-08-19 12:00:00,18.9,0.0,67.0,10.0,observed,False,7.4,0,none
2025-08-19 13:00:00,17.8,1.5,89.0,11.5,observed,False,8.9,1,light
2025-08-19 14:00:00,19.9,0.0,61.0,10.2,observed,False,1.5,0,none
2025-08-19 15:00:00,18.7,1.4,89.0,11.3,observed,False,2.9,1,light
2025-08-19 16:00:00,19.4,0.1,57.0,10.8,observed,False,1.5,1,light
2025-08-19 17:00:00,18.3,9.4,73.0,8.8,observed,False,10.9,1,heavy
2025-08-19 18:00:00,16.6,2.1,95.0,11.5,observed,False,11.6,1,light
2025-08-19 19:00:00,17.8,0.0,68.0,15.5,observed,False,11.5,0,none
2025-08-19 20:00:00,16.8,0.0,75.0,6.2,observed,False,2.1,0,none
2025-08-19 21:00:00,15.7,0.0,71.0,11.5,observed,False,0.0,0,none
2025-08-19 22:00:00,15.8,0.0,66.0,5.5,observed,False,0.0,0,none
2025-08-19 23:00:00,14.6,0.0,77.0,19.5,observed,False,0.0,0,none
2025-08-20 00:00:00,13.4,0.0,84.0,30.4,observed,False,0.0,0,none
2025-08-20 01:00:00,12.6,0.0,87.0,13.8,observed,False,0.0,0,none
2025-08-20 02:00:00,11.1,0.0,83.0,8.7,observed,False,0.0,0,none
2025-08-20 03:00:00,11.9,0.0,88.0,12.4,observed,False,0.0,0,none
2025-08-20 04:00:00,11.6,0.0,93.0,12.3,observed,False,0.0,0,none
2025-08-20 05:00:00,11.1,0.0,93.0,10.6,observed,False,0.0,0,none
2025-08-20 06:00:00,12.9,0.0,91.0,9.5,observed,False,0.0,0,none
2025-08-20 07:00:00,13.7,0.0,85.0,12.1,observed,False,0.0,0,none
2025-08-20 08:00:00,14.5,0.0,79.0,3.9,observed,False,0.0,0,none
2025-08-20 09:00:00,16.0,0.0,75.0,8.5,observed,False,0.0,0,none
2025-08-20 10:00:00,17.2,0.0,70.0,9.3,observed,False,0.0,0,none
2025-08-20 11:00:00,17.3,0.0,77.0,12.9,observed,False,0.0,0,none
2025-08-20 12:00:00,19.0,0.0,61.0,6.8,observed,False,0.0,0,none
2025-08-20 13:00:00,20.0,0.0,69.0,12.9,observed,False,0.0,0,none
2025-08-20 14:00:00,18.0,4.6,79.0,7.8,observed,False,4.6,1,moderate
2025-08-20 15:00:00,20.8,0.0,67.0,8.5,observed,False,4.6,0,none
2025-08-20 16:00:00,16.9,3.2,84.0,13.5,observed,False,7.8,1,moderate
2025-08-20 17:00:00,17.7,2.4,85.0,8.2,observed,False,5.6,1,light
2025-08-20 18:00:00,19.4,0.0,68.0,11.9,observed,False,5.6,0,none
2025-08-20 19:00:00,17.6,0.0,63.0,10.3,observed,False,2.4,0,none
2025-08-20 20:00:00,18.3,0.0,78.0,6.2,observed,False,0.0,0,none
2025-08-20 21:00:00,16.2,0.0,74.0,15.2,observed,False,0.0,0,none
2025-08-20 22:00:00,14.149999999999999,0.0,79.0,7.6,observed,False,0.0,0,none
2025-08-20 23:00:00,13.6,0.0,76.0,12.8,observed,False,0.0,0,none
2025-08-21 00:00:00,12.2,0.0,77.0,11.5,observed,False,0.0,0,none
2025-08-21 01:00:00,12.4,0.0,88.0,10.5,observed,False,0.0,0,none
2025-08-21 02:00:00,12.2,0.0,81.0,9.6,observed,True,0.0,0,none
2025-08-21 03:00:00,12.0,0.0,86.0,12.5,observed,False,0.0,0,none
2025-08-21 04:00:00,12.2,0.0,82.0,14.0,observed,False,0.0,0,none
2025-08-21 05:00:00,12.9,0.0,82.0,18.4,observed,False,0.0,0,none
2025-08-21 06:00:00,13.0,0.0,86.0,12.1,observed,False,0.0,0,none
2025-08-21 07:00:00,13.6,0.0,68.0,20.4,observed,False,0.0,0,none
2025-08-21 08:00:00,15.2,0.0,77.0,6.3,observed,False,0.0,0,none
2025-08-21 09:00:00,15.6,0.0,85.0,12.7,observed,False,0.0,0,none
2025-08-21 10:00:00,17.4,0.0,80.0,9.6,observed,False,0.0,0,none
2025-08-21 11:00:00,15.3,8.1,89.0,11.2,observed,False,8.1,1,heavy
2025-08-21 12:00:00,18.5,0.0,65.0,12.1,observed,False,8.1,0,none
2025-08-21 13:00:00,17.7,0.6,82.0,6.8,observed,False,8.7,1,light
2025-08-21 14:00:00,19.4,0.0,68.0,8.4,observed,False,0.6,0,none
2025-08-21 15:00:00,20.1,0.0,60.0,15.3,observed,False,0.6,0,none
2025-08-21 16:00:00,20.1,0.0,65.0,5.8,observed,False,0.0,0,none
2025-08-21 17:00:00,17.5,3.1,90.0,10.6,observed,False,3.1,1,moderate
2025-08-21 18:00:00,18.5,0.0,74.0,10.4,observed,False,3.1,0,none
2025-08-21 19:00:00,15.2,2.7,83.0,7.0,observed,False,5.800000000000001,1,moderate
2025-08-21 20:00:00,14.9,4.7,92.0,6.3,observed,False,7.4,1,moderate
2025-08-21 21:00:00,16.8,0.0,63.0,16.8,observed,False,7.4,0,none
2025-08-21 22:00:00,11.8,3.9,92.0,12.4,observed,False,8.6,1,moderate
2025-08-21 23:00:00,13.9,0.0,87.0,10.2,observed,False,3.9,0,none
2025-08-22 00:00:00,12.6,0.0,82.0,23.4,observed,False,3.9,0,none
2025-08-22 01:00:00,13.0,0.0,82.0,5.4,observed,False,0.0,0,none
2025-08-22 02:00:00,12.4,0.0,84.0,6.2,observed,False,0.0,0,none
2025-08-22 03:00:00,12.2,0.0,90.0,15.6,observed,False,0.0,0,none
2025-08-22 04:00:00,12.2,0.0,86.0,6.5,observed,False,0.0,0,none
2025-08-22 05:00:00,11.7,0.0,83.0,8.6,observed,False,0.0,0,none
2025-08-22 06:00:00,13.0,0.0,88.0,5.3,observed,False,0.0,0,none
2025-08-22 07:00:00,13.6,0.0,90.0,4.0,observed,False,0.0,0,none
2025-08-22 08:00:00,14.3,0.0,79.0,11.6,observed,False,0.0,0,none
2025-08-22 09:00:00,15.8,0.0,68.0,14.0,observed,False,0.0,0,none
2025-08-22 10:00:00,17.1,0.0,73.0,14.3,observed,False,0.0,0,none
2025-08-22 11:00:00,17.6,0.0,77.0,4.8,observed,False,0.0,0,none
2025-08-22 12:00:00,19.6,0.0,61.0,8.2,observed,False,0.0,0,none
2025-08-22 13:00:00,19.5,0.0,64.0,9.2,observed,False,0.0,0,none
2025-08-22 14:00:00,17.7,2.3,91.0,13.8,observed,False,2.3,1,light
2025-08-22 15:00:00,19.9,0.0,73.0,9.7,observed,False,2.3,0,none
2025-08-22 16:00:00,17.8,0.9,89.0,22.1,observed,False,3.1999999999999997,1,light
2025-08-22 17:00:00,19.7,0.0,57.0,4.7,observed,False,0.9,0,none
2025-08-22 18:00:00,18.1,0.0,67.0,4.9,observed,False,0.9,0,none
2025-08-22 19:00:00,17.3,0.0,77.0,15.2,observed,False,0.0,0,none
2025-08-22 20:00:00,16.5,0.0,81.0,5.3,observed,False,0.0,0,none
2025-08-22 21:00:00,15.7,0.0,72.0,5.9,observed,False,0.0,0,none
2025-08-22 22:00:00,15.1,0.0,76.0,12.9,observed,False,0.0,0,none
2025-08-22 23:00:00,13.5,0.0,75.0,16.2,observed,False,0.0,0,none
2025-08-23 00:00:00,11.0,0.0,92.0,11.6,observed,False,0.0,0,none
2025-08-23 01:00:00,12.1,0.0,89.0,6.3,observed,False,0.0,0,none
2025-08-23 02:00:00,10.9,0.0,86.0,11.9,observed,False,0.0,0,none
2025-08-23 03:00:00,10.4,0.0,86.0,6.2,observed,False,0.0,0,none
2025-08-23 04:00:00,11.3,0.0,88.0,13.2,observed,False,0.0,0,none
2025-08-23 05:00:00,11.1,0.0,98.0,13.5,observed,False,0.0,0,none
2025-08-23 06:00:00,12.2,0.0,83.0,9.4,observed,False,0.0,0,none
2025-08-23 07:00:00,13.5,0.0,79.0,10.4,observed,False,0.0,0,none
2025-08-23 08:00:00,13.6,0.0,83.0,21.0,observed,False,0.0,0,none
2025-08-23 09:00:00,14.6,0.0,72.0,15.2,observed,False,0.0,0,none
2025-08-23 10:00:00,17.2,0.0,65.0,13.2,observed,False,0.0,0,none
2025-08-23 11:00:00,17.7,0.0,75.0,8.7,observed,False,0.0,0,none
2025-08-23 12:00:00,18.4,0.0,67.0,9.4,observed,False,0.0,0,none
2025-08-23 13:00:00,19.1,0.0,68.0,11.8,observed,False,0.0,0,none
2025-08-23 14:00:00,17.2,4.6,87.0,13.0,observed,False,4.6,1,moderate
2025-08-23 15:00:00,18.2,1.0,80.0,5.6,observed,False,5.6,1,light
2025-08-23 16:00:00,16.3,2.8,92.0,9.8,observed,False,8.399999999999999,1,moderate
2025-08-23 17:00:00,16.0,6.2,80.0,13.0,observed,False,10.0,1,moderate
2025-08-23 18:00:00,18.2,0.0,69.0,16.1,observed,False,9.0,0,none
2025-08-23 19:00:00,15.3,8.8,90.0,8.0,observed,False,15.0,1,heavy
2025-08-23 20:00:00,14.3,2.9,93.0,10.7,observed,False,11.700000000000001,1,moderate
2025-08-23 21:00:00,15.9,0.0,73.0,14.7,observed,False,11.7,0,none
2025-08-23 22:00:00,12.5,1.0,95.0,9.8,observed,False,3.899999999999998,1,light
2025-08-23 23:00:00,13.6,0.0,79.0,17.7,observed,False,0.9999999999999982,0,none
2025-08-24 00:00:00,13.4,0.0,79.0,4.9,observed,False,0.9999999999999982,0,none
2025-08-24 01:00:00,12.6,0.0,82.0,9.4,observed,False,0.0,0,none
2025-08-24 02:00:00,11.6,0.0,86.0,6.2,observed,False,0.0,0,none
2025-08-24 03:00:00,11.6,0.0,85.0,7.3,observed,False,0.0,0,none
2025-08-24 04:00:00,12.1,0.0,77.0,9.2,observed,False,0.0,0,none
2025-08-24 05:00:00,11.8,0.0,84.0,13.3,observed,False,0.0,0,none
2025-08-24 06:00:00,12.5,0.0,79.0,10.2,observed,False,0.0,0,none
2025-08-24 07:00:00,13.3,0.0,84.0,3.3,observed,False,0.0,0,none
2025-08-24 08:00:00,14.4,0.0,88.0,8.9,observed,False,0.0,0,none
2025-08-24 09:00:00,15.5,0.0,77.0,18.0,observed,False,0.0,0,none
2025-08-24 10:00:00,16.9,0.0,69.0,11.0,observed,False,0.0,0,none
2025-08-24 11:00:00,16.8,0.0,68.0,9.2,observed,False,0.0,0,none
2025-08-24 12:00:00,19.3,0.0,71.0,10.4,observed,False,0.0,0,none
2025-08-24 13:00:00,18.2,0.0,67.0,7.3,observed,False,0.0,0,none
2025-08-24 14:00:00,19.6,0.0,73.0,10.0,observed,False,0.0,0,none
2025-08-24 15:00:00,17.8,0.7,73.0,4.8,observed,False,0.6999999999999982,1,light
2025-08-24 16:00:00,18.9,0.0,73.0,14.1,observed,False,0.6999999999999982,0,none
2025-08-24 17:00:00,19.6,0.0,69.0,11.4,observed,False,0.6999999999999982,0,none
2025-08-24 18:00:00,19.2,0.0,74.0,14.9,observed,False,0.0,0,none
2025-08-24 19:00:00,17.3,0.0,69.0,8.6,observed,False,0.0,0,none
2025-08-24 20:00:00,15.4,0.0,78.0,9.6,observed,False,0.0,0,none
2025-08-24 21:00:00,12.7,6.6,95.0,8.3,observed,False,6.599999999999998,1,moderate
2025-08-24 22:00:00,13.9,0.0,87.0,18.7,observed,False,6.599999999999998,0,none
2025-08-24 23:00:00,13.3,0.0,79.0,9.4,observed,False,6.599999999999998,0,none
2025-08-25 00:00:00,13.9,0.0,77.0,13.3,observed,False,0.0,0,none
2025-08-25 01:00:00,11.5,0.0,78.0,9.8,observed,False,0.0,0,none
2025-08-25 02:00:00,12.3,0.0,78.0,8.5,observed,False,0.0,0,none
2025-08-25 03:00:00,11.8,0.0,80.0,3.4,observed,False,0.0,0,none
2025-08-25 04:00:00,11.0,0.0,78.0,8.2,observed,False,0.0,0,none
2025-08-25 05:00:00,11.9,0.0,88.0,6.1,observed,False,0.0,0,none
2025-08-25 06:00:00,13.4,0.0,68.0,16.5,observed,False,0.0,0,none
2025-08-25 07:00:00,13.0,0.0,83.0,8.2,observed,False,0.0,0,none
2025-08-25 08:00:00,15.4,0.0,65.0,13.0,observed,False,0.0,0,none
2025-08-25 09:00:00,15.9,0.0,78.0,15.4,observed,False,0.0,0,none
2025-08-25 10:00:00,16.7,0.0,78.0,10.0,observed,False,0.0,0,none
2025-08-25 11:00:00,18.0,0.0,71.0,14.2,observed,False,0.0,0,none
2025-08-25 12:00:00,19.5,0.0,69.0,11.5,observed,False,0.0,0,none
2025-08-25 13:00:00,19.3,0.0,59.0,19.0,observed,False,0.0,0,none
2025-08-25 14:00:00,17.7,4.9,86.0,10.0,observed,False,4.899999999999999,1,moderate
2025-08-25 15:00:00,19.3,0.0,74.0,4.4,observed,False,4.899999999999999,0,none
2025-08-25 16:00:00,18.3,0.6,74.0,3.2,observed,False,5.499999999999998,1,light
2025-08-25 17:00:00,17.2,0.7,94.0,6.0,observed,False,1.299999999999998,1,light
2025-08-25 18:00:00,18.3,0.0,68.0,9.7,observed,False,1.299999999999998,0,none
2025-08-25 19:00:00,18.4,0.0,64.0,12.1,observed,False,0.6999999999999982,0,none
2025-08-25 20:00:00,17.1,0.0,73.0,13.4,observed,False,0.0,0,none
2025-08-25 21:00:00,14.3,0.0,74.0,7.9,observed,False,0.0,0,none
2025-08-25 22:00:00,14.4,0.0,84.0,9.7,observed,False,0.0,0,none
2025-08-25 23:00:00,13.2,0.0,85.0,6.7,observed,False,0.0,0,none
2025-08-26 00:00:00,14.0,0.0,76.0,10.0,observed,False,0.0,0,none
2025-08-26 01:00:00,13.2,0.0,76.0,14.2,observed,False,0.0,0,none
2025-08-26 02:00:00,11.8,0.0,77.0,12.5,observed,False,0.0,0,none
2025-08-26 03:00:00,13.2,0.0,80.0,14.0,observed,False,0.0,0,none
2025-08-26 04:00:00,12.7,0.0,83.0,13.5,observed,False,0.0,0,none
2025-08-26 05:00:00,13.2,0.0,81.0,7.1,observed,False,0.0,0,none
2025-08-26 06:00:00,13.5,0.0,78.0,5.3,observed,False,0.0,0,none
2025-08-26 07:00:00,14.7,0.0,73.0,13.5,observed,False,0.0,0,none
2025-08-26 08:00:00,16.3,0.0,70.0,7.1,observed,False,0.0,0,none
2025-08-26 09:00:00,16.3,0.0,77.0,9.0,observed,False,0.0,0,none
2025-08-26 10:00:00,17.5,0.0,65.0,15.4,observed,False,0.0,0,none
2025-08-26 11:00:00,18.0,0.0,69.0,10.1,observed,False,0.0,0,none
2025-08-26 12:00:00,19.1,0.0,67.0,7.6,observed,False,0.0,0,none
2025-08-26 13:00:00,20.1,0.0,58.0,9.4,observed,False,0.0,0,none
2025-08-26 14:00:00,22.3,0.0,59.0,9.9,observed,False,0.0,0,none
2025-08-26 15:00:00,18.9,9.6,80.0,9.2,observed,False,9.599999999999998,1,heavy
2025-08-26 16:00:00,20.9,0.0,70.0,4.0,observed,False,9.599999999999998,0,none
2025-08-26 17:00:00,20.6,0.0,71.0,6.2,observed,False,9.599999999999998,0,none
2025-08-26 18:00:00,17.2,3.2,87.0,10.3,observed,False,3.1999999999999984,1,moderate
2025-08-26 19:00:00,17.8,0.1,74.0,12.7,observed,False,3.2999999999999985,1,light
2025-08-26 20:00:00,17.2,0.0,71.0,8.5,observed,False,3.2999999999999985,0,none
2025-08-26 21:00:00,17.3,0.1,75.0,22.0,observed,False,0.19999999999999823,1,light
2025-08-26 22:00:00,16.4,0.0,73.0,8.3,observed,False,0.09999999999999823,0,none
2025-08-26 23:00:00,15.5,0.0,91.0,7.2,observed,False,0.09999999999999823,0,none
2025-08-27 00:00:00,16.0,0.0,84.0,13.4,observed,False,0.0,0,none
2025-08-27 01:00:00,15.6,0.0,76.0,10.2,observed,False,0.0,0,none
2025-08-27 02:00:00,13.8,0.0,76.0,12.7,observed,False,0.0,0,none
2025-08-27 03:00:00,13.6,0.0,85.0,8.6,observed,False,0.0,0,none
2025-08-27 04:00:00,15.2,0.0,74.0,11.1,observed,False,0.0,0,none
2025-08-27 05:00:00,14.8,0.0,78.0,12.7,observed,False,0.0,0,none
2025-08-27 06:00:00,15.1,0.0,77.0,9.0,observed,False,0.0,0,none
2025-08-27 07:00:00,16.2,0.0,71.0,7.4,observed,False,0.0,0,none
2025-08-27 08:00:00,16.9,0.0,64.0,7.2,observed,False,0.0,0,none
2025-08-27 09:00:00,17.7,0.0,71.0,26.5,observed,False,0.0,0,none
2025-08-27 10:00:00,19.7,0.0,57.0,10.0,observed,False,0.0,0,none
2025-08-27 11:00:00,17.5,2.4,88.0,20.6,observed,False,2.399999999999998,1,light
2025-08-27 12:00:00,19.8,5.2,81.0,9.5,observed,False,7.599999999999998,1,moderate
2025-08-27 13:00:00,21.9,0.0,58.0,14.1,observed,False,7.599999999999999,0,none
2025-08-27 14:00:00,22.6,0.0,58.0,12.0,observed,False,5.199999999999999,0,none
2025-08-27 15:00:00,23.2,0.0,60.0,12.9,observed,False,0.0,0,none
2025-08-27 16:00:00,21.7,0.6,74.0,18.4,observed,False,0.5999999999999982,1,light
2025-08-27 17:00:00,21.9,0.0,61.0,11.1,observed,False,0.5999999999999982,0,none
2025-08-27 18:00:00,19.6,1.7,70.0,10.8,observed,False,2.299999999999998,1,light
2025-08-27 19:00:00,20.4,0.0,63.0,14.0,observed,False,1.6999999999999982,0,none
2025-08-27 20:00:00,19.4,0.0,63.0,8.3,observed,False,1.6999999999999984,0,none
2025-08-27 21:00:00,18.9,0.0,63.0,4.3,observed,False,0.0,0,none
2025-08-27 22:00:00,17.8,0.0,70.0,15.4,observed,False,0.0,0,none
2025-08-27 23:00:00,16.2,0.0,78.0,19.2,observed,False,0.0,0,none
2025-08-28 00:00:00,15.0,0.0,75.0,14.7,observed,False,0.0,0,none
2025-08-28 01:00:00,13.5,0.0,76.0,16.6,observed,False,0.0,0,none
2025-08-28 02:00:00,13.7,0.0,79.0,6.3,observed,False,0.0,0,none
2025-08-28 03:00:00,14.0,0.0,80.0,12.3,observed,False,0.0,0,none
2025-08-28 04:00:00,13.5,0.0,84.0,9.7,observed,False,0.0,0,none
2025-08-28 05:00:00,15.3,0.0,82.0,13.0,observed,False,0.0,0,none
2025-08-28 06:00:00,14.2,0.0,74.0,14.8,observed,False,0.0,0,none
2025-08-28 07:00:00,14.2,0.0,82.0,11.0,observed,False,0.0,0,none
2025-08-28 08:00:00,16.5,0.0,78.0,14.6,observed,False,0.0,0,none
2025-08-28 09:00:00,17.6,0.0,69.0,13.5,observed,False,0.0,0,none
2025-08-28 10:00:00,18.3,0.0,65.0,10.6,observed,False,0.0,0,none
2025-08-28 11:00:00,18.8,0.0,60.0,9.3,observed,False,0.0,0,none
2025-08-28 12:00:00,20.4,0.0,61.0,4.6,observed,True,0.0,0,none
2025-08-28 13:00:00,20.6,0.0,65.0,22.9,observed,False,0.0,0,none
2025-08-28 14:00:00,22.3,0.0,59.0,7.2,observed,False,0.0,0,none
2025-08-28 15:00:00,22.7,0.0,56.0,13.0,observed,False,0.0,0,none
2025-08-28 16:00:00,22.0,0.0,65.0,8.7,observed,False,0.0,0,none
2025-08-28 17:00:00,20.8,0.0,51.0,14.5,observed,False,0.0,0,none
2025-08-28 18:00:00,19.8,0.0,65.0,7.1,observed,False,0.0,0,none
2025-08-28 19:00:00,20.6,0.0,66.0,7.2,observed,False,0.0,0,none
2025-08-28 20:00:00,18.5,0.0,62.0,12.2,observed,False,0.0,0,none
2025-08-28 21:00:00,17.05,0.0,68.0,8.1,observed,False,0.0,0,none
2025-08-28 22:00:00,16.9,0.0,72.0,7.2,observed,False,0.0,0,none
2025-08-28 23:00:00,15.4,0.0,75.0,12.4,observed,False,0.0,0,none
2025-08-29 00:00:00,16.0,0.0,79.0,12.1,observed,False,0.0,0,none
2025-08-29 01:00:00,15.3,0.0,79.0,15.0,observed,False,0.0,0,none
2025-08-29 02:00:00,14.4,0.0,85.0,5.7,observed,False,0.0,0,none
2025-08-29 03:00:00,14.4,0.0,70.0,18.5,observed,False,0.0,0,none
2025-08-29 04:00:00,14.3,0.0,77.0,12.9,observed,False,0.0,0,none
2025-08-29 05:00:00,15.2,0.0,91.0,12.0,observed,False,0.0,0,none
2025-08-29 06:00:00,16.3,0.0,70.0,12.5,observed,False,0.0,0,none
2025-08-29 07:00:00,15.9,0.0,79.0,10.6,observed,False,0.0,0,none
2025-08-29 08:00:00,17.1,0.0,74.0,10.4,observed,False,0.0,0,none
2025-08-29 09:00:00,17.6,0.0,73.0,7.2,observed,False,0.0,0,none
2025-08-29 10:00:00,19.6,0.0,69.0,8.6,observed,False,0.0,0,none
2025-08-29 11:00:00,20.8,0.0,67.0,11.7,observed,False,0.0,0,none
2025-08-29 12:00:00,22.4,0.0,64.0,8.0,observed,False,0.0,0,none
2025-08-29 13:00:00,20.9,4.2,78.0,9.9,observed,False,4.199999999999998,1,moderate
2025-08-29 14:00:00,22.5,0.0,58.0,8.5,observed,False,4.199999999999998,0,none
2025-08-29 15:00:00,19.9,2.5,73.0,7.9,observed,False,6.699999999999998,1,light
2025-08-29 16:00:00,23.2,0.0,58.0,10.2,observed,False,2.4999999999999982,0,none
2025-08-29 17:00:00,22.3,0.0,60.0,6.4,observed,False,2.4999999999999982,0,none
2025-08-29 18:00:00,22.2,0.0,65.0,17.1,observed,False,0.0,0,none
2025-08-29 19:00:00,21.1,0.0,63.0,7.1,observed,False,0.0,0,none
2025-08-29 20:00:00,19.3,0.0,59.0,8.0,observed,False,0.0,0,none
2025-08-29 21:00:00,18.5,0.0,63.0,14.3,observed,False,0.0,0,none
2025-08-29 22:00:00,18.4,0.0,75.0,8.3,observed,False,0.0,0,none
2025-08-29 23:00:00,15.8,0.0,79.0,12.3,observed,False,0.0,0,none
2025-08-30 00:00:00,15.4,0.0,68.0,12.8,observed,False,0.0,0,none
2025-08-30 01:00:00,15.6,0.0,83.0,22.9,observed,False,0.0,0,none
2025-08-30 02:00:00,15.549999999999999,0.0,88.0,17.9,observed,True,0.0,0,none
2025-08-30 03:00:00,15.5,0.0,93.0,12.9,observed,False,0.0,0,none
2025-08-30 04:00:00,15.7,0.0,79.0,16.1,observed,False,0.0,0,none
2025-08-30 05:00:00,15.7,0.0,74.0,12.1,observed,False,0.0,0,none
2025-08-30 06:00:00,16.8,0.0,73.0,8.9,observed,False,0.0,0,none
2025-08-30 07:00:00,17.4,0.0,68.0,8.1,observed,False,0.0,0,none
2025-08-30 08:00:00,19.0,0.0,68.0,11.6,observed,False,0.0,0,none
2025-08-30 09:00:00,19.5,0.0,61.0,11.8,observed,False,0.0,0,none
2025-08-30 10:00:00,19.6,0.0,62.0,7.6,observed,False,0.0,0,none
2025-08-30 11:00:00,21.6,0.0,57.0,6.8,observed,False,0.0,0,none
2025-08-30 12:00:00,22.0,0.0,50.0,12.9,observed,False,0.0,0,none
2025-08-30 13:00:00,22.0,0.0,54.0,9.2,observed,False,0.0,0,none
2025-08-30 14:00:00,22.8,0.0,67.0,11.7,observed,False,0.0,0,none
2025-08-30 15:00:00,24.0,0.5,56.0,15.5,observed,False,0.4999999999999982,1,light
2025-08-30 16:00:00,23.4,0.0,49.0,9.0,observed,False,0.4999999999999982,0,none
2025-08-30 17:00:00,22.825,0.0,56.5,8.5,observed,True,0.4999999999999982,0,none
2025-08-30 18:00:00,22.25,0.0,64.0,8.0,observed,False,0.0,0,none
2025-08-30 19:00:00,22.1,0.0,64.0,9.3,observed,False,0.0,0,none
2025-08-30 20:00:00,17.1,2.3,92.0,22.3,observed,False,2.299999999999998,1,light
2025-08-30 21:00:00,19.8,0.0,57.0,12.3,observed,False,2.299999999999998,0,none
2025-08-30 22:00:00,18.0,0.0,71.0,6.3,observed,False,2.299999999999998,0,none
2025-08-30 23:00:00,17.5,0.0,78.0,6.0,observed,False,0.0,0,none
2025-08-31 00:00:00,16.4,0.0,67.0,8.2,observed,False,0.0,0,none
2025-08-31 01:00:00,15.0,0.0,75.0,4.4,observed,False,0.0,0,none
2025-08-31 02:00:00,14.2,0.0,80.0,12.8,observed,False,0.0,0,none
2025-08-31 03:00:00,14.3,0.0,73.0,13.7,observed,False,0.0,0,none
2025-08-31 04:00:00,13.9,0.0,83.0,14.7,observed,False,0.0,0,none
2025-08-31 05:00:00,14.4,0.0,75.0,12.9,observed,False,0.0,0,none
2025-08-31 06:00:00,16.1,0.0,73.0,10.3,observed,False,0.0,0,none
2025-08-31 07:00:00,16.1,0.0,75.0,15.9,observed,False,0.0,0,none
2025-08-31 08:00:00,17.9,0.0,75.0,17.7,observed,False,0.0,0,none
2025-08-31 09:00:00,18.2,0.0,74.0,9.0,observed,False,0.0,0,none
2025-08-31 10:00:00,20.3,0.0,75.0,19.3,observed,False,0.0,0,none
2025-08-31 11:00:00,21.4,0.0,59.0,11.3,observed,False,0.0,0,none
2025-08-31 12:00:00,21.6,0.0,62.0,6.2,observed,False,0.0,0,none
2025-08-31 13:00:00,19.4,2.1,83.0,9.1,observed,False,2.0999999999999983,1,light
2025-08-31 14:00:00,22.7,0.0,57.0,10.7,observed,False,2.0999999999999983,0,none
2025-08-31 15:00:00,22.4,0.0,55.0,6.7,observed,False,2.0999999999999983,0,none
2025-08-31 16:00:00,23.5,0.0,56.0,7.6,observed,False,0.0,0,none
2025-08-31 17:00:00,22.1,0.0,52.0,14.8,observed,False,0.0,0,none
2025-08-31 18:00:00,19.6,14.9,89.0,7.0,observed,False,14.899999999999999,1,heavy
2025-08-31 19:00:00,17.8,1.0,77.0,7.8,observed,False,15.899999999999999,1,light
2025-08-31 20:00:00,18.2,0.3,78.0,7.0,observed,False,16.2,1,light
2025-08-31 21:00:00,18.3,0.0,68.0,5.9,observed,False,1.2999999999999983,0,none
2025-08-31 22:00:00,13.6,4.5,100.0,10.0,observed,False,4.799999999999998,1,moderate
2025-08-31 23:00:00,15.5,0.0,74.0,5.0,observed,False,4.499999999999998,0,none
2025-09-01 00:00:00,14.2,0.0,74.0,5.7,observed,False,4.499999999999998,0,none
2025-09-01 01:00:00,14.0,0.0,86.0,6.4,observed,False,0.0,0,none
2025-09-01 02:00:00,13.4,0.0,80.0,10.4,observed,False,0.0,0,none
2025-09-01 03:00:00,12.6,0.0,87.0,17.6,observed,False,0.0,0,none
2025-09-01 04:00:00,14.3,0.0,73.0,6.9,observed,False,0.0,0,none
2025-09-01 05:00:00,13.5,0.0,78.0,13.3,observed,False,0.0,0,none
2025-09-01 06:00:00,13.7,0.0,75.0,6.1,observed,False,0.0,0,none
2025-09-01 07:00:00,15.4,0.0,67.0,7.2,observed,False,0.0,0,none
2025-09-01 08:00:00,17.1,0.0,67.0,11.5,observed,False,0.0,0,none
2025-09-01 09:00:00,16.3,0.0,75.0,8.5,observed,False,0.0,0,none
2025-09-01 10:00:00,17.8,0.0,74.0,16.9,observed,False,0.0,0,none
2025-09-01 11:00:00,19.0,0.0,64.0,16.1,observed,False,0.0,0,none
2025-09-01 12:00:00,20.0,0.0,69.0,15.4,observed,False,0.0,0,none
2025-09-01 13:00:00,21.8,0.0,60.0,11.8,observed,False,0.0,0,none
2025-09-01 14:00:00,21.3,0.0,53.0,5.6,observed,False,0.0,0,none
2025-09-01 15:00:00,20.6,0.0,67.0,8.7,observed,False,0.0,0,none
2025-09-01 16:00:00,21.2,0.0,70.0,8.9,observed,False,0.0,0,none
2025-09-01 17:00:00,21.4,0.0,61.0,7.7,observed,False,0.0,0,none
2025-09-01 18:00:00,19.8,0.0,56.0,7.9,observed,False,0.0,0,none
2025-09-01 19:00:00,18.9,0.0,66.0,12.0,observed,False,0.0,0,none
2025-09-01 20:00:00,17.9,0.0,73.5,13.6,observed,True,0.0,0,none
2025-09-01 21:00:00,16.9,0.0,81.0,15.2,observed,False,0.0,0,none
2025-09-01 22:00:00,17.0,0.0,72.0,9.1,observed,False,0.0,0,none
2025-09-01 23:00:00,14.8,0.0,78.0,8.0,observed,False,0.0,0,none
2025-09-02 00:00:00,13.9,0.0,75.0,6.8,observed,False,0.0,0,none
2025-09-02 01:00:00,14.1,0.0,74.0,6.1,observed,False,0.0,0,none
2025-09-02 02:00:00,12.6,0.0,86.0,13.6,observed,False,0.0,0,none
2025-09-02 03:00:00,13.7,0.0,85.0,8.8,observed,False,0.0,0,none
2025-09-02 04:00:00,13.0,0.0,90.0,5.2,observed,False,0.0,0,none
2025-09-02 05:00:00,13.3,0.0,83.0,7.3,observed,False,0.0,0,none
2025-09-02 06:00:00,14.8,0.0,80.0,22.7,observed,False,0.0,0,none
2025-09-02 07:00:00,15.4,0.0,71.0,8.2,observed,False,0.0,0,none
2025-09-02 08:00:00,16.6,0.0,70.0,14.1,observed,False,0.0,0,none
2025-09-02 09:00:00,17.3,0.0,69.0,7.0,observed,False,0.0,0,none
2025-09-02 10:00:00,18.3,0.0,73.5,19.5,observed,False,0.0,0,none
2025-09-02 11:00:00,19.0,0.0,78.0,9.2,observed,False,0.0,0,none
2025-09-02 12:00:00,20.150000000000002,0.0,65.5,11.0,observed,True,0.0,0,none
2025-09-02 13:00:00,21.3,0.0,53.0,12.8,observed,False,0.0,0,none
2025-09-02 14:00:00,21.1,0.0,64.0,15.1,observed,False,0.0,0,none
2025-09-02 15:00:00,21.1,0.0,63.0,8.3,observed,False,0.0,0,none
2025-09-02 16:00:00,21.3,0.0,57.0,14.3,observed,False,0.0,0,none
2025-09-02 17:00:00,22.0,0.0,58.0,10.2,observed,False,0.0,0,none
2025-09-02 18:00:00,20.6,0.0,61.0,11.9,observed,False,0.0,0,none
2025-09-02 19:00:00,19.3,0.0,76.0,17.3,observed,False,0.0,0,none
2025-09-02 20:00:00,17.7,0.0,69.0,11.1,observed,False,0.0,0,none
2025-09-02 21:00:00,17.5,0.0,69.40625,11.040625,observed,True,0.0,0,none
2025-09-02 22:00:00,17.3,0.0,69.8125,10.98125,observed,True,0.0,0,none
2025-09-02 23:00:00,17.099999999999998,0.0,70.21875,10.921875,observed,True,0.0,0,none
2025-09-03 00:00:00,16.9,0.0,70.625,10.862499999999999,observed,True,0.0,0,none
2025-09-03 01:00:00,16.7,0.0,71.03125,10.803125,observed,True,0.0,0,none
2025-09-03 02:00:00,16.5,0.0,71.4375,10.74375,observed,True,0.0,0,none
2025-09-03 03:00:00,11.843472680601392,0.0,84.22253162816281,10.598380775577557,observed,True,0.0,0,none
2025-09-03 04:00:00,11.976622662266227,0.0,84.24257425742574,11.008910891089108,observed,True,0.0,0,none
2025-09-03 05:00:00,12.515511551155114,0.0,82.83828382838284,11.14026402640264,observed,True,0.0,0,none
2025-09-03 06:00:00,13.406215621562156,0.0,80.68481848184818,10.875742574257426,observed,True,0.0,0,none
2025-09-03 07:00:00,14.513348001466815,0.0,77.9075907590759,10.711551155115512,observed,True,0.0,0,none
2025-09-03 08:00:00,15.824752475247523,0.0,74.99009900990099,11.12095709570957,observed,True,0.0,0,none
2025-09-03 09:00:00,17.193480014668133,0.0,71.386798679868,11.083003300330033,observed,True,0.0,0,none
2025-09-03 10:00:00,18.53068940227356,0.0,68.25049504950495,10.9493399339934,observed,True,0.0,0,none
2025-09-03 11:00:00,19.748261826182617,0.0,66.55973597359736,11.137293729372937,observed,True,0.0,0,none
2025-09-03 12:00:00,20.85965529886322,0.0,63.9036303630363,10.815841584158415,observed,True,0.0,0,none
2025-09-03 13:00:00,21.58722038870554,0.0,62.68976897689769,10.787788778877887,observed,True,0.0,0,none
2025-09-03 14:00:00,22.07903190319032,0.0,62.18877887788779,11.044884488448844,observed,True,0.0,0,none
2025-09-03 15:00:00,22.201756508984232,0.0,61.43366336633664,10.974257425742573,observed,True,0.0,0,none
2025-09-03 16:00:00,21.954899156582325,0.0,63.13619361936193,10.813201320132013,observed,True,0.0,0,none
2025-09-03 17:00:00,21.468318665199856,0.0,64.32717271727174,10.473707370737074,observed,True,0.0,0,none
2025-09-03 18:00:00,20.546644664466445,0.0,66.46094609460947,10.864741474147415,observed,True,0.0,0,none
2025-09-03 19:00:00,19.48252658599193,0.0,68.3899889988999,10.658690869086909,observed,True,0.0,0,none
2025-09-03 20:00:00,18.299147414741473,0.0,71.01375137513752,10.971507150715071,observed,True,0.0,0,none
2025-09-03 21:00:00,17.047158049138247,0.0,72.74721534653466,10.61812087458746,observed,True,0.0,0,none
2025-09-03 22:00:00,12.5,0.0,79.5625,9.556249999999999,observed,True,0.0,0,none
2025-09-03 23:00:00,12.3,0.0,79.96875,9.496875,observed,True,0.0,0,none
2025-09-04 00:00:00,12.100000000000001,0.0,80.375,9.4375,observed,True,0.0,0,none
2025-09-04 01:00:00,11.9,0.0,80.78125,9.378124999999999,observed,True,0.0,0,none
2025-09-04 02:00:00,11.700000000000001,0.0,81.1875,9.31875,observed,True,0.0,0,none
2025-09-04 03:00:00,11.500000000000002,0.0,81.59375,9.259374999999999,observed,True,0.0,0,none
2025-09-04 04:00:00,11.3,0.0,82.0,9.2,observed,False,0.0,0,none
2025-09-04 05:00:00,12.0,0.0,88.0,8.4,observed,False,0.0,0,none
2025-09-04 06:00:00,12.3,0.0,81.0,8.2,observed,False,0.0,0,none
2025-09-04 07:00:00,13.9,0.0,74.0,8.4,observed,False,0.0,0,none
2025-09-04 08:00:00,13.7,0.0,80.0,6.8,observed,False,0.0,0,none
2025-09-04 09:00:00,16.3,0.0,74.0,12.5,observed,False,0.0,0,none
2025-09-04 10:00:00,17.5,0.0,60.0,7.7,observed,False,0.0,0,none
2025-09-04 11:00:00,14.5,8.7,100.0,13.5,observed,False,8.699999999999998,1,heavy
2025-09-04 12:00:00,19.1,0.0,64.0,7.1,observed,False,8.699999999999998,0,none
2025-09-04 13:00:00,20.0,0.0,67.0,8.4,observed,False,8.699999999999998,0,none
2025-09-04 14:00:00,19.8,0.0,66.0,15.8,observed,False,0.0,0,none
2025-09-04 15:00:00,17.3,1.3,88.0,19.0,observed,False,1.2999999999999983,1,light
2025-09-04 16:00:00,17.9,0.6,88.0,4.6,observed,False,1.8999999999999981,1,light
2025-09-04 17:00:00,16.4,1.6,86.0,7.1,observed,False,3.4999999999999982,1,light
2025-09-04 18:00:00,15.999999999999998,0.0,79.66666666666667,7.4,observed,True,2.1999999999999984,0,none
2025-09-04 19:00:00,15.6,5.7,73.33333333333333,7.7,observed,False,7.299999999999999,1,moderate
2025-09-04 20:00:00,17.1,0.0,67.0,14.3,observed,False,5.699999999999998,0,none
2025-09-04 21:00:00,14.4,7.7,92.0,9.0,observed,False,13.399999999999999,1,heavy
2025-09-04 22:00:00,14.25,0.0,85.5,8.5,observed,True,7.699999999999998,0,none
2025-09-04 23:00:00,14.1,0.0,79.0,8.0,observed,False,7.699999999999998,0,none
2025-09-05 00:00:00,11.9,0.0,88.0,14.1,observed,False,0.0,0,none
2025-09-05 01:00:00,11.5,0.0,84.0,4.1,observed,False,0.0,0,none
2025-09-05 02:00:00,11.5,0.0,84.0,10.8,observed,True,0.0,0,none
2025-09-05 03:00:00,11.1,0.0,87.0,10.2,observed,False,0.0,0,none
2025-09-05 04:00:00,10.8,0.0,85.0,9.6,observed,False,0.0,0,none
2025-09-05 05:00:00,12.1,0.0,82.0,18.1,observed,False,0.0,0,none
2025-09-05 06:00:00,12.6,0.0,81.0,8.1,observed,False,0.0,0,none
2025-09-05 07:00:00,13.6,0.0,92.0,18.1,observed,False,0.0,0,none
2025-09-05 08:00:00,14.5,0.0,87.0,8.0,observed,False,0.0,0,none
2025-09-05 09:00:00,15.2,0.0,77.0,16.1,observed,False,0.0,0,none
2025-09-05 10:00:00,16.5,0.0,74.0,10.1,observed,False,0.0,0,none
2025-09-05 11:00:00,17.8,0.0,70.0,10.0,observed,False,0.0,0,none
2025-09-05 12:00:00,18.0,0.0,77.0,5.3,observed,False,0.0,0,none
2025-09-05 13:00:00,18.4,0.0,67.0,10.7,observed,False,0.0,0,none
2025-09-05 14:00:00,18.8,0.0,65.0,7.7,observed,False,0.0,0,none
2025-09-05 15:00:00,17.2,1.3,86.0,4.5,observed,False,1.2999999999999983,1,light
2025-09-05 16:00:00,17.3,1.9,88.0,8.2,observed,False,3.1999999999999984,1,light
2025-09-05 17:00:00,19.4,0.0,64.0,10.9,observed,False,3.1999999999999984,0,none
2025-09-05 18:00:00,18.5,0.0,56.0,18.8,observed,False,1.8999999999999981,0,none
2025-09-05 19:00:00,17.6,0.0,68.0,7.3,observed,False,0.0,0,none
2025-09-05 20:00:00,16.0,0.0,78.0,9.1,observed,False,0.0,0,none
2025-09-05 21:00:00,14.9,0.0,78.0,10.8,observed,False,0.0,0,none
2025-09-05 22:00:00,14.5,0.0,77.0,6.4,observed,False,0.0,0,none
2025-09-05 23:00:00,12.3,0.0,85.0,8.7,observed,False,0.0,0,none
2025-09-06 00:00:00,12.6,0.0,72.0,9.4,observed,False,0.0,0,none
2025-09-06 01:00:00,12.4,0.0,86.0,9.8,observed,False,0.0,0,none
2025-09-06 02:00:00,12.4,0.0,83.0,12.1,observed,False,0.0,0,none
2025-09-06 03:00:00,12.5,0.0,81.0,6.4,observed,False,0.0,0,none
2025-09-06 04:00:00,11.7,0.0,89.0,25.1,observed,False,0.0,0,none
2025-09-06 05:00:00,12.4,0.0,83.0,8.0,observed,False,0.0,0,none
2025-09-06 06:00:00,13.1,0.0,77.0,10.5,observed,False,0.0,0,none
2025-09-06 07:00:00,13.2,0.0,83.0,5.3,observed,False,0.0,0,none
2025-09-06 08:00:00,14.9,0.0,80.0,12.2,observed,False,0.0,0,none
2025-09-06 09:00:00,17.5,0.0,78.0,10.7,observed,False,0.0,0,none
2025-09-06 10:00:00,17.1,0.0,71.0,11.5,observed,False,0.0,0,none
2025-09-06 11:00:00,18.9,0.0,71.0,15.8,observed,False,0.0,0,none
2025-09-06 12:00:00,19.4,0.0,63.0,11.8,observed,False,0.0,0,none
2025-09-06 13:00:00,19.5,0.0,64.0,5.7,observed,False,0.0,0,none
2025-09-06 14:00:00,20.0,0.0,64.0,7.4,observed,False,0.0,0,none
2025-09-06 15:00:00,20.150000000000002,0.0,66.5,10.600000000000001,observed,True,0.0,0,none
2025-09-06 16:00:00,20.3,0.0,69.0,13.8,observed,False,0.0,0,none
2025-09-06 17:00:00,20.0,0.5,67.0,6.8,observed,False,0.4999999999999982,1,light
2025-09-06 18:00:00,19.5,0.4,69.0,16.9,observed,False,0.8999999999999982,1,light
2025-09-06 19:00:00,18.3,0.0,80.0,7.0,observed,False,0.8999999999999982,0,none
2025-09-06 20:00:00,16.5,0.0,81.0,12.8,observed,False,0.39999999999999825,0,none
2025-09-06 21:00:00,15.8,0.0,82.0,10.6,observed,False,0.0,0,none
2025-09-06 22:00:00,14.6,0.0,75.0,6.1,observed,False,0.0,0,none
2025-09-06 23:00:00,14.6,0.0,80.0,7.6,observed,False,0.0,0,none
2025-09-07 00:00:00,13.5,0.0,81.0,16.2,observed,False,0.0,0,none
2025-09-07 01:00:00,13.1,0.0,84.0,9.4,observed,False,0.0,0,none
2025-09-07 02:00:00,13.2,0.0,78.0,15.9,observed,False,0.0,0,none
2025-09-07 03:00:00,11.9,0.0,88.0,3.7,observed,False,0.0,0,none
2025-09-07 04:00:00,12.1,0.0,80.0,14.9,observed,False,0.0,0,none
2025-09-07 05:00:00,12.6,0.0,87.0,4.5,observed,False,0.0,0,none
2025-09-07 06:00:00,13.3,0.0,67.0,5.9,observed,False,0.0,0,none
2025-09-07 07:00:00,13.3,0.0,81.0,10.5,observed,False,0.0,0,none
2025-09-07 08:00:00,14.4,0.0,78.0,15.4,observed,False,0.0,0,none
2025-09-07 09:00:00,16.6,0.0,75.0,11.5,observed,False,0.0,0,none
2025-09-07 10:00:00,16.9,0.0,75.0,11.8,observed,False,0.0,0,none
2025-09-07 11:00:00,18.5,0.0,76.0,4.5,observed,False,0.0,0,none
2025-09-07 12:00:00,19.2,0.0,63.0,9.5,observed,False,0.0,0,none
2025-09-07 13:00:00,20.0,0.0,68.0,6.8,observed,False,0.0,0,none
2025-09-07 14:00:00,19.3,0.0,79.0,6.3,observed,True,0.0,0,none
2025-09-07 15:00:00,18.6,1.6,90.0,5.8,observed,False,1.5999999999999983,1,light
2025-09-07 16:00:00,18.3,2.6,80.0,4.2,observed,False,4.199999999999998,1,moderate
2025-09-07 17:00:00,18.3,1.0,90.0,8.5,observed,False,5.199999999999998,1,light
2025-09-07 18:00:00,20.1,0.0,66.0,19.8,observed,False,3.5999999999999983,0,none
2025-09-07 19:00:00,17.5,1.6,88.0,10.0,observed,False,2.5999999999999983,1,light
2025-09-07 20:00:00,18.2,0.0,65.0,14.9,observed,False,1.5999999999999983,0,none
2025-09-07 21:00:00,16.6,0.0,78.0,6.5,observed,False,1.5999999999999983,0,none
2025-09-07 22:00:00,15.0,0.0,73.0,12.9,observed,False,0.0,0,none
2025-09-07 23:00:00,14.2,0.0,91.0,19.3,observed,False,0.0,0,none
2025-09-08 00:00:00,11.8,0.0,78.0,12.1,observed,False,0.0,0,none
2025-09-08 01:00:00,10.9,0.0,78.0,6.3,observed,False,0.0,0,none
2025-09-08 02:00:00,10.3,0.0,84.0,10.5,observed,False,0.0,0,none
2025-09-08 03:00:00,10.1,0.0,88.0,9.1,observed,False,0.0,0,none
2025-09-08 04:00:00,11.4,0.0,86.0,26.7,observed,False,0.0,0,none
2025-09-08 05:00:00,11.4,0.0,83.0,11.6,observed,False,0.0,0,none
2025-09-08 06:00:00,11.1,0.0,80.0,14.0,observed,False,0.0,0,none
2025-09-08 07:00:00,13.1,0.0,66.0,8.9,observed,False,0.0,0,none
2025-09-08 08:00:00,13.6,0.0,85.0,12.5,observed,False,0.0,0,none
2025-09-08 09:00:00,14.7,0.0,73.0,7.9,observed,False,0.0,0,none
2025-09-08 10:00:00,14.9,0.0,70.0,10.1,observed,False,0.0,0,none
2025-09-08 11:00:00,16.0,0.0,76.0,9.9,observed,False,0.0,0,none
2025-09-08 12:00:00,17.2,0.0,65.0,8.4,observed,False,0.0,0,none
2025-09-08 13:00:00,18.8,0.0,63.0,9.6,observed,False,0.0,0,none
2025-09-08 14:00:00,18.8,0.0,68.0,8.8,observed,False,0.0,0,none
2025-09-08 15:00:00,18.6,0.0,69.0,12.3,observed,False,0.0,0,none
2025-09-08 16:00:00,18.3,0.0,74.0,9.9,observed,False,0.0,0,none
2025-09-08 17:00:00,18.4,0.0,68.0,6.4,observed,False,0.0,0,none
2025-09-08 18:00:00,18.1,0.0,84.0,15.6,observed,False,0.0,0,none
2025-09-08 19:00:00,16.2,0.0,72.0,7.8,observed,False,0.0,0,none
2025-09-08 20:00:00,16.6,0.0,77.0,6.8,observed,False,0.0,0,none
2025-09-08 21:00:00,14.1,0.0,74.0,3.9,observed,False,0.0,0,none
2025-09-08 22:00:00,14.1,0.0,84.0,5.2,observed,False,0.0,0,none
2025-09-08 23:00:00,13.8,0.0,87.0,5.5,observed,False,0.0,0,none
2025-09-09 00:00:00,12.3,0.0,86.0,8.4,observed,False,0.0,0,none
2025-09-09 01:00:00,12.6,0.0,84.0,12.4,observed,False,0.0,0,none
2025-09-09 02:00:00,11.8,0.0,82.0,5.0,observed,False,0.0,0,none
2025-09-09 03:00:00,11.2,0.0,82.0,16.0,observed,False,0.0,0,none
2025-09-09 04:00:00,10.9,0.0,81.0,14.0,observed,False,0.0,0,none
2025-09-09 05:00:00,11.2,0.0,88.0,25.8,observed,False,0.0,0,none
2025-09-09 06:00:00,12.1,0.0,87.0,7.5,observed,False,0.0,0,none
2025-09-09 07:00:00,13.7,0.0,70.0,20.2,observed,False,0.0,0,none
2025-09-09 08:00:00,14.5,0.0,77.0,6.2,observed,False,0.0,0,none
2025-09-09 09:00:00,15.0,0.0,68.0,6.8,observed,False,0.0,0,none
2025-09-09 10:00:00,16.5,0.0,74.0,14.5,observed,False,0.0,0,none
2025-09-09 11:00:00,17.3,0.0,71.0,13.7,observed,False,0.0,0,none
2025-09-09 12:00:00,19.1,0.0,65.0,3.4,observed,False,0.0,0,none
2025-09-09 13:00:00,19.9,0.0,66.0,8.1,observed,False,0.0,0,none
2025-09-09 14:00:00,19.9,0.0,65.0,10.5,observed,False,0.0,0,none
2025-09-09 15:00:00,20.2,0.0,67.0,12.0,observed,False,0.0,0,none
2025-09-09 16:00:00,20.1,0.0,59.0,13.7,observed,False,0.0,0,none
2025-09-09 17:00:00,19.5,0.0,81.0,7.8,observed,False,0.0,0,none
2025-09-09 18:00:00,17.7,0.0,68.0,15.6,observed,False,0.0,0,none
2025-09-09 19:00:00,18.6,0.0,75.0,15.9,observed,False,0.0,0,none
2025-09-09 20:00:00,16.8,0.0,74.0,11.9,observed,False,0.0,0,none
2025-09-09 21:00:00,15.3,0.0,69.0,6.9,observed,False,0.0,0,none
2025-09-09 22:00:00,15.0,0.0,77.0,10.9,observed,True,0.0,0,none
2025-09-09 23:00:00,13.3,0.0,78.0,7.2,observed,False,0.0,0,none
2025-09-10 00:00:00,13.6,0.0,85.0,5.1,observed,False,0.0,0,none
2025-09-10 01:00:00,13.7,0.0,84.0,8.7,observed,False,0.0,0,none
2025-09-10 02:00:00,12.9,0.0,87.0,11.7,observed,False,0.0,0,none
2025-09-10 03:00:00,12.6,0.0,82.0,11.8,observed,False,0.0,0,none
2025-09-10 04:00:00,13.4,0.0,84.0,5.2,observed,False,0.0,0,none
2025-09-10 05:00:00,12.4,0.0,90.0,9.2,observed,False,0.0,0,none
2025-09-10 06:00:00,14.0,0.0,79.0,15.4,observed,False,0.0,0,none
2025-09-10 07:00:00,15.1,0.0,74.0,11.65,observed,True,0.0,0,none
2025-09-10 08:00:00,16.2,0.0,69.0,7.9,observed,False,0.0,0,none
2025-09-10 09:00:00,16.9,0.0,73.0,14.6,observed,False,0.0,0,none
2025-09-10 10:00:00,17.2,0.0,69.0,9.3,observed,False,0.0,0,none
2025-09-10 11:00:00,19.7,0.0,66.0,6.7,observed,False,0.0,0,none
2025-09-10 12:00:00,19.5,0.0,58.0,3.1,observed,False,0.0,0,none
2025-09-10 13:00:00,19.8,0.0,57.0,7.2,observed,False,0.0,0,none
2025-09-10 14:00:00,21.2,0.0,60.0,9.5,observed,False,0.0,0,none
2025-09-10 15:00:00,18.7,0.6,84.0,15.9,observed,False,0.5999999999999982,1,light
2025-09-10 16:00:00,21.5,0.0,49.0,7.7,observed,False,0.5999999999999982,0,none
2025-09-10 17:00:00,20.3,0.0,74.0,8.9,observed,False,0.5999999999999982,0,none
2025-09-10 18:00:00,18.3,0.0,74.0,10.7,observed,False,0.0,0,none
2025-09-10 19:00:00,19.4,0.0,73.0,16.4,observed,False,0.0,0,none
2025-09-10 20:00:00,15.8,1.8,90.0,9.6,observed,False,1.7999999999999983,1,light
2025-09-10 21:00:00,16.7,0.0,74.0,26.2,observed,False,1.7999999999999983,0,none
2025-09-10 22:00:00,15.9,0.0,79.0,11.2,observed,False,1.7999999999999983,0,none
2025-09-10 23:00:00,14.6,0.0,72.0,11.3,observed,False,0.0,0,none
2025-09-11 00:00:00,12.1,0.0,83.0,13.7,observed,False,0.0,0,none
2025-09-11 01:00:00,11.6,0.0,87.0,12.1,observed,False,0.0,0,none
2025-09-11 02:00:00,10.3,0.0,93.0,13.6,observed,False,0.0,0,none
2025-09-11 03:00:00,11.0,0.0,85.0,7.6,observed,False,0.0,0,none
2025-09-11 04:00:00,11.15,0.0,86.0,10.05,observed,True,0.0,0,none
2025-09-11 05:00:00,11.3,0.0,87.0,12.5,observed,False,0.0,0,none
2025-09-11 06:00:00,11.0,0.0,88.0,9.9,observed,False,0.0,0,none
2025-09-11 07:00:00,12.1,0.0,79.0,7.3,observed,False,0.0,0,none
2025-09-11 08:00:00,14.5,0.0,82.0,11.1,observed,False,0.0,0,none
2025-09-11 09:00:00,15.2,0.0,77.0,7.9,observed,False,0.0,0,none
2025-09-11 10:00:00,14.6,0.0,85.0,13.7,observed,False,0.0,0,none
2025-09-11 11:00:00,16.9,0.0,73.0,8.0,observed,False,0.0,0,none
2025-09-11 12:00:00,18.2,0.0,70.0,8.2,observed,False,0.0,0,none
2025-09-11 13:00:00,17.9,0.0,73.0,4.5,observed,False,0.0,0,none
2025-09-11 14:00:00,17.1,3.7,91.0,18.1,observed,False,3.6999999999999984,1,moderate
2025-09-11 15:00:00,18.8,0.0,56.0,11.6,observed,False,3.6999999999999984,0,none
2025-09-11 16:00:00,19.4,0.0,71.0,8.7,observed,False,3.6999999999999984,0,none
2025-09-11 17:00:00,17.7,0.0,69.0,17.6,observed,True,0.0,0,none
2025-09-11 18:00:00,15.3,6.6,87.0,5.1,observed,False,6.599999999999998,1,moderate
2025-09-11 19:00:00,16.2,0.0,80.0,5.6,observed,False,6.599999999999998,0,none
2025-09-11 20:00:00,12.8,4.2,100.0,10.4,observed,False,10.799999999999997,1,moderate
2025-09-11 21:00:00,15.1,0.0,75.0,7.2,observed,False,4.199999999999998,0,none
2025-09-11 22:00:00,13.649999999999999,0.0,80.0,7.7,observed,False,4.199999999999998,0,none
2025-09-11 23:00:00,11.8,0.0,83.0,15.2,observed,False,0.0,0,none
2025-09-12 00:00:00,13.6,0.0,86.0,5.1,observed,False,0.0,0,none
2025-09-12 01:00:00,12.5,0.0,79.0,6.6,observed,False,0.0,0,none
2025-09-12 02:00:00,11.6,0.0,83.0,12.1,observed,False,0.0,0,none
2025-09-12 03:00:00,11.8,0.0,88.0,12.2,observed,False,0.0,0,none
2025-09-12 04:00:00,11.4,0.0,80.0,7.3,observed,False,0.0,0,none
2025-09-12 05:00:00,12.7,0.0,90.0,13.0,observed,False,0.0,0,none
2025-09-12 06:00:00,12.8,0.0,77.0,11.7,observed,False,0.0,0,none
2025-09-12 07:00:00,14.5,0.0,81.0,7.0,observed,False,0.0,0,none
2025-09-12 08:00:00,14.6,0.0,71.0,15.9,observed,False,0.0,0,none
2025-09-12 09:00:00,17.1,0.0,70.0,10.5,observed,False,0.0,0,none
2025-09-12 10:00:00,17.5,0.0,61.0,8.3,observed,False,0.0,0,none
2025-09-12 11:00:00,18.4,0.0,71.0,16.8,observed,False,0.0,0,none
2025-09-12 12:00:00,18.9,0.0,71.0,8.4,observed,False,0.0,0,none
2025-09-12 13:00:00,17.3,6.3,80.0,8.4,observed,False,6.299999999999998,1,moderate
2025-09-12 14:00:00,17.7,7.8,83.0,9.8,observed,False,14.099999999999998,1,heavy
2025-09-12 15:00:00,16.9,2.2,84.0,12.6,observed,False,16.299999999999997,1,light
2025-09-12 16:00:00,17.5,0.0,82.0,15.4,observed,True,9.999999999999996,0,none
2025-09-12 17:00:00,18.1,1.1,80.0,18.2,observed,False,3.2999999999999985,1,light
2025-09-12 18:00:00,16.5,8.3,90.0,10.4,observed,False,9.399999999999999,1,heavy
2025-09-12 19:00:00,16.2,2.0,91.0,8.0,observed,False,11.399999999999999,1,light
2025-09-12 20:00:00,17.1,0.0,76.0,16.4,observed,False,10.299999999999999,0,none
2025-09-12 21:00:00,16.9,0.0,81.0,15.6,observed,False,1.9999999999999982,0,none
2025-09-12 22:00:00,14.7,0.0,83.0,11.1,observed,False,0.0,0,none
2025-09-12 23:00:00,13.5,0.0,79.0,14.8,observed,False,0.0,0,none
2025-09-13 00:00:00,10.9,0.0,93.0,17.3,observed,False,0.0,0,none
2025-09-13 01:00:00,11.1,0.0,93.0,14.9,observed,False,0.0,0,none
2025-09-13 02:00:00,10.3,0.0,100.0,8.8,observed,False,0.0,0,none
2025-09-13 03:00:00,10.3,0.0,86.0,5.9,observed,False,0.0,0,none
2025-09-13 04:00:00,10.1,0.0,85.0,10.0,observed,False,0.0,0,none
2025-09-13 05:00:00,10.1,0.0,87.0,7.9,observed,False,0.0,0,none
2025-09-13 06:00:00,10.8,0.0,85.0,12.1,observed,False,0.0,0,none
2025-09-13 07:00:00,13.5,0.0,78.0,20.2,observed,False,0.0,0,none
2025-09-13 08:00:00,12.8,0.0,79.0,5.0,observed,False,0.0,0,none
2025-09-13 09:00:00,13.5,0.0,76.0,7.8,observed,False,0.0,0,none
2025-09-13 10:00:00,15.0,0.0,74.0,7.8,observed,False,0.0,0,none
2025-09-13 11:00:00,16.7,0.0,74.0,9.2,observed,False,0.0,0,none
2025-09-13 12:00:00,17.4,0.0,72.0,8.2,observed,False,0.0,0,none
2025-09-13 13:00:00,18.4,0.0,70.0,5.1,observed,False,0.0,0,none
2025-09-13 14:00:00,17.6,2.8,89.0,21.1,observed,False,2.799999999999998,1,moderate
2025-09-13 15:00:00,16.5,12.1,89.0,11.9,observed,False,14.899999999999999,1,heavy
2025-09-13 16:00:00,18.8,0.0,73.0,7.2,observed,False,14.899999999999997,0,none
2025-09-13 17:00:00,15.6,0.9,94.0,5.3,observed,False,12.999999999999998,1,light
2025-09-13 18:00:00,14.9,5.9,92.0,11.6,observed,False,6.799999999999997,1,moderate
2025-09-13 19:00:00,14.3,0.6,82.0,12.7,observed,False,7.399999999999997,1,light
2025-09-13 20:00:00,13.7,2.8,89.0,6.2,observed,False,9.299999999999997,1,moderate
2025-09-13 21:00:00,14.4,0.0,71.0,8.6,observed,False,3.3999999999999964,0,none
2025-09-13 22:00:00,11.4,3.6,97.0,6.0,observed,False,6.399999999999997,1,moderate
2025-09-13 23:00:00,11.4,0.0,84.0,3.5,observed,False,3.5999999999999965,0,none
2025-09-14 00:00:00,11.6,0.0,87.0,14.9,observed,False,3.5999999999999965,0,none
2025-09-14 01:00:00,10.7,0.0,71.0,5.6,observed,False,0.0,0,none
2025-09-14 02:00:00,10.45,0.0,77.0,8.1,observed,True,0.0,0,none
2025-09-14 03:00:00,10.2,0.0,83.0,10.6,observed,False,0.0,0,none
2025-09-14 04:00:00,9.5,0.0,86.0,8.8,observed,False,0.0,0,none
2025-09-14 05:00:00,10.7,0.0,82.0,8.9,observed,False,0.0,0,none
2025-09-14 06:00:00,11.5,0.0,89.0,14.6,observed,False,0.0,0,none
2025-09-14 07:00:00,11.7,0.0,78.0,11.3,observed,False,0.0,0,none
2025-09-14 08:00:00,13.4,0.0,75.0,12.9,observed,False,0.0,0,none
2025-09-14 09:00:00,14.4,0.0,81.0,16.1,observed,False,0.0,0,none
2025-09-14 10:00:00,16.1,0.0,74.0,14.9,observed,False,0.0,0,none
2025-09-14 11:00:00,16.0,0.0,78.0,18.8,observed,False,0.0,0,none
2025-09-14 12:00:00,17.4,0.0,68.0,14.0,observed,False,0.0,0,none
2025-09-14 13:00:00,16.1,1.7,87.0,10.7,observed,False,1.6999999999999964,1,light
2025-09-14 14:00:00,16.2,5.4,85.0,12.8,observed,False,7.099999999999997,1,moderate
2025-09-14 15:00:00,19.2,0.0,65.0,9.5,observed,False,7.099999999999997,0,none
2025-09-14 16:00:00,18.5,0.0,71.0,19.6,observed,False,5.399999999999997,0,none
2025-09-14 17:00:00,16.0,5.8,91.0,8.8,observed,False,5.799999999999996,1,moderate
2025-09-14 18:00:00,15.1,2.9,88.0,9.9,observed,False,8.699999999999996,1,moderate
2025-09-14 19:00:00,15.6,0.0,78.0,7.7,observed,False,8.699999999999996,0,none
2025-09-14 20:00:00,14.8,0.0,75.0,9.1,observed,False,2.8999999999999964,0,none
2025-09-14 21:00:00,14.5,0.0,75.0,13.4,observed,False,0.0,0,none
2025-09-14 22:00:00,10.8,2.2,100.0,12.5,observed,False,2.1999999999999966,1,light
2025-09-14 23:00:00,11.95,0.0,81.0,8.5,observed,False,2.1999999999999966,0,none
2025-09-15 00:00:00,11.6,0.0,88.0,12.1,observed,False,2.1999999999999966,0,none
2025-09-15 01:00:00,11.3,0.0,82.0,7.0,observed,False,0.0,0,none
2025-09-15 02:00:00,11.4,0.0,87.0,6.7,observed,False,0.0,0,none
2025-09-15 03:00:00,10.5,0.0,92.0,6.1,observed,False,0.0,0,none
2025-09-15 04:00:00,11.7,0.0,83.0,9.7,observed,False,0.0,0,none
2025-09-15 05:00:00,11.7,0.0,86.0,13.0,observed,False,0.0,0,none
2025-09-15 06:00:00,11.7,0.0,88.0,8.5,observed,False,0.0,0,none
2025-09-15 07:00:00,12.5,0.0,81.0,10.3,observed,False,0.0,0,none
2025-09-15 08:00:00,14.0,0.0,80.0,8.6,observed,False,0.0,0,none
2025-09-15 09:00:00,15.3,0.0,77.0,4.3,observed,False,0.0,0,none
2025-09-15 10:00:00,16.3,0.0,74.0,8.7,observed,False,0.0,0,none
2025-09-15 11:00:00,16.7,0.0,70.0,19.7,observed,False,0.0,0,none
2025-09-15 12:00:00,17.8,0.0,70.0,8.8,observed,False,0.0,0,none
2025-09-15 13:00:00,18.9,0.0,65.0,11.1,observed,False,0.0,0,none
2025-09-15 14:00:00,18.8,0.0,70.0,13.0,observed,False,0.0,0,none
2025-09-15 15:00:00,19.6,0.0,63.0,8.3,observed,False,0.0,0,none
2025-09-15 16:00:00,16.4,1.1,86.0,10.2,observed,False,1.0999999999999965,1,light
2025-09-15 17:00:00,18.2,0.0,74.0,4.8,observed,False,1.0999999999999965,0,none
2025-09-15 18:00:00,18.1,0.3,67.0,6.9,observed,False,1.3999999999999966,1,light
2025-09-15 19:00:00,17.2,0.0,73.0,5.6,observed,False,0.29999999999999644,0,none
2025-09-15 20:00:00,16.5,0.0,79.0,9.4,observed,False,0.29999999999999644,0,none
2025-09-15 21:00:00,14.4,0.0,77.0,9.3,observed,False,0.0,0,none
2025-09-15 22:00:00,13.9,0.0,85.0,7.9,observed,False,0.0,0,none
2025-09-15 23:00:00,12.2,0.0,87.0,9.0,observed,False,0.0,0,none
2025-09-16 00:00:00,13.2,0.0,79.0,15.1,observed,False,0.0,0,none
2025-09-16 01:00:00,12.0,0.0,88.0,7.5,observed,False,0.0,0,none
2025-09-16 02:00:00,10.7,0.0,83.0,8.6,observed,False,0.0,0,none
2025-09-16 03:00:00,11.3,0.0,88.0,12.4,observed,False,0.0,0,none
2025-09-16 04:00:00,11.9,0.0,84.0,10.4,observed,False,0.0,0,none
2025-09-16 05:00:00,11.5,0.0,78.0,8.3,observed,False,0.0,0,none
2025-09-16 06:00:00,13.4,0.0,76.0,10.5,observed,False,0.0,0,none
2025-09-16 07:00:00,13.6,0.0,77.0,8.7,observed,False,0.0,0,none
2025-09-16 08:00:00,14.5,0.0,71.0,5.9,observed,False,0.0,0,none
2025-09-16 09:00:00,15.1,0.0,76.0,8.2,observed,False,0.0,0,none
2025-09-16 10:00:00,16.8,0.0,74.0,11.6,observed,False,0.0,0,none
2025-09-16 11:00:00,17.7,0.0,75.0,12.2,observed,False,0.0,0,none
2025-09-16 12:00:00,19.3,0.0,65.0,14.8,observed,False,0.0,0,none
2025-09-16 13:00:00,18.4,0.0,77.0,12.8,observed,False,0.0,0,none
2025-09-16 14:00:00,19.1,0.0,63.0,12.2,observed,False,0.0,0,none
2025-09-16 15:00:00,19.7,0.0,67.0,6.5,observed,False,0.0,0,none
2025-09-16 16:00:00,19.8,0.0,70.0,6.0,observed,False,0.0,0,none
2025-09-16 17:00:00,18.8,0.3,64.0,7.1,observed,False,0.29999999999999644,1,light
2025-09-16 18:00:00,16.5,3.2,88.0,17.7,observed,False,3.4999999999999964,1,moderate
2025-09-16 19:00:00,15.7,1.8,94.0,11.0,observed,False,5.299999999999996,1,light
2025-09-16 20:00:00,16.9,0.0,82.0,8.8,observed,False,4.9999999999999964,0,none
2025-09-16 21:00:00,16.3,0.0,65.0,14.1,observed,False,1.7999999999999965,0,none
2025-09-16 22:00:00,14.8,0.0,73.0,9.8,observed,False,0.0,0,none
2025-09-16 23:00:00,14.0,0.0,85.0,12.0,observed,False,0.0,0,none
2025-09-17 00:00:00,12.6,0.0,83.0,12.5,observed,False,0.0,0,none
2025-09-17 01:00:00,11.5,0.0,82.0,10.4,observed,False,0.0,0,none
2025-09-17 02:00:00,11.4,0.0,83.0,17.0,observed,False,0.0,0,none
2025-09-17 03:00:00,11.9,0.0,78.0,10.7,observed,False,0.0,0,none
2025-09-17 04:00:00,11.4,0.0,90.0,16.5,observed,False,0.0,0,none
2025-09-17 05:00:00,11.8,0.0,90.5,12.9,observed,True,0.0,0,none
2025-09-17 06:00:00,12.2,0.0,91.0,9.3,observed,False,0.0,0,none
2025-09-17 07:00:00,13.0,0.0,94.0,10.6,observed,False,0.0,0,none
2025-09-17 08:00:00,14.4,0.0,77.0,12.9,observed,False,0.0,0,none
2025-09-17 09:00:00,15.7,0.0,72.0,14.0,observed,False,0.0,0,none
2025-09-17 10:00:00,17.3,0.0,71.0,13.9,observed,False,0.0,0,none
2025-09-17 11:00:00,17.7,0.0,68.0,16.3,observed,False,0.0,0,none
2025-09-17 12:00:00,18.7,0.0,69.0,18.5,observed,False,0.0,0,none
2025-09-17 13:00:00,18.8,0.0,72.0,9.5,observed,False,0.0,0,none
2025-09-17 14:00:00,17.9,0.8,84.0,13.0,observed,False,0.7999999999999965,1,light
2025-09-17 15:00:00,20.4,0.1,67.0,6.5,observed,False,0.8999999999999965,1,light
2025-09-17 16:00:00,19.9,0.0,62.0,10.6,observed,False,0.8999999999999965,0,none
2025-09-17 17:00:00,16.3,2.5,83.0,11.1,observed,False,2.5999999999999965,1,light
2025-09-17 18:00:00,18.9,0.2,73.0,8.3,observed,False,2.6999999999999966,1,light
2025-09-17 19:00:00,17.2,0.0,81.0,9.7,observed,False,2.6999999999999966,0,none
2025-09-17 20:00:00,16.4,0.0,72.0,3.4,observed,False,0.19999999999999646,0,none
2025-09-17 21:00:00,15.4,0.0,74.0,7.5,observed,False,0.0,0,none
2025-09-17 22:00:00,15.3,0.0,78.0,15.2,observed,False,0.0,0,none
2025-09-17 23:00:00,13.9,0.0,83.0,9.0,observed,False,0.0,0,none
2025-09-18 00:00:00,13.6,0.0,76.0,4.9,observed,False,0.0,0,none
2025-09-18 01:00:00,13.5,0.0,79.0,16.8,observed,False,0.0,0,none
2025-09-18 02:00:00,13.7,0.0,78.0,12.5,observed,False,0.0,0,none
2025-09-18 03:00:00,12.4,0.0,79.0,11.6,observed,False,0.0,0,none
2025-09-18 04:00:00,12.5,0.0,88.0,6.6,observed,False,0.0,0,none
2025-09-18 05:00:00,14.0,0.0,88.0,10.0,observed,False,0.0,0,none
2025-09-18 06:00:00,14.2,0.0,70.0,18.4,observed,False,0.0,0,none
2025-09-18 07:00:00,14.2,0.0,78.0,5.3,observed,False,0.0,0,none
2025-09-18 08:00:00,16.1,0.0,76.0,8.4,observed,False,0.0,0,none
2025-09-18 09:00:00,17.1,0.0,68.0,11.9,observed,False,0.0,0,none
2025-09-18 10:00:00,18.6,0.0,63.0,16.1,observed,False,0.0,0,none
2025-09-18 11:00:00,19.1,0.0,67.0,12.6,observed,False,0.0,0,none
2025-09-18 12:00:00,18.5,0.7,83.0,10.7,observed,False,0.6999999999999964,1,light
2025-09-18 13:00:00,21.2,0.0,67.0,10.7,observed,False,0.6999999999999964,0,none
2025-09-18 14:00:00,21.2,0.0,61.0,13.5,observed,False,0.6999999999999964,0,none
2025-09-18 15:00:00,21.5,0.0,65.0,12.5,observed,False,0.0,0,none
2025-09-18 16:00:00,21.8,0.0,66.0,6.0,observed,False,0.0,0,none
2025-09-18 17:00:00,18.2,2.6,83.0,10.7,observed,False,2.5999999999999965,1,moderate
2025-09-18 18:00:00,20.0,0.0,65.0,13.9,observed,False,2.5999999999999965,0,none
2025-09-18 19:00:00,19.7,0.0,59.0,11.5,observed,False,2.5999999999999965,0,none
2025-09-18 20:00:00,18.4,0.0,77.0,17.2,observed,False,0.0,0,none
2025-09-18 21:00:00,17.2,0.0,77.0,12.9,observed,False,0.0,0,none
2025-09-18 22:00:00,15.8,0.0,78.5,13.6,observed,True,0.0,0,none
2025-09-18 23:00:00,14.4,0.0,80.0,14.3,observed,False,0.0,0,none
2025-09-19 00:00:00,15.1,0.0,77.0,11.6,observed,False,0.0,0,none
2025-09-19 01:00:00,13.8,0.0,82.0,14.2,observed,False,0.0,0,none
2025-09-19 02:00:00,13.45,0.0,74.0,16.6,observed,True,0.0,0,none
2025-09-19 03:00:00,13.1,0.0,81.0,6.9,observed,False,0.0,0,none
2025-09-19 04:00:00,13.8,0.0,75.0,13.3,observed,False,0.0,0,none
2025-09-19 05:00:00,13.9,0.0,81.0,16.5,observed,False,0.0,0,none
2025-09-19 06:00:00,15.5,0.0,73.0,10.3,observed,False,0.0,0,none
2025-09-19 07:00:00,15.7,0.0,76.0,11.4,observed,False,0.0,0,none
2025-09-19 08:00:00,16.6,0.0,69.0,9.9,observed,False,0.0,0,none
2025-09-19 09:00:00,17.5,0.0,65.0,14.3,observed,False,0.0,0,none
2025-09-19 10:00:00,18.9,0.0,69.0,10.4,observed,False,0.0,0,none
2025-09-19 11:00:00,19.7,0.0,65.0,10.2,observed,False,0.0,0,none
2025-09-19 12:00:00,17.9,7.2,87.0,4.9,observed,False,7.199999999999997,1,moderate
2025-09-19 13:00:00,21.3,0.0,60.0,11.8,observed,False,7.199999999999997,0,none
2025-09-19 14:00:00,20.2,6.0,85.0,10.0,observed,False,13.199999999999996,1,moderate
2025-09-19 15:00:00,21.2,0.0,57.0,13.5,observed,False,5.9999999999999964,0,none
2025-09-19 16:00:00,21.7,0.0,54.0,7.9,observed,False,5.9999999999999964,0,none
2025-09-19 17:00:00,18.8,0.8,83.0,11.6,observed,False,0.7999999999999965,1,light
2025-09-19 18:00:00,20.4,0.0,69.0,10.5,observed,False,0.7999999999999965,0,none
2025-09-19 19:00:00,19.5,0.0,68.0,13.7,observed,False,0.7999999999999965,0,none
2025-09-19 20:00:00,19.5,0.0,72.0,15.1,observed,False,0.0,0,none
2025-09-19 21:00:00,17.8,0.0,71.0,8.0,observed,False,0.0,0,none
2025-09-19 22:00:00,16.8,0.0,73.0,12.95,observed,True,0.0,0,none
2025-09-19 23:00:00,15.8,0.0,75.0,17.9,observed,False,0.0,0,none
2025-09-20 00:00:00,13.9,0.0,75.0,6.3,observed,False,0.0,0,none
2025-09-20 01:00:00,12.6,0.0,76.0,8.4,observed,False,0.0,0,none
2025-09-20 02:00:00,12.8,0.0,82.0,18.0,observed,False,0.0,0,none
2025-09-20 03:00:00,13.2,0.0,81.0,14.8,observed,False,0.0,0,none
2025-09-20 04:00:00,13.4,0.0,82.0,6.2,observed,False,0.0,0,none
2025-09-20 05:00:00,14.0,0.0,77.0,14.2,observed,False,0.0,0,none
2025-09-20 06:00:00,13.7,0.0,83.0,15.1,observed,False,0.0,0,none
2025-09-20 07:00:00,15.4,0.0,73.0,8.9,observed,False,0.0,0,none
2025-09-20 08:00:00,17.5,0.0,67.0,15.2,observed,False,0.0,0,none
2025-09-20 09:00:00,17.6,0.0,66.0,4.5,observed,False,0.0,0,none
2025-09-20 10:00:00,18.6,0.0,74.0,7.1,observed,False,0.0,0,none
2025-09-20 11:00:00,20.1,0.0,53.0,15.4,observed,False,0.0,0,none
2025-09-20 12:00:00,17.5,1.6,78.0,15.2,observed,False,1.5999999999999965,1,light
2025-09-20 13:00:00,21.7,0.0,56.0,17.0,observed,False,1.5999999999999965,0,none
2025-09-20 14:00:00,21.9,0.0,58.0,14.3,observed,False,1.5999999999999965,0,none
2025-09-20 15:00:00,21.8,0.0,58.0,3.8,observed,False,0.0,0,none
2025-09-20 16:00:00,22.5,0.1,59.0,8.7,observed,False,0.09999999999999645,1,light
2025-09-20 17:00:00,18.7,1.2,74.0,11.7,observed,False,1.2999999999999965,1,light
2025-09-20 18:00:00,17.8,0.0,80.0,7.7,observed,True,1.2999999999999965,0,none
2025-09-20 19:00:00,17.1,9.2,88.0,6.6,observed,False,10.399999999999995,1,heavy
2025-09-20 20:00:00,18.1,0.0,75.0,12.7,observed,False,9.199999999999996,0,none
2025-09-20 21:00:00,17.6,0.2,69.0,4.0,observed,False,9.399999999999995,1,light
2025-09-20 22:00:00,17.1,0.0,70.0,11.3,observed,False,0.19999999999999646,0,none
2025-09-20 23:00:00,16.0,0.0,73.0,12.6,observed,False,0.19999999999999646,0,none
2025-09-21 00:00:00,14.8,0.0,70.0,9.2,observed,False,0.0,0,none
2025-09-21 01:00:00,13.7,0.0,72.0,13.6,observed,False,0.0,0,none
2025-09-21 02:00:00,13.2,0.0,79.0,9.4,observed,False,0.0,0,none
2025-09-21 03:00:00,14.3,0.0,87.0,9.6,observed,False,0.0,0,none
2025-09-21 04:00:00,13.85,0.0,81.0,5.5,observed,False,0.0,0,none
2025-09-21 05:00:00,14.4,0.0,83.0,6.3,observed,False,0.0,0,none
2025-09-21 06:00:00,14.2,0.0,81.0,10.6,observed,False,0.0,0,none
2025-09-21 07:00:00,16.2,0.0,71.0,11.5,observed,False,0.0,0,none
2025-09-21 08:00:00,16.6,0.0,63.0,18.2,observed,False,0.0,0,none
2025-09-21 09:00:00,18.5,0.0,60.0,14.6,observed,False,0.0,0,none
2025-09-21 10:00:00,17.85,0.0,68.0,15.0,observed,False,0.0,0,none
2025-09-21 11:00:00,19.7,0.0,56.0,14.2,observed,False,0.0,0,none
2025-09-21 12:00:00,20.9,0.0,56.0,9.9,observed,False,0.0,0,none
2025-09-21 13:00:00,20.9,0.0,63.0,4.4,observed,False,0.0,0,none
2025-09-21 14:00:00,19.3,3.0,82.0,9.0,observed,False,2.9999999999999964,1,moderate
2025-09-21 15:00:00,22.1,0.0,66.0,7.9,observed,False,2.9999999999999964,0,none
2025-09-21 16:00:00,19.2,1.0,79.0,15.5,observed,False,3.9999999999999964,1,light
2025-09-21 17:00:00,21.3,0.0,72.0,9.2,observed,False,0.9999999999999964,0,none
2025-09-21 18:00:00,21.2,0.0,68.0,6.4,observed,False,0.9999999999999964,0,none
2025-09-21 19:00:00,19.4,0.0,66.0,13.0,observed,False,0.0,0,none
2025-09-21 20:00:00,18.3,0.0,72.0,10.2,observed,False,0.0,0,none
2025-09-21 21:00:00,17.8,0.0,77.0,11.2,observed,False,0.0,0,none
2025-09-21 22:00:00,16.8,0.0,72.0,14.1,observed,False,0.0,0,none
2025-09-21 23:00:00,16.3,0.0,77.0,9.2,observed,False,0.0,0,none
2025-09-22 00:00:00,13.8,0.0,93.0,13.6,observed,False,0.0,0,none
2025-09-22 01:00:00,13.1,0.0,81.0,15.8,observed,False,0.0,0,none
2025-09-22 02:00:00,11.7,0.0,80.0,12.3,observed,False,0.0,0,none
2025-09-22 03:00:00,12.2,0.0,82.0,15.4,observed,False,0.0,0,none
2025-09-22 04:00:00,12.7,0.0,85.0,7.0,observed,False,0.0,0,none
2025-09-22 05:00:00,12.4,0.0,85.0,15.2,observed,False,0.0,0,none
2025-09-22 06:00:00,14.7,0.0,83.0,6.0,observed,False,0.0,0,none
2025-09-22 07:00:00,13.2,0.0,76.0,13.2,observed,False,0.0,0,none
2025-09-22 08:00:00,15.7,0.0,71.0,5.4,observed,False,0.0,0,none
2025-09-22 09:00:00,15.6,0.0,76.0,21.5,observed,False,0.0,0,none
2025-09-22 10:00:00,17.5,0.0,65.0,5.7,observed,False,0.0,0,none
2025-09-22 11:00:00,19.2,0.0,65.0,5.7,observed,False,0.0,0,none
2025-09-22 12:00:00,19.5,0.0,61.0,7.0,observed,False,0.0,0,none
2025-09-22 13:00:00,19.5,0.0,64.0,14.9,observed,False,0.0,0,none
2025-09-22 14:00:00,20.6,0.0,65.0,8.3,observed,False,0.0,0,none
2025-09-22 15:00:00,20.9,0.0,58.0,9.9,observed,False,0.0,0,none
2025-09-22 16:00:00,20.7,0.0,52.0,7.1,observed,False,0.0,0,none
2025-09-22 17:00:00,16.9,2.4,83.0,11.7,observed,False,2.3999999999999964,1,light
2025-09-22 18:00:00,16.6,2.8,85.0,21.2,observed,False,5.199999999999996,1,moderate
2025-09-22 19:00:00,17.7,0.0,71.0,5.5,observed,False,5.199999999999996,0,none
2025-09-22 20:00:00,15.8,2.1,88.0,18.5,observed,False,4.899999999999997,1,light
2025-09-22 21:00:00,14.9,0.0,79.0,10.5,observed,False,2.0999999999999965,0,none
2025-09-22 22:00:00,16.1,0.0,70.0,15.1,observed,False,2.0999999999999965,0,none
2025-09-22 23:00:00,14.3,0.0,84.0,7.1,observed,False,0.0,0,none
2025-09-23 00:00:00,12.3,0.0,78.0,8.8,observed,False,0.0,0,none
2025-09-23 01:00:00,12.9,0.0,87.0,8.7,observed,False,0.0,0,none
2025-09-23 02:00:00,12.2,0.0,90.0,8.4,observed,False,0.0,0,none
2025-09-23 03:00:00,12.1,0.0,87.0,8.9,observed,False,0.0,0,none
2025-09-23 04:00:00,12.5,0.0,80.0,15.7,observed,False,0.0,0,none
2025-09-23 05:00:00,11.9,0.0,84.0,14.7,observed,True,0.0,0,none
2025-09-23 06:00:00,13.2,0.0,92.0,6.2,observed,False,0.0,0,none
2025-09-23 07:00:00,15.7,0.0,71.0,9.6,observed,False,0.0,0,none
2025-09-23 08:00:00,14.7,0.0,72.0,10.9,observed,False,0.0,0,none
2025-09-23 09:00:00,16.0,0.0,74.0,13.3,observed,False,0.0,0,none
2025-09-23 10:00:00,17.5,0.0,67.0,11.4,observed,False,0.0,0,none
2025-09-23 11:00:00,18.5,0.0,70.0,8.0,observed,False,0.0,0,none
2025-09-23 12:00:00,19.2,0.0,73.0,9.7,observed,False,0.0,0,none
2025-09-23 13:00:00,20.8,0.0,58.0,10.0,observed,False,0.0,0,none
2025-09-23 14:00:00,17.8,2.0,85.0,5.8,observed,False,1.9999999999999964,1,light
2025-09-23 15:00:00,18.4,1.9,90.0,12.4,observed,False,3.8999999999999964,1,light
2025-09-23 16:00:00,18.1,1.3,87.0,5.5,observed,False,5.199999999999997,1,light
2025-09-23 17:00:00,20.4,0.0,62.0,6.6,observed,False,3.1999999999999966,0,none
2025-09-23 18:00:00,18.1,5.4,82.0,9.2,observed,False,6.6999999999999975,1,moderate
2025-09-23 19:00:00,19.0,0.0,71.0,8.3,observed,False,5.399999999999998,0,none
2025-09-23 20:00:00,17.1,0.0,73.5,12.1,observed,False,5.399999999999998,0,none
2025-09-23 21:00:00,16.9,0.0,76.0,10.5,observed,False,0.0,0,none
2025-09-23 22:00:00,15.6,0.0,73.0,7.8,observed,False,0.0,0,none
2025-09-23 23:00:00,14.9,0.0,76.0,9.4,observed,False,0.0,0,none
2025-09-24 00:00:00,13.3,0.0,91.0,9.5,observed,False,0.0,0,none
2025-09-24 01:00:00,12.4,0.0,89.5,10.2,observed,True,0.0,0,none
2025-09-24 02:00:00,11.5,0.0,88.0,10.9,observed,False,0.0,0,none
2025-09-24 03:00:00,12.9,0.0,80.0,8.9,observed,False,0.0,0,none
2025-09-24 04:00:00,11.9,0.0,78.0,15.5,observed,False,0.0,0,none
2025-09-24 05:00:00,11.6,0.0,83.0,12.9,observed,False,0.0,0,none
2025-09-24 06:00:00,12.0,0.0,73.0,14.3,observed,False,0.0,0,none
2025-09-24 07:00:00,13.4,0.0,74.0,13.9,observed,False,0.0,0,none
2025-09-24 08:00:00,14.8,0.0,72.0,8.9,observed,False,0.0,0,none
2025-09-24 09:00:00,16.3,0.0,71.0,7.5,observed,False,0.0,0,none
2025-09-24 10:00:00,16.5,0.0,70.0,7.6,observed,False,0.0,0,none
2025-09-24 11:00:00,18.5,0.0,72.0,18.1,observed,False,0.0,0,none
2025-09-24 12:00:00,18.1,0.0,75.0,9.8,observed,False,0.0,0,none
2025-09-24 13:00:00,19.8,0.0,68.0,11.6,observed,False,0.0,0,none
2025-09-24 14:00:00,19.6,0.0,71.0,7.9,observed,False,0.0,0,none
2025-09-24 15:00:00,20.8,0.0,67.0,8.5,observed,False,0.0,0,none
2025-09-24 16:00:00,18.0,6.6,83.0,7.4,observed,False,6.599999999999997,1,moderate
2025-09-24 17:00:00,18.400000000000002,0.0,77.0,13.8,observed,True,6.599999999999997,0,none
2025-09-24 18:00:00,18.8,0.0,71.0,20.2,observed,False,6.599999999999997,0,none
2025-09-24 19:00:00,16.0,2.7,83.0,13.2,observed,False,2.6999999999999975,1,moderate
2025-09-24 20:00:00,17.0,0.0,68.0,20.0,observed,False,2.6999999999999975,0,none
2025-09-24 21:00:00,15.7,0.0,76.0,13.0,observed,False,2.6999999999999975,0,none
2025-09-24 22:00:00,14.9,0.0,79.0,11.2,observed,False,0.0,0,none
2025-09-24 23:00:00,14.3,0.0,90.0,12.3,observed,False,0.0,0,none
2025-09-25 00:00:00,14.8,0.0,65.0,11.7,observed,False,0.0,0,none
2025-09-25 01:00:00,13.0,0.0,89.0,6.6,observed,False,0.0,0,none
2025-09-25 02:00:00,12.6,0.0,83.0,7.8,observed,False,0.0,0,none
2025-09-25 03:00:00,13.6,0.0,84.0,7.9,observed,False,0.0,0,none
2025-09-25 04:00:00,14.9,0.0,84.0,8.0,observed,False,0.0,0,none
2025-09-25 05:00:00,13.9,0.0,81.0,6.9,observed,False,0.0,0,none
2025-09-25 06:00:00,15.0,0.0,70.0,7.8,observed,False,0.0,0,none
2025-09-25 07:00:00,15.5,0.0,73.0,8.9,observed,False,0.0,0,none
2025-09-25 08:00:00,16.5,0.0,74.0,10.3,observed,False,0.0,0,none
2025-09-25 09:00:00,18.6,0.0,73.0,13.0,observed,False,0.0,0,none
2025-09-25 10:00:00,17.8,0.0,60.0,8.2,observed,False,0.0,0,none
2025-09-25 11:00:00,18.8,0.0,77.0,13.1,observed,False,0.0,0,none
2025-09-25 12:00:00,20.7,0.0,74.0,10.9,observed,False,0.0,0,none
2025-09-25 13:00:00,21.2,0.0,68.0,5.4,observed,False,0.0,0,none
2025-09-25 14:00:00,21.5,0.0,64.0,7.2,observed,False,0.0,0,none
2025-09-25 15:00:00,21.3,0.0,58.0,17.6,observed,False,0.0,0,none
2025-09-25 16:00:00,21.5,0.0,64.0,28.3,observed,True,0.0,0,none
2025-09-25 17:00:00,19.3,9.7,90.0,14.2,observed,False,9.699999999999996,1,heavy
2025-09-25 18:00:00,19.3,11.9,83.0,12.0,observed,False,21.599999999999994,1,heavy
2025-09-25 19:00:00,18.9,0.0,61.0,4.3,observed,False,21.599999999999994,0,none
2025-09-25 20:00:00,18.6,0.0,72.0,10.0,observed,False,11.899999999999997,0,none
2025-09-25 21:00:00,17.4,0.0,67.0,7.0,observed,False,0.0,0,none
2025-09-25 22:00:00,16.2,0.0,78.0,9.7,observed,False,0.0,0,none
2025-09-25 23:00:00,15.1,0.0,81.0,18.3,observed,False,0.0,0,none
2025-09-26 00:00:00,14.2,0.0,80.0,4.7,observed,False,0.0,0,none
2025-09-26 01:00:00,12.2,0.0,82.0,5.1,observed,False,0.0,0,none
2025-09-26 02:00:00,13.5,0.0,74.0,14.2,observed,False,0.0,0,none
2025-09-26 03:00:00,12.6,0.0,81.0,11.1,observed,False,0.0,0,none
2025-09-26 04:00:00,12.7,0.0,81.0,7.7,observed,False,0.0,0,none
2025-09-26 05:00:00,13.0,0.0,78.0,17.6,observed,False,0.0,0,none
2025-09-26 06:00:00,14.1,0.0,84.0,8.4,observed,False,0.0,0,none
2025-09-26 07:00:00,15.4,0.0,76.0,6.4,observed,False,0.0,0,none
2025-09-26 08:00:00,15.8,0.0,74.0,9.3,observed,False,0.0,0,none
2025-09-26 09:00:00,16.900000000000002,0.0,69.0,9.75,observed,True,0.0,0,none
2025-09-26 10:00:00,18.0,0.0,64.0,10.2,observed,False,0.0,0,none
2025-09-26 11:00:00,18.5,0.0,67.0,3.6,observed,False,0.0,0,none
2025-09-26 12:00:00,20.2,0.0,61.0,8.3,observed,False,0.0,0,none
2025-09-26 13:00:00,19.75,4.75,80.0,21.9,observed,False,4.7499999999999964,1,moderate
2025-09-26 14:00:00,20.6,0.0,65.0,11.7,observed,False,4.7499999999999964,0,none
2025-09-26 15:00:00,21.2,0.0,52.0,8.2,observed,False,4.7499999999999964,0,none
2025-09-26 16:00:00,21.5,0.1,60.0,8.6,observed,False,0.09999999999999645,1,light
2025-09-26 17:00:00,18.6,3.4,79.0,12.3,observed,False,3.4999999999999964,1,moderate
2025-09-26 18:00:00,17.6,4.9,91.0,6.2,observed,False,8.399999999999997,1,moderate
2025-09-26 19:00:00,18.6,0.3,72.0,9.5,observed,False,8.599999999999998,1,light
2025-09-26 20:00:00,18.1,0.0,67.0,11.6,observed,False,5.199999999999997,0,none
2025-09-26 21:00:00,15.7,0.0,71.0,10.7,observed,False,0.29999999999999644,0,none
2025-09-26 22:00:00,13.1,2.9,97.0,5.1,observed,False,2.8999999999999964,1,moderate
2025-09-26 23:00:00,16.0,0.0,77.0,5.3,observed,False,2.8999999999999964,0,none
2025-09-27 00:00:00,13.7,0.0,70.0,15.0,observed,False,2.8999999999999964,0,none
2025-09-27 01:00:00,14.5,0.0,73.0,10.5,observed,False,0.0,0,none
2025-09-27 02:00:00,14.3,0.0,83.0,5.2,observed,False,0.0,0,none
2025-09-27 03:00:00,13.1,0.0,85.0,12.5,observed,False,0.0,0,none
2025-09-27 04:00:00,13.6,0.0,74.0,10.8,observed,False,0.0,0,none
2025-09-27 05:00:00,13.1,0.0,90.0,18.5,observed,False,0.0,0,none
2025-09-27 06:00:00,14.5,0.0,72.0,9.0,observed,False,0.0,0,none
2025-09-27 07:00:00,14.9,0.0,77.0,17.7,observed,False,0.0,0,none
2025-09-27 08:00:00,16.0,0.0,83.0,10.3,observed,False,0.0,0,none
2025-09-27 09:00:00,16.9,0.0,69.0,8.7,observed,False,0.0,0,none
2025-09-27 10:00:00,19.2,0.0,64.0,16.4,observed,False,0.0,0,none
2025-09-27 11:00:00,19.8,0.0,61.0,11.7,observed,False,0.0,0,none
2025-09-27 12:00:00,20.3,0.0,61.0,7.5,observed,False,0.0,0,none
2025-09-27 13:00:00,21.5,0.0,62.0,16.7,observed,False,0.0,0,none
2025-09-27 14:00:00,21.3,0.0,66.0,12.1,observed,False,0.0,0,none
2025-09-27 15:00:00,21.3,0.0,65.0,17.4,observed,False,0.0,0,none
2025-09-27 16:00:00,20.8,0.0,64.5,11.0,observed,False,0.0,0,none
2025-09-27 17:00:00,20.9,0.0,64.0,12.8,observed,False,0.0,0,none
2025-09-27 18:00:00,20.7,0.0,54.0,5.3,observed,False,0.0,0,none
2025-09-27 19:00:00,18.7,0.0,63.0,16.0,observed,False,0.0,0,none
2025-09-27 20:00:00,19.2,0.0,71.0,9.7,observed,False,0.0,0,none
2025-09-27 21:00:00,18.3,0.0,71.0,12.0,observed,False,0.0,0,none
2025-09-27 22:00:00,16.5,0.0,71.0,16.3,observed,False,0.0,0,none
2025-09-27 23:00:00,15.7,0.0,70.0,15.1,observed,False,0.0,0,none
2025-09-28 00:00:00,14.0,0.0,82.0,11.8,observed,False,0.0,0,none
2025-09-28 01:00:00,13.4,0.0,82.0,8.8,observed,False,0.0,0,none
2025-09-28 02:00:00,13.3,0.0,84.0,9.4,observed,False,0.0,0,none
2025-09-28 03:00:00,12.8,0.0,73.0,11.8,observed,False,0.0,0,none
2025-09-28 04:00:00,12.8,0.0,86.0,5.2,observed,False,0.0,0,none
2025-09-28 05:00:00,12.6,0.0,79.0,11.7,observed,False,0.0,0,none
2025-09-28 06:00:00,13.8,0.0,74.0,4.2,observed,False,0.0,0,none
2025-09-28 07:00:00,15.8,0.0,70.0,5.5,observed,False,0.0,0,none
2025-09-28 08:00:00,15.5,0.0,78.0,8.1,observed,False,0.0,0,none
2025-09-28 09:00:00,16.8,0.0,78.0,9.0,observed,False,0.0,0,none
2025-09-28 10:00:00,18.3,0.0,67.0,16.1,observed,False,0.0,0,none
2025-09-28 11:00:00,19.0,0.0,78.5,11.3,observed,False,0.0,0,none
2025-09-28 12:00:00,18.7,9.6,90.0,8.5,observed,False,9.599999999999996,1,heavy
2025-09-28 13:00:00,18.3,8.3,77.0,11.4,observed,False,17.9,1,heavy
2025-09-28 14:00:00,21.7,0.0,52.0,17.3,observed,False,17.9,0,none
2025-09-28 15:00:00,19.4,0.8,76.0,9.1,observed,False,9.099999999999998,1,light
2025-09-28 16:00:00,18.3,2.4,84.0,14.2,observed,False,3.1999999999999966,1,light
2025-09-28 17:00:00,17.7,3.5,80.5,8.8,observed,False,6.699999999999997,1,moderate
2025-09-28 18:00:00,17.5,0.0,77.0,12.4,observed,True,5.899999999999997,0,none
2025-09-28 19:00:00,17.3,0.0,73.5,16.0,observed,True,3.4999999999999964,0,none
2025-09-28 20:00:00,17.1,0.0,70.0,19.6,observed,False,0.0,0,none
2025-09-28 21:00:00,15.9,0.0,68.0,10.2,observed,False,0.0,0,none
2025-09-28 22:00:00,13.5,5.0,87.0,13.0,observed,False,4.9999999999999964,1,moderate
2025-09-28 23:00:00,15.0,0.0,81.0,14.9,observed,False,4.9999999999999964,0,none
2025-09-29 00:00:00,12.2,0.0,89.0,10.9,observed,False,4.9999999999999964,0,none
2025-09-29 01:00:00,12.7,0.0,86.0,8.9,observed,False,0.0,0,none
2025-09-29 02:00:00,11.2,0.0,84.0,6.2,observed,False,0.0,0,none
2025-09-29 03:00:00,12.0,0.0,76.0,8.4,observed,False,0.0,0,none
2025-09-29 04:00:00,11.2,0.0,83.0,7.0,observed,False,0.0,0,none
2025-09-29 05:00:00,12.3,0.0,83.0,6.0,observed,False,0.0,0,none
2025-09-29 06:00:00,12.6,0.0,78.0,14.1,observed,False,0.0,0,none
2025-09-29 07:00:00,13.7,0.0,79.0,15.6,observed,False,0.0,0,none
2025-09-29 08:00:00,15.0,0.0,72.0,14.5,observed,False,0.0,0,none
2025-09-29 09:00:00,16.2,0.0,74.0,7.4,observed,False,0.0,0,none
2025-09-29 10:00:00,16.6,0.0,72.0,9.7,observed,False,0.0,0,none
2025-09-29 11:00:00,17.3,0.0,76.0,6.8,observed,False,0.0,0,none
2025-09-29 12:00:00,18.9,0.1,66.0,11.0,observed,False,0.09999999999999645,1,light
2025-09-29 13:00:00,18.9,0.0,71.0,16.9,observed,False,0.09999999999999645,0,none
2025-09-29 14:00:00,19.7,0.0,71.0,5.1,observed,False,0.09999999999999645,0,none
2025-09-29 15:00:00,19.6,0.0,66.0,5.8,observed,False,0.0,0,none
2025-09-29 16:00:00,20.4,0.0,63.0,7.1,observed,False,0.0,0,none
2025-09-29 17:00:00,15.9,4.5,89.0,10.9,observed,False,4.4999999999999964,1,moderate
2025-09-29 18:00:00,16.7,1.2,82.0,15.1,observed,False,5.699999999999997,1,light
2025-09-29 19:00:00,17.4,0.4,80.0,8.8,observed,False,6.099999999999996,1,light
2025-09-29 20:00:00,14.0,2.3,88.0,10.4,observed,False,3.8999999999999964,1,light
2025-09-29 21:00:00,16.0,0.0,78.0,17.8,observed,False,2.6999999999999966,0,none
2025-09-29 22:00:00,14.1,0.0,71.0,10.3,observed,False,2.2999999999999963,0,none
2025-09-29 23:00:00,14.0,0.0,81.0,11.8,observed,False,0.0,0,none
2025-09-30 00:00:00,13.4,0.0,83.0,18.2,observed,False,0.0,0,none
2025-09-30 01:00:00,12.6,0.0,85.0,9.7,observed,False,0.0,0,none
2025-09-30 02:00:00,13.0,0.0,81.0,11.4,observed,False,0.0,0,none
2025-09-30 03:00:00,12.0,0.0,90.0,9.6,observed,False,0.0,0,none
2025-09-30 04:00:00,11.7,0.0,86.0,16.9,observed,False,0.0,0,none
2025-09-30 05:00:00,12.9,0.0,81.0,10.4,observed,False,0.0,0,none
2025-09-30 06:00:00,13.75,0.0,81.5,9.55,observed,True,0.0,0,none
2025-09-30 07:00:00,14.6,0.0,82.0,8.7,observed,False,0.0,0,none
2025-09-30 08:00:00,15.8,0.0,82.0,11.9,observed,False,0.0,0,none
2025-09-30 09:00:00,16.4,0.0,75.0,9.7,observed,False,0.0,0,none
2025-09-30 10:00:00,17.0,0.0,75.0,13.5,observed,False,0.0,0,none
2025-09-30 11:00:00,17.4,0.0,74.0,5.6,observed,False,0.0,0,none
2025-09-30 12:00:00,17.6,2.7,85.0,11.7,observed,False,2.6999999999999966,1,moderate
2025-09-30 13:00:00,20.2,0.0,73.0,10.7,observed,False,2.6999999999999966,0,none
2025-09-30 14:00:00,20.45,0.0,62.5,10.25,observed,True,2.6999999999999966,0,none
2025-09-30 15:00:00,20.7,0.0,52.0,9.8,observed,False,0.0,0,none
2025-09-30 16:00:00,17.5,8.3,86.0,12.1,observed,False,8.299999999999997,1,heavy
2025-09-30 17:00:00,20.4,0.0,56.0,6.7,observed,False,8.299999999999997,0,none
2025-09-30 18:00:00,19.9,0.0,58.0,9.0,observed,False,8.299999999999997,0,none
2025-09-30 19:00:00,17.2,3.3,83.0,12.2,observed,False,3.2999999999999963,1,moderate
2025-09-30 20:00:00,15.4,4.6,88.0,9.1,observed,False,7.899999999999996,1,moderate
2025-09-30 21:00:00,15.9,0.0,73.0,7.4,observed,False,7.899999999999996,0,none
2025-09-30 22:00:00,14.8,0.0,72.0,10.7,observed,False,4.599999999999996,0,none
2025-09-30 23:00:00,14.2,0.0,84.0,7.6,observed,False,0.0,0,none
2025-10-01 00:00:00,12.7,0.0,83.0,8.6,observed,False,0.0,0,none
2025-10-01 01:00:00,11.4,0.0,81.0,8.0,observed,False,0.0,0,none
2025-10-01 02:00:00,10.5,0.0,85.0,8.3,observed,False,0.0,0,none
2025-10-01 03:00:00,10.0,0.0,83.0,4.2,observed,False,0.0,0,none
2025-10-01 04:00:00,10.7,0.0,93.0,12.4,observed,False,0.0,0,none
2025-10-01 05:00:00,11.6,0.0,85.0,14.5,observed,False,0.0,0,none
2025-10-01 06:00:00,12.6,0.0,78.0,7.0,observed,False,0.0,0,none
2025-10-01 07:00:00,14.3,0.0,75.0,11.5,observed,False,0.0,0,none
2025-10-01 08:00:00,15.6,0.0,74.0,4.4,observed,False,0.0,0,none
2025-10-01 09:00:00,17.4,0.0,76.0,14.8,observed,False,0.0,0,none
2025-10-01 10:00:00,19.4,0.0,67.0,9.2,observed,False,0.0,0,none
2025-10-01 11:00:00,20.6,0.0,60.0,11.5,observed,False,0.0,0,none
2025-10-01 12:00:00,22.1,0.0,54.0,17.6,observed,False,0.0,0,none
2025-10-01 13:00:00,20.4,6.2,76.0,15.0,observed,False,6.199999999999997,1,moderate
2025-10-01 14:00:00,24.6,0.0,53.0,12.9,observed,False,6.199999999999997,0,none
2025-10-01 15:00:00,21.6,5.2,72.0,10.7,observed,False,11.399999999999997,1,moderate
2025-10-01 16:00:00,21.7,1.2,78.0,11.8,observed,False,6.399999999999997,1,light
2025-10-01 17:00:00,23.0,0.0,53.0,4.1,observed,False,6.399999999999997,0,none
2025-10-01 18:00:00,22.3,0.2,55.0,6.5,observed,False,1.3999999999999964,1,light
2025-10-01 19:00:00,21.4,0.0,64.0,10.1,observed,False,0.19999999999999646,0,none
2025-10-01 20:00:00,19.3,0.0,60.0,11.1,observed,False,0.19999999999999646,0,none
2025-10-01 21:00:00,15.0,1.1,84.0,7.9,observed,False,1.0999999999999965,1,light
2025-10-01 22:00:00,15.8,0.0,75.0,5.3,observed,False,1.0999999999999965,0,none
2025-10-01 23:00:00,14.5,0.0,84.0,10.4,observed,False,1.0999999999999965,0,none
2025-10-02 00:00:00,10.8,0.0,85.0,11.0,observed,False,0.0,0,none
2025-10-02 01:00:00,10.7,0.0,79.0,18.3,observed,False,0.0,0,none
2025-10-02 02:00:00,11.3,0.0,88.0,12.2,observed,False,0.0,0,none
2025-10-02 03:00:00,10.5,0.0,80.0,10.7,observed,False,0.0,0,none
2025-10-02 04:00:00,10.3,0.0,84.0,15.1,observed,False,0.0,0,none
2025-10-02 05:00:00,10.6,0.0,95.0,11.7,observed,False,0.0,0,none
2025-10-02 06:00:00,11.8,0.0,91.0,14.9,observed,False,0.0,0,none
2025-10-02 07:00:00,13.3,0.0,82.0,14.8,observed,False,0.0,0,none
2025-10-02 08:00:00,14.8,0.0,72.0,10.4,observed,False,0.0,0,none
2025-10-02 09:00:00,16.6,0.0,83.0,13.2,observed,False,0.0,0,none
2025-10-02 10:00:00,18.6,0.0,66.0,4.6,observed,False,0.0,0,none
2025-10-02 11:00:00,20.25,0.0,63.5,9.25,observed,True,0.0,0,none
2025-10-02 12:00:00,21.9,0.0,61.0,13.9,observed,False,0.0,0,none
2025-10-02 13:00:00,23.4,0.0,60.0,4.6,observed,False,0.0,0,none
2025-10-02 14:00:00,24.5,0.0,63.0,9.6,observed,False,0.0,0,none
2025-10-02 15:00:00,24.2,0.0,59.0,13.5,observed,False,0.0,0,none
2025-10-02 16:00:00,23.9,0.0,53.0,8.5,observed,False,0.0,0,none
2025-10-02 17:00:00,23.3,0.0,48.0,11.5,observed,False,0.0,0,none
2025-10-02 18:00:00,21.7,0.0,71.0,14.2,observed,False,0.0,0,none
2025-10-02 19:00:00,20.4,0.0,58.0,12.0,observed,False,0.0,0,none
2025-10-02 20:00:00,18.7,0.0,60.0,19.8,observed,False,0.0,0,none
2025-10-02 21:00:00,16.9,0.0,76.0,8.1,observed,False,0.0,0,none
2025-10-02 22:00:00,16.2,0.0,73.0,11.2,observed,False,0.0,0,none
2025-10-02 23:00:00,13.4,0.0,79.0,9.1,observed,False,0.0,0,none
2025-10-03 00:00:00,9.6,0.0,81.0,12.6,observed,False,0.0,0,none
2025-10-03 01:00:00,8.9,0.0,96.0,8.8,observed,False,0.0,0,none
2025-10-03 02:00:00,8.7,0.0,94.0,15.5,observed,False,0.0,0,none
2025-10-03 03:00:00,7.4,0.0,96.0,14.0,observed,False,0.0,0,none
2025-10-03 04:00:00,8.0,0.0,94.0,15.1,observed,False,0.0,0,none
2025-10-03 05:00:00,8.8,0.0,99.0,13.7,observed,False,0.0,0,none
2025-10-03 06:00:00,9.4,0.0,88.0,8.3,observed,False,0.0,0,none
2025-10-03 07:00:00,11.8,0.0,81.0,16.3,observed,False,0.0,0,none
2025-10-03 08:00:00,13.0,0.0,91.0,15.6,observed,False,0.0,0,none
2025-10-03 09:00:00,14.1,0.0,75.0,7.9,observed,True,0.0,0,none
2025-10-03 10:00:00,17.1,0.0,69.0,6.8,observed,False,0.0,0,none
2025-10-03 11:00:00,18.7,0.0,67.0,16.2,observed,False,0.0,0,none
2025-10-03 12:00:00,19.1,0.0,61.0,5.2,observed,False,0.0,0,none
2025-10-03 13:00:00,20.9,0.0,67.0,8.4,observed,False,0.0,0,none
2025-10-03 14:00:00,21.7,0.0,64.0,12.1,observed,False,0.0,0,none
2025-10-03 15:00:00,21.6,0.0,71.0,8.5,observed,False,0.0,0,none
2025-10-03 16:00:00,21.3,0.0,63.0,16.7,observed,False,0.0,0,none
2025-10-03 17:00:00,21.1,0.0,63.0,12.8,observed,False,0.0,0,none
2025-10-03 18:00:00,19.7,0.0,68.0,14.0,observed,False,0.0,0,none
2025-10-03 19:00:00,18.3,0.0,74.0,6.1,observed,False,0.0,0,none
2025-10-03 20:00:00,16.6,0.0,65.0,11.3,observed,False,0.0,0,none
2025-10-03 21:00:00,14.8,0.0,75.0,14.6,observed,False,0.0,0,none
2025-10-03 22:00:00,12.6,0.0,80.0,16.6,observed,False,0.0,0,none
2025-10-03 23:00:00,11.5,0.0,87.0,7.0,observed,False,0.0,0,none
2025-10-04 00:00:00,9.7,0.0,96.0,12.0,observed,False,0.0,0,none
2025-10-04 01:00:00,8.5,0.0,100.0,6.9,observed,False,0.0,0,none
2025-10-04 02:00:00,8.4,0.0,96.0,10.2,observed,False,0.0,0,none
2025-10-04 03:00:00,8.1,0.0,94.0,7.4,observed,False,0.0,0,none
2025-10-04 04:00:00,7.5,0.0,98.0,11.1,observed,False,0.0,0,none
2025-10-04 05:00:00,8.8,0.0,87.0,9.2,observed,False,0.0,0,none
2025-10-04 06:00:00,9.5,0.0,89.0,9.9,observed,False,0.0,0,none
2025-10-04 07:00:00,11.2,0.0,94.0,9.7,observed,False,0.0,0,none
2025-10-04 08:00:00,12.6,0.0,78.0,11.2,observed,False,0.0,0,none
2025-10-04 09:00:00,14.3,0.0,74.0,7.8,observed,False,0.0,0,none
2025-10-04 10:00:00,17.2,0.0,63.0,13.2,observed,False,0.0,0,none
2025-10-04 11:00:00,17.8,0.0,77.0,14.9,observed,False,0.0,0,none
2025-10-04 12:00:00,19.5,0.0,58.0,9.7,observed,False,0.0,0,none
2025-10-04 13:00:00,20.6,0.0,60.0,11.5,observed,False,0.0,0,none
2025-10-04 14:00:00,21.0,0.0,62.0,12.7,observed,False,0.0,0,none
2025-10-04 15:00:00,21.4,0.0,55.0,6.4,observed,False,0.0,0,none
2025-10-04 16:00:00,18.4,3.3,80.0,13.9,observed,False,3.2999999999999963,1,moderate
2025-10-04 17:00:00,18.3,11.5,77.0,5.8,observed,False,14.799999999999997,1,heavy
2025-10-04 18:00:00,19.8,0.0,65.0,12.1,observed,False,14.799999999999997,0,none
2025-10-04 19:00:00,17.8,0.0,66.0,9.8,observed,False,11.499999999999996,0,none
2025-10-04 20:00:00,14.3,3.4,83.0,5.3,observed,False,3.3999999999999964,1,moderate
2025-10-04 21:00:00,13.25,0.0,84.0,4.8,observed,True,3.3999999999999964,0,none
2025-10-04 22:00:00,12.2,0.0,85.0,4.3,observed,False,3.3999999999999964,0,none
2025-10-04 23:00:00,11.25,0.0,80.0,15.0,observed,False,0.0,0,none
2025-10-05 00:00:00,11.2,0.0,88.0,6.9,observed,False,0.0,0,none
2025-10-05 01:00:00,10.2,0.0,89.0,19.3,observed,False,0.0,0,none
2025-10-05 02:00:00,10.1,0.0,85.0,16.4,observed,False,0.0,0,none
2025-10-05 03:00:00,9.9,0.0,87.0,12.0,observed,False,0.0,0,none
2025-10-05 04:00:00,9.1,0.0,89.5,5.2,observed,False,0.0,0,none
2025-10-05 05:00:00,10.9,0.0,92.0,23.4,observed,False,0.0,0,none
2025-10-05 06:00:00,11.9,0.0,90.0,14.85,observed,True,0.0,0,none
2025-10-05 07:00:00,12.9,0.0,88.0,6.3,observed,False,0.0,0,none
2025-10-05 08:00:00,14.6,0.0,89.0,5.6,observed,False,0.0,0,none
2025-10-05 09:00:00,16.2,0.0,66.0,10.1,observed,False,0.0,0,none
2025-10-05 10:00:00,18.1,0.0,66.0,15.7,observed,False,0.0,0,none
2025-10-05 11:00:00,20.0,0.0,67.0,7.9,observed,False,0.0,0,none
2025-10-05 12:00:00,20.7,0.0,62.0,14.6,observed,False,0.0,0,none
2025-10-05 13:00:00,22.4,0.0,62.0,15.4,observed,False,0.0,0,none
2025-10-05 14:00:00,23.1,0.0,53.0,8.5,observed,False,0.0,0,none
2025-10-05 15:00:00,23.7,0.0,55.0,9.1,observed,False,0.0,0,none
2025-10-05 16:00:00,23.0,0.0,56.0,10.6,observed,False,0.0,0,none
2025-10-05 17:00:00,22.1,0.0,68.0,8.6,observed,False,0.0,0,none
2025-10-05 18:00:00,21.5,0.0,57.0,16.6,observed,False,0.0,0,none
2025-10-05 19:00:00,19.2,0.0,74.0,8.2,observed,False,0.0,0,none
2025-10-05 20:00:00,19.0,0.0,66.0,10.7,observed,False,0.0,0,none
2025-10-05 21:00:00,16.5,0.0,79.0,7.5,observed,False,0.0,0,none
2025-10-05 22:00:00,14.5,0.0,82.0,7.0,observed,False,0.0,0,none
2025-10-05 23:00:00,13.7,0.0,76.0,9.0,observed,False,0.0,0,none
2025-10-06 00:00:00,13.1,0.0,87.0,20.3,observed,False,0.0,0,none
2025-10-06 01:00:00,11.3,0.0,88.0,12.3,observed,False,0.0,0,none
2025-10-06 02:00:00,10.7,0.0,85.0,13.5,observed,False,0.0,0,none
2025-10-06 03:00:00,9.6,0.0,90.0,13.4,observed,False,0.0,0,none
2025-10-06 04:00:00,10.5,0.0,99.0,7.4,observed,False,0.0,0,none
2025-10-06 05:00:00,11.6,0.0,90.0,13.9,observed,False,0.0,0,none
2025-10-06 06:00:00,12.9,0.0,80.0,16.9,observed,False,0.0,0,none
2025-10-06 07:00:00,13.9,0.0,81.0,16.5,observed,False,0.0,0,none
2025-10-06 08:00:00,15.9,0.0,75.0,5.4,observed,False,0.0,0,none
2025-10-06 09:00:00,17.0,0.0,82.0,9.1,observed,False,0.0,0,none
2025-10-06 10:00:00,18.4,0.0,61.0,8.6,observed,False,0.0,0,none
2025-10-06 11:00:00,21.0,0.0,59.0,8.7,observed,True,0.0,0,none
2025-10-06 12:00:00,22.5,0.0,67.0,11.1,observed,False,0.0,0,none
2025-10-06 13:00:00,24.3,0.0,53.0,16.6,observed,False,0.0,0,none
2025-10-06 14:00:00,24.0,0.0,70.0,16.2,observed,False,0.0,0,none
2025-10-06 15:00:00,24.3,0.0,63.0,4.2,observed,False,0.0,0,none
2025-10-06 16:00:00,23.2,0.0,60.0,15.0,observed,False,0.0,0,none
2025-10-06 17:00:00,23.3,0.0,67.0,8.8,observed,False,0.0,0,none
2025-10-06 18:00:00,22.0,0.0,52.0,11.1,observed,False,0.0,0,none
2025-10-06 19:00:00,20.7,0.0,59.0,7.2,observed,False,0.0,0,none
2025-10-06 20:00:00,19.6,0.0,73.0,10.1,observed,False,0.0,0,none
2025-10-06 21:00:00,17.8,0.0,69.0,4.3,observed,False,0.0,0,none
2025-10-06 22:00:00,16.0,0.0,75.0,13.1,observed,False,0.0,0,none
2025-10-06 23:00:00,14.0,0.0,75.0,8.9,observed,False,0.0,0,none
2025-10-07 00:00:00,12.6,0.0,87.0,6.8,observed,False,0.0,0,none
2025-10-07 01:00:00,12.3,0.0,82.0,8.0,observed,False,0.0,0,none
2025-10-07 02:00:00,11.5,0.0,83.0,8.4,observed,False,0.0,0,none
2025-10-07 03:00:00,11.3,0.0,84.0,5.7,observed,False,0.0,0,none
2025-10-07 04:00:00,11.9,0.0,82.0,7.8,observed,False,0.0,0,none
2025-10-07 05:00:00,13.6,0.0,72.0,3.5,observed,False,0.0,0,none
2025-10-07 06:00:00,13.5,0.0,82.0,10.0,observed,False,0.0,0,none
2025-10-07 07:00:00,13.8,0.0,84.0,8.9,observed,False,0.0,0,none
2025-10-07 08:00:00,16.1,0.0,69.0,11.1,observed,False,0.0,0,none
2025-10-07 09:00:00,17.2,0.0,66.0,16.7,observed,False,0.0,0,none
2025-10-07 10:00:00,18.9,0.0,74.0,7.0,observed,False,0.0,0,none
2025-10-07 11:00:00,21.0,0.0,68.0,12.1,observed,False,0.0,0,none
2025-10-07 12:00:00,23.3,0.0,58.0,9.7,observed,False,0.0,0,none
2025-10-07 13:00:00,23.5,0.0,66.0,7.3,observed,False,0.0,0,none
2025-10-07 14:00:00,24.4,0.0,52.0,17.9,observed,False,0.0,0,none
2025-10-07 15:00:00,25.1,0.0,53.0,12.9,observed,False,0.0,0,none
2025-10-07 16:00:00,25.2,0.0,54.0,10.2,observed,False,0.0,0,none
2025-10-07 17:00:00,23.4,0.0,60.0,9.8,observed,False,0.0,0,none
2025-10-07 18:00:00,24.1,0.0,60.0,13.1,observed,False,0.0,0,none
2025-10-07 19:00:00,21.1,0.0,57.0,5.9,observed,False,0.0,0,none
2025-10-07 20:00:00,19.7,0.0,65.0,13.0,observed,False,0.0,0,none
2025-10-07 21:00:00,18.8,0.0,68.0,7.2,observed,False,0.0,0,none
2025-10-07 22:00:00,16.5,0.0,74.0,8.2,observed,False,0.0,0,none
2025-10-07 23:00:00,15.7,0.0,70.0,14.1,observed,False,0.0,0,none
2025-10-08 00:00:00,13.2,0.0,86.0,10.8,observed,False,0.0,0,none
2025-10-08 01:00:00,12.5,0.0,86.5,12.7,observed,False,0.0,0,none
2025-10-08 02:00:00,11.3,0.0,87.0,12.8,observed,False,0.0,0,none
2025-10-08 03:00:00,11.2,0.0,83.0,9.0,observed,False,0.0,0,none
2025-10-08 04:00:00,11.8,0.0,75.0,9.8,observed,False,0.0,0,none
2025-10-08 05:00:00,12.2,0.0,84.0,16.7,observed,False,0.0,0,none
2025-10-08 06:00:00,14.9,0.0,72.0,8.5,observed,False,0.0,0,none
2025-10-08 07:00:00,14.7,0.0,73.0,4.8,observed,False,0.0,0,none
2025-10-08 08:00:00,16.0,0.0,72.0,7.3,observed,False,0.0,0,none
2025-10-08 09:00:00,18.6,0.0,76.0,24.6,observed,False,0.0,0,none
2025-10-08 10:00:00,19.3,0.0,58.0,5.5,observed,False,0.0,0,none
2025-10-08 11:00:00,22.4,0.0,58.0,14.4,observed,False,0.0,0,none
2025-10-08 12:00:00,22.6,0.0,57.0,8.1,observed,False,0.0,0,none
2025-10-08 13:00:00,24.9,0.0,57.0,15.7,observed,False,0.0,0,none
2025-10-08 14:00:00,25.3,0.0,59.0,8.5,observed,False,0.0,0,none
2025-10-08 15:00:00,24.8,0.0,47.0,14.1,observed,False,0.0,0,none
2025-10-08 16:00:00,25.4,0.0,55.0,11.7,observed,False,0.0,0,none
2025-10-08 17:00:00,23.8,0.0,46.0,8.6,observed,False,0.0,0,none
2025-10-08 18:00:00,21.8,0.0,65.0,12.4,observed,False,0.0,0,none
2025-10-08 19:00:00,22.0,0.0,59.0,13.9,observed,False,0.0,0,none
2025-10-08 20:00:00,19.1,0.0,65.0,6.4,observed,False,0.0,0,none
2025-10-08 21:00:00,17.6,0.0,71.0,9.5,observed,False,0.0,0,none
2025-10-08 22:00:00,17.2,0.0,79.0,11.5,observed,False,0.0,0,none
2025-10-08 23:00:00,14.2,0.0,73.0,7.7,observed,False,0.0,0,none
2025-10-09 00:00:00,12.6,0.0,76.0,18.4,observed,False,0.0,0,none
2025-10-09 01:00:00,11.9,0.0,88.0,15.6,observed,False,0.0,0,none
2025-10-09 02:00:00,11.6,0.0,86.0,7.8,observed,False,0.0,0,none
2025-10-09 03:00:00,11.9,0.0,88.0,8.3,observed,False,0.0,0,none
2025-10-09 04:00:00,11.0,0.0,83.0,7.0,observed,False,0.0,0,none
2025-10-09 05:00:00,12.0,0.0,77.0,10.6,observed,False,0.0,0,none
2025-10-09 06:00:00,12.9,0.0,84.0,10.9,observed,False,0.0,0,none
2025-10-09 07:00:00,14.4,0.0,89.0,5.5,observed,False,0.0,0,none
2025-10-09 08:00:00,16.05,0.0,77.5,7.9,observed,True,0.0,0,none
2025-10-09 09:00:00,17.7,0.0,66.0,10.3,observed,False,0.0,0,none
2025-10-09 10:00:00,19.9,0.0,71.0,13.0,observed,False,0.0,0,none
2025-10-09 11:00:00,20.7,0.0,56.0,11.0,observed,False,0.0,0,none
2025-10-09 12:00:00,22.7,0.0,59.0,7.1,observed,False,0.0,0,none
2025-10-09 13:00:00,23.3,0.0,51.0,7.7,observed,False,0.0,0,none
2025-10-09 14:00:00,23.6,0.0,53.0,14.0,observed,False,0.0,0,none
2025-10-09 15:00:00,25.0,0.0,52.0,6.9,observed,False,0.0,0,none
2025-10-09 16:00:00,24.4,0.0,52.0,13.5,observed,False,0.0,0,none
2025-10-09 17:00:00,23.4,0.0,58.0,16.2,observed,False,0.0,0,none
2025-10-09 18:00:00,23.5,0.0,54.0,13.4,observed,False,0.0,0,none
2025-10-09 19:00:00,20.9,0.0,60.0,11.4,observed,False,0.0,0,none
2025-10-09 20:00:00,19.6,0.0,72.0,10.5,observed,False,0.0,0,none
2025-10-09 21:00:00,17.2,0.0,71.0,3.8,observed,False,0.0,0,none
2025-10-09 22:00:00,16.7,0.0,75.0,6.2,observed,False,0.0,0,none
2025-10-09 23:00:00,14.3,0.0,75.0,13.7,observed,False,0.0,0,none
2025-10-10 00:00:00,13.2,0.0,83.0,5.8,observed,False,0.0,0,none
2025-10-10 01:00:00,12.8,0.0,85.0,12.5,observed,False,0.0,0,none
2025-10-10 02:00:00,11.0,0.0,85.0,18.4,observed,False,0.0,0,none
2025-10-10 03:00:00,10.7,0.0,88.0,12.7,observed,False,0.0,0,none
2025-10-10 04:00:00,11.8,0.0,92.0,15.0,observed,False,0.0,0,none
2025-10-10 05:00:00,11.9,0.0,83.0,11.0,observed,False,0.0,0,none
2025-10-10 06:00:00,12.5,0.0,94.0,7.7,observed,False,0.0,0,none
2025-10-10 07:00:00,14.6,0.0,79.0,12.5,observed,False,0.0,0,none
2025-10-10 08:00:00,15.2,0.0,78.0,5.5,observed,False,0.0,0,none
2025-10-10 09:00:00,18.1,0.0,60.0,6.6,observed,False,0.0,0,none
2025-10-10 10:00:00,19.0,0.0,75.0,15.8,observed,False,0.0,0,none
2025-10-10 11:00:00,21.3,0.0,63.0,7.1,observed,False,0.0,0,none
2025-10-10 12:00:00,22.4,0.0,52.0,9.1,observed,False,0.0,0,none
2025-10-10 13:00:00,23.3,0.0,56.0,5.2,observed,False,0.0,0,none
2025-10-10 14:00:00,24.0,0.0,53.0,7.9,observed,False,0.0,0,none
2025-10-10 15:00:00,24.4,0.0,57.0,9.8,observed,False,0.0,0,none
2025-10-10 16:00:00,24.0,0.0,65.0,15.4,observed,False,0.0,0,none
2025-10-10 17:00:00,23.0,0.0,65.0,11.8,observed,False,0.0,0,none
2025-10-10 18:00:00,22.0,0.0,43.0,11.5,observed,False,0.0,0,none
2025-10-10 19:00:00,20.3,0.0,58.0,10.049999999999999,observed,True,0.0,0,none
2025-10-10 20:00:00,18.6,0.0,73.0,8.6,observed,False,0.0,0,none
2025-10-10 21:00:00,17.6,0.0,69.0,5.0,observed,False,0.0,0,none
2025-10-10 22:00:00,15.9,0.0,75.0,5.9,observed,False,0.0,0,none
2025-10-10 23:00:00,13.8,0.0,83.0,7.9,observed,False,0.0,0,none
2025-10-11 00:00:00,14.2,0.0,82.5,9.7,observed,False,0.0,0,none
2025-10-11 01:00:00,13.0,0.0,82.0,10.1,observed,False,0.0,0,none
2025-10-11 02:00:00,12.0,0.0,85.0,8.5,observed,False,0.0,0,none
2025-10-11 03:00:00,13.0,0.0,81.0,16.6,observed,False,0.0,0,none
2025-10-11 04:00:00,12.0,0.0,77.0,6.6,observed,False,0.0,0,none
2025-10-11 05:00:00,12.9,0.0,88.0,15.4,observed,False,0.0,0,none
2025-10-11 06:00:00,14.0,0.0,81.5,17.3,observed,False,0.0,0,none
2025-10-11 07:00:00,15.2,0.0,75.0,9.8,observed,True,0.0,0,none
2025-10-11 08:00:00,17.1,0.0,78.0,10.0,observed,False,0.0,0,none
2025-10-11 09:00:00,18.6,0.0,66.0,9.6,observed,False,0.0,0,none
2025-10-11 10:00:00,21.3,0.0,54.0,5.2,observed,False,0.0,0,none
2025-10-11 11:00:00,21.8,0.0,57.0,7.8,observed,False,0.0,0,none
2025-10-11 12:00:00,23.0,0.0,69.0,18.3,observed,False,0.0,0,none
2025-10-11 13:00:00,24.6,0.0,48.0,7.3,observed,False,0.0,0,none
2025-10-11 14:00:00,25.3,0.0,47.0,7.9,observed,False,0.0,0,none
2025-10-11 15:00:00,26.2,0.0,46.0,7.4,observed,False,0.0,0,none
2025-10-11 16:00:00,25.5,0.0,55.0,14.3,observed,False,0.0,0,none
2025-10-11 17:00:00,24.7,0.0,54.0,23.6,observed,False,0.0,0,none
2025-10-11 18:00:00,22.9,0.0,62.0,16.8,observed,False,0.0,0,none
2025-10-11 19:00:00,22.4,0.0,56.0,11.8,observed,False,0.0,0,none
2025-10-11 20:00:00,20.4,0.0,60.0,9.5,observed,False,0.0,0,none
2025-10-11 21:00:00,18.2,0.0,52.0,8.6,observed,False,0.0,0,none
2025-10-11 22:00:00,17.2,0.0,70.0,13.5,observed,False,0.0,0,none
2025-10-11 23:00:00,15.7,0.0,68.0,12.2,observed,False,0.0,0,none
2025-10-12 00:00:00,11.6,0.0,75.0,10.1,observed,False,0.0,0,none
2025-10-12 01:00:00,11.6,0.0,83.0,16.9,observed,False,0.0,0,none
2025-10-12 02:00:00,11.1,0.0,89.0,8.2,observed,False,0.0,0,none
2025-10-12 03:00:00,10.1,0.0,88.0,10.1,observed,False,0.0,0,none
2025-10-12 04:00:00,10.3,0.0,82.0,8.0,observed,False,0.0,0,none
2025-10-12 05:00:00,11.4,0.0,90.0,12.0,observed,False,0.0,0,none
2025-10-12 06:00:00,13.1,0.0,85.0,5.8,observed,False,0.0,0,none
2025-10-12 07:00:00,14.0,0.0,71.0,6.0,observed,False,0.0,0,none
2025-10-12 08:00:00,15.8,0.0,81.0,5.2,observed,False,0.0,0,none
2025-10-12 09:00:00,17.4,0.0,77.0,8.0,observed,False,0.0,0,none
2025-10-12 10:00:00,19.1,0.0,64.0,6.5,observed,False,0.0,0,none
2025-10-12 11:00:00,21.2,0.0,55.0,14.9,observed,False,0.0,0,none
2025-10-12 12:00:00,20.8,0.0,67.0,11.1,observed,False,0.0,0,none
2025-10-12 13:00:00,22.9,0.0,64.0,12.1,observed,False,0.0,0,none
2025-10-12 14:00:00,24.2,0.0,57.0,11.1,observed,False,0.0,0,none
2025-10-12 15:00:00,24.5,0.0,52.0,9.2,observed,False,0.0,0,none
2025-10-12 16:00:00,23.9,0.0,60.0,20.4,observed,False,0.0,0,none
2025-10-12 17:00:00,23.0,0.0,70.0,7.8,observed,False,0.0,0,none
2025-10-12 18:00:00,22.2,0.0,58.0,11.6,observed,False,0.0,0,none
2025-10-12 19:00:00,20.3,0.0,63.0,9.7,observed,False,0.0,0,none
2025-10-12 20:00:00,18.700000000000003,0.0,67.0,5.8,observed,True,0.0,0,none
2025-10-12 21:00:00,17.1,0.0,70.0,9.2,observed,False,0.0,0,none
2025-10-12 22:00:00,16.5,0.0,81.0,9.4,observed,False,0.0,0,none
2025-10-12 23:00:00,14.0,0.0,79.0,9.2,observed,False,0.0,0,none
2025-10-13 00:00:00,13.7,0.0,83.0,8.6,observed,False,0.0,0,none
2025-10-13 01:00:00,12.1,0.0,92.0,10.3,observed,False,0.0,0,none
2025-10-13 02:00:00,11.3,0.0,88.0,12.2,observed,False,0.0,0,none
2025-10-13 03:00:00,11.3,0.0,81.0,8.1,observed,False,0.0,0,none
2025-10-13 04:00:00,12.2,0.0,82.0,13.0,observed,False,0.0,0,none
2025-10-13 05:00:00,12.0,0.0,83.0,9.2,observed,False,0.0,0,none
2025-10-13 06:00:00,14.2,0.0,94.0,10.5,observed,False,0.0,0,none
2025-10-13 07:00:00,14.3,0.0,74.0,9.1,observed,False,0.0,0,none
2025-10-13 08:00:00,17.0,0.0,63.0,7.6,observed,False,0.0,0,none
2025-10-13 09:00:00,17.7,0.0,68.0,11.0,observed,False,0.0,0,none
2025-10-13 10:00:00,20.1,0.0,64.0,11.2,observed,False,0.0,0,none
2025-10-13 11:00:00,20.6,0.0,69.0,5.7,observed,False,0.0,0,none
2025-10-13 12:00:00,22.9,0.0,55.0,7.7,observed,False,0.0,0,none
2025-10-13 13:00:00,22.7,0.7,69.0,14.8,observed,False,0.6999999999999964,1,light
2025-10-13 14:00:00,24.7,0.0,62.0,9.2,observed,False,0.6999999999999964,0,none
2025-10-13 15:00:00,23.1,2.3,68.0,12.1,observed,False,2.9999999999999964,1,light
2025-10-13 16:00:00,23.6,2.4,75.0,8.0,observed,False,4.699999999999996,1,light
2025-10-13 17:00:00,21.5,1.7,76.0,7.5,observed,False,6.399999999999996,1,light
2025-10-13 18:00:00,21.7,5.9,72.0,11.7,observed,False,9.999999999999996,1,moderate
2025-10-13 19:00:00,21.4,0.0,62.0,8.3,observed,False,7.599999999999996,0,none
2025-10-13 20:00:00,18.3,4.4,82.0,8.6,observed,False,10.299999999999997,1,moderate
2025-10-13 21:00:00,18.2,0.0,70.0,13.1,observed,False,4.399999999999997,0,none
2025-10-13 22:00:00,16.7,0.0,76.0,7.7,observed,False,4.399999999999997,0,none
2025-10-13 23:00:00,14.9,0.0,79.0,7.3,observed,False,0.0,0,none
2025-10-14 00:00:00,13.8,0.0,75.0,11.4,observed,False,0.0,0,none
2025-10-14 01:00:00,11.6,0.0,83.0,12.0,observed,False,0.0,0,none
2025-10-14 02:00:00,11.7,0.0,83.0,9.7,observed,False,0.0,0,none
2025-10-14 03:00:00,11.3,0.0,94.0,9.4,observed,False,0.0,0,none
2025-10-14 04:00:00,11.15,0.0,86.0,14.1,observed,False,0.0,0,none
2025-10-14 05:00:00,12.0,0.0,90.0,6.0,observed,False,0.0,0,none
2025-10-14 06:00:00,14.3,0.0,80.0,12.1,observed,False,0.0,0,none
2025-10-14 07:00:00,14.6,0.0,84.0,23.2,observed,True,0.0,0,none
2025-10-14 08:00:00,16.7,0.0,65.0,6.0,observed,False,0.0,0,none
2025-10-14 09:00:00,18.5,0.0,65.0,11.0,observed,False,0.0,0,none
2025-10-14 10:00:00,19.7,0.0,71.0,9.2,observed,False,0.0,0,none
2025-10-14 11:00:00,21.299999999999997,0.0,62.0,7.85,observed,True,0.0,0,none
2025-10-14 12:00:00,22.9,0.0,53.0,6.5,observed,False,0.0,0,none
2025-10-14 13:00:00,24.4,0.0,57.0,9.2,observed,False,0.0,0,none
2025-10-14 14:00:00,24.2,0.0,50.0,12.2,observed,False,0.0,0,none
2025-10-14 15:00:00,25.8,0.0,53.0,9.6,observed,False,0.0,0,none
2025-10-14 16:00:00,24.8,0.0,51.0,5.5,observed,False,0.0,0,none
2025-10-14 17:00:00,24.0,0.0,59.0,6.4,observed,False,0.0,0,none
2025-10-14 18:00:00,23.5,0.0,62.0,9.6,observed,False,0.0,0,none
2025-10-14 19:00:00,21.8,0.0,53.0,12.1,observed,False,0.0,0,none
2025-10-14 20:00:00,19.8,0.0,68.0,8.1,observed,False,0.0,0,none
2025-10-14 21:00:00,18.7,0.0,73.0,7.3,observed,False,0.0,0,none
2025-10-14 22:00:00,16.4,0.0,79.0,6.8,observed,False,0.0,0,none
2025-10-14 23:00:00,15.1,0.0,80.0,7.7,observed,False,0.0,0,none
2025-10-15 00:00:00,12.7,0.0,84.0,4.6,observed,False,0.0,0,none
2025-10-15 01:00:00,11.0,0.0,88.0,5.9,observed,False,0.0,0,none
2025-10-15 02:00:00,10.8,0.0,85.0,10.6,observed,False,0.0,0,none
2025-10-15 03:00:00,9.9,0.0,86.0,13.7,observed,False,0.0,0,none
2025-10-15 04:00:00,9.7,0.0,88.0,6.2,observed,False,0.0,0,none
2025-10-15 05:00:00,11.2,0.0,90.0,10.0,observed,False,0.0,0,none
2025-10-15 06:00:00,12.3,0.0,78.0,8.7,observed,False,0.0,0,none
2025-10-15 07:00:00,13.5,0.0,84.0,12.4,observed,False,0.0,0,none
2025-10-15 08:00:00,14.9,0.0,81.0,8.1,observed,False,0.0,0,none
2025-10-15 09:00:00,17.2,0.0,72.0,12.1,observed,False,0.0,0,none
2025-10-15 10:00:00,18.9,0.0,69.0,13.1,observed,False,0.0,0,none
2025-10-15 11:00:00,20.7,0.0,62.0,4.8,observed,False,0.0,0,none
2025-10-15 12:00:00,21.7,0.0,61.0,12.4,observed,False,0.0,0,none
2025-10-15 13:00:00,23.3,0.0,62.0,14.9,observed,False,0.0,0,none
2025-10-15 14:00:00,23.2,0.0,58.0,6.9,observed,False,0.0,0,none
2025-10-15 15:00:00,22.849999999999998,0.0,56.0,8.200000000000001,observed,True,0.0,0,none
2025-10-15 16:00:00,22.5,0.0,54.0,9.5,observed,False,0.0,0,none
2025-10-15 17:00:00,24.0,0.0,52.0,15.3,observed,False,0.0,0,none
2025-10-15 18:00:00,22.0,0.0,56.0,10.4,observed,False,0.0,0,none
2025-10-15 19:00:00,20.4,0.0,70.0,17.9,observed,False,0.0,0,none
2025-10-15 20:00:00,18.7,0.0,59.0,8.1,observed,False,0.0,0,none
2025-10-15 21:00:00,17.1,0.0,75.0,12.1,observed,False,0.0,0,none
2025-10-15 22:00:00,14.9,0.0,86.0,8.5,observed,False,0.0,0,none
2025-10-15 23:00:00,13.8,0.0,75.0,20.6,observed,False,0.0,0,none
2025-10-16 00:00:00,13.3,0.0,84.0,7.4,observed,False,0.0,0,none
2025-10-16 01:00:00,10.0,0.0,99.0,10.9,observed,False,0.0,0,none
2025-10-16 02:00:00,10.9,0.0,96.0,20.9,observed,False,0.0,0,none
2025-10-16 03:00:00,10.5,0.0,86.0,16.1,observed,False,0.0,0,none
2025-10-16 04:00:00,11.0,0.0,85.0,10.2,observed,False,0.0,0,none
2025-10-16 05:00:00,11.7,0.0,81.0,11.3,observed,False,0.0,0,none
2025-10-16 06:00:00,12.1,0.0,84.0,10.4,observed,False,0.0,0,none
2025-10-16 07:00:00,13.7,0.0,85.0,5.4,observed,False,0.0,0,none
2025-10-16 08:00:00,15.8,0.0,74.0,9.7,observed,False,0.0,0,none
2025-10-16 09:00:00,17.5,0.0,67.0,18.7,observed,False,0.0,0,none
2025-10-16 10:00:00,19.5,0.0,66.0,4.5,observed,False,0.0,0,none
2025-10-16 11:00:00,21.05,0.0,61.0,8.8,observed,False,0.0,0,none
2025-10-16 12:00:00,21.775000000000002,0.0,63.0,8.2,observed,True,0.0,0,none
2025-10-16 13:00:00,22.5,0.0,65.0,7.6,observed,False,0.0,0,none
2025-10-16 14:00:00,24.5,0.0,57.0,7.0,observed,False,0.0,0,none
2025-10-16 15:00:00,23.8,0.0,63.0,10.6,observed,False,0.0,0,none
2025-10-16 16:00:00,23.7,0.0,54.0,9.1,observed,False,0.0,0,none
2025-10-16 17:00:00,23.0,0.0,63.0,11.0,observed,False,0.0,0,none
2025-10-16 18:00:00,21.9,0.0,48.0,6.8,observed,False,0.0,0,none
2025-10-16 19:00:00,20.3,0.0,68.0,9.5,observed,False,0.0,0,none
2025-10-16 20:00:00,18.8,0.0,68.0,5.5,observed,False,0.0,0,none
2025-10-16 21:00:00,16.6,0.0,83.0,11.9,observed,False,0.0,0,none
2025-10-16 22:00:00,15.8,0.0,81.0,14.4,observed,False,0.0,0,none
2025-10-16 23:00:00,13.0,0.0,85.0,13.6,observed,False,0.0,0,none
2025-10-17 00:00:00,12.0,0.0,82.0,11.9,observed,False,0.0,0,none
2025-10-17 01:00:00,11.3,0.0,87.0,10.5,observed,False,0.0,0,none
2025-10-17 02:00:00,10.9,0.0,82.0,11.6,observed,False,0.0,0,none
2025-10-17 03:00:00,10.4,0.0,90.0,20.0,observed,False,0.0,0,none
2025-10-17 04:00:00,11.6,0.0,91.0,11.1,observed,False,0.0,0,none
2025-10-17 05:00:00,11.350000000000001,0.0,87.0,10.4,observed,False,0.0,0,none
2025-10-17 06:00:00,13.4,0.0,79.0,12.4,observed,False,0.0,0,none
2025-10-17 07:00:00,14.0,0.0,81.0,7.3,observed,False,0.0,0,none
2025-10-17 08:00:00,15.6,0.0,81.0,18.7,observed,False,0.0,0,none
2025-10-17 09:00:00,17.8,0.0,65.0,4.7,observed,False,0.0,0,none
2025-10-17 10:00:00,19.2,0.0,67.0,15.1,observed,False,0.0,0,none
2025-10-17 11:00:00,21.2,0.0,67.0,10.1,observed,False,0.0,0,none
2025-10-17 12:00:00,22.7,0.0,60.0,11.3,observed,False,0.0,0,none
2025-10-17 13:00:00,23.8,0.0,54.0,13.2,observed,False,0.0,0,none
2025-10-17 14:00:00,25.0,0.0,50.0,9.0,observed,False,0.0,0,none
2025-10-17 15:00:00,24.7,0.0,54.0,19.7,observed,False,0.0,0,none
2025-10-17 16:00:00,23.5,0.0,49.0,5.9,observed,False,0.0,0,none
2025-10-17 17:00:00,23.7,0.0,53.0,12.5,observed,False,0.0,0,none
2025-10-17 18:00:00,23.0,0.0,65.0,21.3,observed,False,0.0,0,none
2025-10-17 19:00:00,21.9,0.0,73.0,15.3,observed,False,0.0,0,none
2025-10-17 20:00:00,19.5,0.0,61.0,10.8,observed,False,0.0,0,none
2025-10-17 21:00:00,17.3,0.0,69.0,7.3,observed,False,0.0,0,none
2025-10-17 22:00:00,16.2,0.0,79.0,11.3,observed,False,0.0,0,none
2025-10-17 23:00:00,14.2,0.0,81.0,19.4,observed,False,0.0,0,none
2025-10-18 00:00:00,13.0,0.0,82.0,6.6,observed,False,0.0,0,none
2025-10-18 01:00:00,10.7,0.0,89.0,10.7,observed,False,0.0,0,none
2025-10-18 02:00:00,10.5,0.0,89.0,12.2,observed,False,0.0,0,none
2025-10-18 03:00:00,10.9,0.0,90.5,4.5,observed,False,0.0,0,none
2025-10-18 04:00:00,10.9,0.0,92.0,7.4,observed,False,0.0,0,none
2025-10-18 05:00:00,11.0,0.0,83.0,13.2,observed,False,0.0,0,none
2025-10-18 06:00:00,13.6,0.0,84.0,14.7,observed,False,0.0,0,none
2025-10-18 07:00:00,14.8,0.0,82.0,18.4,observed,False,0.0,0,none
2025-10-18 08:00:00,16.1,0.0,76.0,16.3,observed,False,0.0,0,none
2025-10-18 09:00:00,17.4,0.0,77.0,17.7,observed,False,0.0,0,none
2025-10-18 10:00:00,18.9,0.0,67.0,15.1,observed,False,0.0,0,none
2025-10-18 11:00:00,21.1,0.0,62.0,9.7,observed,False,0.0,0,none
2025-10-18 12:00:00,22.1,0.0,57.0,8.6,observed,False,0.0,0,none
2025-10-18 13:00:00,23.7,0.0,63.0,19.5,observed,False,0.0,0,none
2025-10-18 14:00:00,23.5,0.0,47.0,9.4,observed,False,0.0,0,none
2025-10-18 15:00:00,23.6,0.0,51.0,14.6,observed,True,0.0,0,none
2025-10-18 16:00:00,23.7,0.0,55.0,19.8,observed,False,0.0,0,none
2025-10-18 17:00:00,23.7,0.0,57.0,14.9,observed,False,0.0,0,none
2025-10-18 18:00:00,21.9,0.0,64.0,9.1,observed,False,0.0,0,none
2025-10-18 19:00:00,21.9,0.0,64.0,5.5,observed,False,0.0,0,none
2025-10-18 20:00:00,19.7,0.0,63.0,9.9,observed,False,0.0,0,none
2025-10-18 21:00:00,17.849999999999998,0.0,71.0,7.45,observed,True,0.0,0,none
2025-10-18 22:00:00,16.0,0.0,79.0,5.0,observed,False,0.0,0,none
2025-10-18 23:00:00,14.1,0.0,84.0,12.6,observed,False,0.0,0,none
2025-10-19 00:00:00,12.75,0.0,86.0,10.0,observed,True,0.0,0,none
2025-10-19 01:00:00,11.4,0.0,89.0,6.5,observed,False,0.0,0,none
2025-10-19 02:00:00,10.8,0.0,87.0,8.6,observed,False,0.0,0,none
2025-10-19 03:00:00,9.9,0.0,93.0,8.8,observed,False,0.0,0,none
2025-10-19 04:00:00,10.2,0.0,83.0,7.8,observed,False,0.0,0,none
2025-10-19 05:00:00,11.2,0.0,85.0,12.6,observed,False,0.0,0,none
2025-10-19 06:00:00,12.6,0.0,85.0,14.9,observed,False,0.0,0,none
2025-10-19 07:00:00,12.6,0.0,80.0,13.9,observed,False,0.0,0,none
2025-10-19 08:00:00,15.2,0.0,83.0,4.1,observed,False,0.0,0,none
2025-10-19 09:00:00,16.8,0.0,75.0,12.7,observed,False,0.0,0,none
2025-10-19 10:00:00,17.9,0.0,72.0,11.6,observed,False,0.0,0,none
2025-10-19 11:00:00,19.6,0.0,64.0,13.3,observed,False,0.0,0,none
2025-10-19 12:00:00,21.3,0.0,63.0,10.0,observed,False,0.0,0,none
2025-10-19 13:00:00,22.7,0.0,60.0,5.1,observed,False,0.0,0,none
2025-10-19 14:00:00,22.3,0.0,63.0,11.0,observed,False,0.0,0,none
2025-10-19 15:00:00,23.2,0.0,51.0,16.2,observed,False,0.0,0,none
2025-10-19 16:00:00,23.4,0.0,60.0,7.3,observed,False,0.0,0,none
2025-10-19 17:00:00,22.6,0.0,60.0,6.4,observed,False,0.0,0,none
2025-10-19 18:00:00,20.9,0.0,65.0,9.6,observed,False,0.0,0,none
2025-10-19 19:00:00,20.7,0.0,48.0,15.0,observed,False,0.0,0,none
2025-10-19 20:00:00,18.7,0.0,76.0,11.9,observed,False,0.0,0,none
2025-10-19 21:00:00,16.7,0.0,74.0,9.0,observed,False,0.0,0,none
2025-10-19 22:00:00,15.1,0.0,84.0,10.3,observed,False,0.0,0,none
2025-10-19 23:00:00,13.7,0.0,78.0,10.8,observed,False,0.0,0,none
2025-10-20 00:00:00,11.0,0.0,90.0,9.5,observed,False,0.0,0,none
2025-10-20 01:00:00,10.1,0.0,90.0,7.3,observed,False,0.0,0,none
2025-10-20 02:00:00,8.9,0.0,89.0,5.0,observed,False,0.0,0,none
2025-10-20 03:00:00,9.5,0.0,95.0,12.4,observed,False,0.0,0,none
2025-10-20 04:00:00,9.3,0.0,87.0,18.0,observed,False,0.0,0,none
2025-10-20 05:00:00,9.8,0.0,89.0,12.6,observed,False,0.0,0,none
2025-10-20 06:00:00,11.05,0.0,79.0,14.0,observed,True,0.0,0,none
2025-10-20 07:00:00,12.3,0.0,69.0,15.4,observed,False,0.0,0,none
2025-10-20 08:00:00,13.7,0.0,79.0,15.0,observed,False,0.0,0,none
2025-10-20 09:00:00,15.2,0.0,77.0,12.4,observed,False,0.0,0,none
2025-10-20 10:00:00,17.4,0.0,69.0,11.6,observed,False,0.0,0,none
2025-10-20 11:00:00,19.099999999999998,0.0,63.0,10.2,observed,True,0.0,0,none
2025-10-20 12:00:00,20.8,0.0,63.0,18.8,observed,False,0.0,0,none
2025-10-20 13:00:00,21.3,0.0,63.0,10.9,observed,False,0.0,0,none
2025-10-20 14:00:00,21.4,0.0,58.0,14.7,observed,False,0.0,0,none
2025-10-20 15:00:00,21.2,0.0,58.0,6.7,observed,False,0.0,0,none
2025-10-20 16:00:00,22.2,0.0,56.0,19.7,observed,False,0.0,0,none
2025-10-20 17:00:00,22.0,0.0,59.0,4.1,observed,False,0.0,0,none
2025-10-20 18:00:00,20.8,0.0,66.0,17.8,observed,False,0.0,0,none
2025-10-20 19:00:00,18.7,0.0,62.0,8.3,observed,False,0.0,0,none
2025-10-20 20:00:00,18.8,0.0,69.0,11.0,observed,False,0.0,0,none
2025-10-20 21:00:00,15.9,0.0,75.0,5.5,observed,False,0.0,0,none
2025-10-20 22:00:00,13.4,0.0,83.0,14.2,observed,False,0.0,0,none
2025-10-20 23:00:00,12.5,0.0,89.0,10.8,observed,False,0.0,0,none
2025-10-21 00:00:00,10.4,0.0,86.0,13.1,observed,False,0.0,0,none
2025-10-21 01:00:00,9.3,0.0,89.0,9.9,observed,False,0.0,0,none
2025-10-21 02:00:00,8.5,0.0,95.0,16.8,observed,False,0.0,0,none
2025-10-21 03:00:00,9.9,0.0,87.0,13.1,observed,False,0.0,0,none
2025-10-21 04:00:00,8.7,0.0,90.0,8.8,observed,False,0.0,0,none
2025-10-21 05:00:00,9.0,0.0,96.0,7.5,observed,False,0.0,0,none
2025-10-21 06:00:00,10.1,0.0,87.0,8.3,observed,False,0.0,0,none
2025-10-21 07:00:00,11.649999999999999,0.0,81.5,8.45,observed,True,0.0,0,none
2025-10-21 08:00:00,13.2,0.0,76.0,8.6,observed,False,0.0,0,none
2025-10-21 09:00:00,14.6,0.0,71.0,14.8,observed,False,0.0,0,none
2025-10-21 10:00:00,17.0,0.0,69.0,7.5,observed,False,0.0,0,none
2025-10-21 11:00:00,17.7,0.0,74.0,11.3,observed,False,0.0,0,none
2025-10-21 12:00:00,20.0,0.0,62.0,9.6,observed,False,0.0,0,none
2025-10-21 13:00:00,20.9,0.0,59.0,10.6,observed,False,0.0,0,none
2025-10-21 14:00:00,21.6,0.0,63.0,7.0,observed,False,0.0,0,none
2025-10-21 15:00:00,22.2,0.0,58.0,6.1,observed,False,0.0,0,none
2025-10-21 16:00:00,21.6,0.0,66.0,9.6,observed,False,0.0,0,none
2025-10-21 17:00:00,21.1,0.0,68.0,6.1,observed,False,0.0,0,none
2025-10-21 18:00:00,19.5,0.0,68.0,7.3,observed,False,0.0,0,none
2025-10-21 19:00:00,18.6,0.0,68.0,11.0,observed,False,0.0,0,none
2025-10-21 20:00:00,16.6,0.0,64.0,10.1,observed,False,0.0,0,none
2025-10-21 21:00:00,14.2,0.0,75.0,11.1,observed,False,0.0,0,none
2025-10-21 22:00:00,13.6,0.0,68.0,8.3,observed,False,0.0,0,none
2025-10-21 23:00:00,11.7,0.0,77.0,13.3,observed,False,0.0,0,none
2025-10-22 00:00:00,10.9,0.0,87.0,9.8,observed,False,0.0,0,none
2025-10-22 01:00:00,8.8,0.0,87.0,10.4,observed,False,0.0,0,none
2025-10-22 02:00:00,7.7,0.0,97.0,17.8,observed,False,0.0,0,none
2025-10-22 03:00:00,8.7,0.0,89.0,4.4,observed,False,0.0,0,none
2025-10-22 04:00:00,9.0,0.0,98.0,6.9,observed,False,0.0,0,none
2025-10-22 05:00:00,8.7,0.0,90.0,8.9,observed,False,0.0,0,none
2025-10-22 06:00:00,10.7,0.0,85.0,11.5,observed,False,0.0,0,none
2025-10-22 07:00:00,10.8,0.0,89.0,10.5,observed,False,0.0,0,none
2025-10-22 08:00:00,13.0,0.0,78.0,19.4,observed,False,0.0,0,none
2025-10-22 09:00:00,15.6,0.0,78.0,9.6,observed,False,0.0,0,none
2025-10-22 10:00:00,16.7,0.0,74.0,10.3,observed,False,0.0,0,none
2025-10-22 11:00:00,19.6,0.0,63.0,8.5,observed,False,0.0,0,none
2025-10-22 12:00:00,20.2,0.0,64.0,14.1,observed,False,0.0,0,none
2025-10-22 13:00:00,21.0,0.0,67.0,10.4,observed,False,0.0,0,none
2025-10-22 14:00:00,22.4,0.0,56.0,10.5,observed,False,0.0,0,none
2025-10-22 15:00:00,22.9,0.0,54.0,16.2,observed,False,0.0,0,none
2025-10-22 16:00:00,22.5,0.0,49.0,8.0,observed,False,0.0,0,none
2025-10-22 17:00:00,20.3,0.0,67.0,10.0,observed,False,0.0,0,none
2025-10-22 18:00:00,19.9,0.0,69.0,12.5,observed,False,0.0,0,none
2025-10-22 19:00:00,18.3,0.0,71.0,8.7,observed,False,0.0,0,none
2025-10-22 20:00:00,17.9,0.0,65.0,13.7,observed,False,0.0,0,none
2025-10-22 21:00:00,15.5,0.0,74.0,7.8,observed,False,0.0,0,none
2025-10-22 22:00:00,12.8,0.0,84.0,11.0,observed,False,0.0,0,none
2025-10-22 23:00:00,11.8,0.0,87.0,8.7,observed,False,0.0,0,none
2025-10-23 00:00:00,9.9,0.0,95.0,19.5,observed,False,0.0,0,none
2025-10-23 01:00:00,8.4,0.0,91.0,17.8,observed,False,0.0,0,none
2025-10-23 02:00:00,8.1,0.0,98.0,9.4,observed,False,0.0,0,none
2025-10-23 03:00:00,8.6,0.0,94.0,6.6,observed,True,0.0,0,none
2025-10-23 04:00:00,9.3,0.0,96.0,10.1,observed,False,0.0,0,none
2025-10-23 05:00:00,9.7,0.0,95.0,12.3,observed,False,0.0,0,none
2025-10-23 06:00:00,10.1,0.0,94.0,10.3,observed,False,0.0,0,none
2025-10-23 07:00:00,11.7,0.0,89.0,14.8,observed,False,0.0,0,none
2025-10-23 08:00:00,13.0,0.0,74.0,11.0,observed,False,0.0,0,none
2025-10-23 09:00:00,14.9,0.0,75.0,10.8,observed,False,0.0,0,none
2025-10-23 10:00:00,17.3,0.0,70.0,8.7,observed,False,0.0,0,none
2025-10-23 11:00:00,17.3,0.0,88.0,7.5,observed,False,0.0,0,none
2025-10-23 12:00:00,19.6,0.0,64.0,7.5,observed,False,0.0,0,none
2025-10-23 13:00:00,21.7,0.0,64.0,5.2,observed,False,0.0,0,none
2025-10-23 14:00:00,21.6,0.0,65.0,9.4,observed,False,0.0,0,none
2025-10-23 15:00:00,21.0,0.0,57.0,11.0,observed,False,0.0,0,none
2025-10-23 16:00:00,21.8,0.0,64.0,6.9,observed,False,0.0,0,none
2025-10-23 17:00:00,20.7,0.0,65.0,10.5,observed,False,0.0,0,none
2025-10-23 18:00:00,19.0,0.0,72.0,9.1,observed,False,0.0,0,none
2025-10-23 19:00:00,18.0,0.0,79.0,7.2,observed,False,0.0,0,none
2025-10-23 20:00:00,16.8,0.0,78.0,10.4,observed,False,0.0,0,none
2025-10-23 21:00:00,15.0,0.0,81.0,5.0,observed,False,0.0,0,none
2025-10-23 22:00:00,13.0,0.0,81.0,12.2,observed,False,0.0,0,none
2025-10-23 23:00:00,11.7,0.0,83.0,5.8,observed,False,0.0,0,none
2025-10-24 00:00:00,12.1,0.0,78.0,12.4,observed,False,0.0,0,none
2025-10-24 01:00:00,11.1,0.0,92.0,14.5,observed,False,0.0,0,none
2025-10-24 02:00:00,9.9,0.0,93.0,14.0,observed,False,0.0,0,none
2025-10-24 03:00:00,9.9,0.0,86.0,11.2,observed,False,0.0,0,none
2025-10-24 04:00:00,10.5,0.0,87.0,18.2,observed,False,0.0,0,none
2025-10-24 05:00:00,10.8,0.0,87.0,7.7,observed,False,0.0,0,none
2025-10-24 06:00:00,12.7,0.0,84.5,9.8,observed,False,0.0,0,none
2025-10-24 07:00:00,13.3,0.0,82.0,13.9,observed,False,0.0,0,none
2025-10-24 08:00:00,14.7,0.0,82.0,14.0,observed,False,0.0,0,none
2025-10-24 09:00:00,16.35,0.0,71.0,11.1,observed,True,0.0,0,none
2025-10-24 10:00:00,18.0,0.0,80.0,5.2,observed,False,0.0,0,none
2025-10-24 11:00:00,19.8,0.0,71.0,6.2,observed,False,0.0,0,none
2025-10-24 12:00:00,20.4,0.0,75.0,8.9,observed,False,0.0,0,none
2025-10-24 13:00:00,23.0,0.0,57.0,10.8,observed,False,0.0,0,none
2025-10-24 14:00:00,23.0,0.0,52.0,7.6,observed,False,0.0,0,none
2025-10-24 15:00:00,23.8,0.0,46.0,14.5,observed,False,0.0,0,none
2025-10-24 16:00:00,22.8,0.0,56.0,10.1,observed,False,0.0,0,none
2025-10-24 17:00:00,21.6,0.0,63.0,9.6,observed,True,0.0,0,none
2025-10-24 18:00:00,21.2,0.0,53.0,8.4,observed,False,0.0,0,none
2025-10-24 19:00:00,19.4,0.0,70.0,5.9,observed,False,0.0,0,none
2025-10-24 20:00:00,18.6,0.0,69.0,21.3,observed,False,0.0,0,none
2025-10-24 21:00:00,17.0,0.0,78.0,18.8,observed,False,0.0,0,none
2025-10-24 22:00:00,14.5,0.0,87.0,4.4,observed,False,0.0,0,none
2025-10-24 23:00:00,12.8,0.0,85.0,14.7,observed,False,0.0,0,none
2025-10-25 00:00:00,12.8,0.0,79.0,15.4,observed,False,0.0,0,none
2025-10-25 01:00:00,11.0,0.0,80.0,9.7,observed,False,0.0,0,none
2025-10-25 02:00:00,10.5,0.0,95.0,7.1,observed,False,0.0,0,none
2025-10-25 03:00:00,9.9,0.0,83.0,13.4,observed,False,0.0,0,none
2025-10-25 04:00:00,10.0,0.0,94.0,7.5,observed,False,0.0,0,none
2025-10-25 05:00:00,11.3,0.0,85.0,13.5,observed,False,0.0,0,none
2025-10-25 06:00:00,12.7,0.0,83.0,11.1,observed,False,0.0,0,none
2025-10-25 07:00:00,13.2,0.0,81.0,17.9,observed,False,0.0,0,none
2025-10-25 08:00:00,14.7,0.0,83.0,3.9,observed,False,0.0,0,none
2025-10-25 09:00:00,16.6,0.0,70.0,5.2,observed,False,0.0,0,none
2025-10-25 10:00:00,18.6,0.0,73.0,6.9,observed,False,0.0,0,none
2025-10-25 11:00:00,19.6,0.0,67.0,7.6,observed,False,0.0,0,none
2025-10-25 12:00:00,21.0,0.0,61.0,11.4,observed,False,0.0,0,none
2025-10-25 13:00:00,22.6,0.0,57.0,7.1,observed,False,0.0,0,none
2025-10-25 14:00:00,23.3,0.0,66.0,17.3,observed,False,0.0,0,none
2025-10-25 15:00:00,23.6,0.0,49.0,12.3,observed,False,0.0,0,none
2025-10-25 16:00:00,23.4,0.0,45.0,12.1,observed,False,0.0,0,none
2025-10-25 17:00:00,22.6,0.0,53.0,7.1,observed,False,0.0,0,none
2025-10-25 18:00:00,21.4,0.0,69.0,11.7,observed,False,0.0,0,none
2025-10-25 19:00:00,20.4,0.0,64.0,16.6,observed,False,0.0,0,none
2025-10-25 20:00:00,18.6,0.0,66.0,5.9,observed,False,0.0,0,none
2025-10-25 21:00:00,17.2,0.0,71.0,4.5,observed,False,0.0,0,none
2025-10-25 22:00:00,15.7,0.0,78.0,5.4,observed,False,0.0,0,none
2025-10-25 23:00:00,13.8,0.0,77.0,9.0,observed,True,0.0,0,none
2025-10-26 00:00:00,10.6,0.0,90.0,12.7,observed,False,0.0,0,none
2025-10-26 01:00:00,9.1,0.0,88.0,12.7,observed,False,0.0,0,none
2025-10-26 02:00:00,9.3,0.0,89.0,5.4,observed,False,0.0,0,none
2025-10-26 03:00:00,8.4,0.0,91.0,15.6,observed,False,0.0,0,none
2025-10-26 04:00:00,8.4,0.0,95.0,3.8,observed,False,0.0,0,none
2025-10-26 05:00:00,9.549999999999999,0.0,90.5,6.8,observed,True,0.0,0,none
2025-10-26 06:00:00,10.7,0.0,86.0,9.8,observed,False,0.0,0,none
2025-10-26 07:00:00,12.15,0.0,86.0,10.2,observed,True,0.0,0,none
2025-10-26 08:00:00,13.6,0.0,84.0,17.4,observed,False,0.0,0,none
2025-10-26 09:00:00,15.5,0.0,75.0,6.5,observed,False,0.0,0,none
2025-10-26 10:00:00,17.0,0.0,75.0,12.3,observed,False,0.0,0,none
2025-10-26 11:00:00,18.7,0.0,61.0,12.8,observed,False,0.0,0,none
2025-10-26 12:00:00,20.8,0.0,54.0,8.0,observed,False,0.0,0,none
2025-10-26 13:00:00,21.1,0.0,52.0,7.1,observed,False,0.0,0,none
2025-10-26 14:00:00,22.0,0.0,62.0,6.6,observed,False,0.0,0,none
2025-10-26 15:00:00,21.5,0.0,64.0,14.6,observed,False,0.0,0,none
2025-10-26 16:00:00,22.1,0.0,60.0,8.2,observed,False,0.0,0,none
2025-10-26 17:00:00,21.7,0.0,62.0,9.2,observed,False,0.0,0,none
2025-10-26 18:00:00,20.4,0.0,65.0,10.9,observed,False,0.0,0,none
2025-10-26 19:00:00,19.1,0.0,57.0,6.0,observed,False,0.0,0,none
2025-10-26 20:00:00,16.9,0.0,75.0,20.3,observed,False,0.0,0,none
2025-10-26 21:00:00,14.8,0.0,75.0,10.9,observed,False,0.0,0,none
2025-10-26 22:00:00,14.0,0.0,79.0,7.5,observed,False,0.0,0,none
2025-10-26 23:00:00,11.6,0.0,74.0,6.0,observed,False,0.0,0,none
2025-10-27 00:00:00,11.5,0.0,90.0,6.4,observed,False,0.0,0,none
2025-10-27 01:00:00,11.1,0.0,91.0,7.0,observed,False,0.0,0,none
2025-10-27 02:00:00,9.8,0.0,98.0,7.1,observed,False,0.0,0,none
2025-10-27 03:00:00,10.1,0.0,80.0,8.9,observed,False,0.0,0,none
2025-10-27 04:00:00,8.3,0.0,87.0,5.3,observed,False,0.0,0,none
2025-10-27 05:00:00,10.5,0.0,84.0,5.2,observed,False,0.0,0,none
2025-10-27 06:00:00,11.8,0.0,86.0,12.3,observed,False,0.0,0,none
2025-10-27 07:00:00,13.9,0.0,72.0,4.9,observed,False,0.0,0,none
2025-10-27 08:00:00,14.7,0.0,72.0,15.1,observed,False,0.0,0,none
2025-10-27 09:00:00,15.9,0.0,79.0,12.3,observed,False,0.0,0,none
2025-10-27 10:00:00,17.9,0.0,70.0,10.6,observed,False,0.0,0,none
2025-10-27 11:00:00,20.1,0.0,73.0,9.7,observed,False,0.0,0,none
2025-10-27 12:00:00,21.1,0.0,55.0,6.5,observed,False,0.0,0,none
2025-10-27 13:00:00,22.4,0.0,57.0,4.8,observed,True,0.0,0,none
2025-10-27 14:00:00,22.9,0.0,55.0,11.2,observed,False,0.0,0,none
2025-10-27 15:00:00,22.6,0.0,53.0,13.6,observed,False,0.0,0,none
2025-10-27 16:00:00,23.1,0.0,69.0,10.2,observed,False,0.0,0,none
2025-10-27 17:00:00,22.8,0.0,53.0,13.5,observed,False,0.0,0,none
2025-10-27 18:00:00,21.7,0.0,60.0,6.4,observed,False,0.0,0,none
2025-10-27 19:00:00,19.6,0.0,58.0,19.0,observed,False,0.0,0,none
2025-10-27 20:00:00,17.8,0.0,63.0,12.0,observed,False,0.0,0,none
2025-10-27 21:00:00,15.9,0.0,67.0,12.3,observed,False,0.0,0,none
2025-10-27 22:00:00,14.3,0.0,84.0,10.6,observed,False,0.0,0,none
2025-10-27 23:00:00,12.7,0.0,81.0,8.8,observed,False,0.0,0,none
2025-10-28 00:00:00,12.7,0.0,85.5,21.4,observed,False,0.0,0,none
2025-10-28 01:00:00,10.3,0.0,90.0,5.8,observed,False,0.0,0,none
2025-10-28 02:00:00,10.7,0.0,89.0,11.5,observed,False,0.0,0,none
2025-10-28 03:00:00,9.5,0.0,89.0,9.5,observed,False,0.0,0,none
2025-10-28 04:00:00,10.0,0.0,88.0,10.2,observed,False,0.0,0,none
2025-10-28 05:00:00,11.2,0.0,82.0,14.0,observed,False,0.0,0,none
2025-10-28 06:00:00,12.8,0.0,87.0,7.4,observed,False,0.0,0,none
2025-10-28 07:00:00,13.1,0.0,81.0,11.3,observed,False,0.0,0,none
2025-10-28 08:00:00,14.4,0.0,76.0,12.0,observed,False,0.0,0,none
2025-10-28 09:00:00,17.5,0.0,74.0,14.1,observed,False,0.0,0,none
2025-10-28 10:00:00,17.8,0.0,72.0,13.3,observed,False,0.0,0,none
2025-10-28 11:00:00,19.900000000000002,0.0,62.5,11.85,observed,True,0.0,0,none
2025-10-28 12:00:00,22.0,0.0,53.0,10.4,observed,False,0.0,0,none
2025-10-28 13:00:00,19.6,4.8,75.0,13.3,observed,False,4.799999999999996,1,moderate
2025-10-28 14:00:00,20.0,12.1,87.0,21.7,observed,False,16.899999999999995,1,heavy
2025-10-28 15:00:00,23.4,0.0,63.0,8.4,observed,False,16.9,0,none
2025-10-28 16:00:00,21.6,1.2,74.0,8.2,observed,False,13.299999999999995,1,light
2025-10-28 17:00:00,23.5,0.0,63.0,5.2,observed,False,1.1999999999999982,0,none
2025-10-28 18:00:00,18.8,6.5,86.0,6.5,observed,False,7.699999999999998,1,moderate
2025-10-28 19:00:00,20.5,0.3,66.0,17.0,observed,False,6.799999999999998,1,light
2025-10-28 20:00:00,19.2,0.0,64.0,5.4,observed,False,6.799999999999998,0,none
2025-10-28 21:00:00,15.7,0.0,67.0,8.1,observed,False,0.2999999999999982,0,none
2025-10-28 22:00:00,15.6,0.0,75.0,6.1,observed,False,0.0,0,none
2025-10-28 23:00:00,13.4,0.0,80.0,9.2,observed,False,0.0,0,none
2025-10-29 00:00:00,11.95,0.0,86.0,18.1,observed,True,0.0,0,none
2025-10-29 01:00:00,10.5,0.0,91.0,10.5,observed,False,0.0,0,none
2025-10-29 02:00:00,9.8,0.0,86.0,17.5,observed,False,0.0,0,none
2025-10-29 03:00:00,9.9,0.0,88.0,12.2,observed,False,0.0,0,none
2025-10-29 04:00:00,9.9,0.0,88.0,11.6,observed,False,0.0,0,none
2025-10-29 05:00:00,11.5,0.0,90.0,10.2,observed,False,0.0,0,none
2025-10-29 06:00:00,11.8,0.0,97.0,11.5,observed,False,0.0,0,none
2025-10-29 07:00:00,14.1,0.0,78.0,13.5,observed,False,0.0,0,none
2025-10-29 08:00:00,15.2,0.0,75.0,6.1,observed,False,0.0,0,none
2025-10-29 09:00:00,17.0,0.0,80.0,12.5,observed,False,0.0,0,none
2025-10-29 10:00:00,19.3,0.0,65.0,18.8,observed,False,0.0,0,none
2025-10-29 11:00:00,20.1,0.0,69.0,6.5,observed,False,0.0,0,none
2025-10-29 12:00:00,21.1,0.0,67.0,7.6,observed,False,0.0,0,none
2025-10-29 13:00:00,23.8,0.0,56.0,9.0,observed,False,0.0,0,none
2025-10-29 14:00:00,23.7,0.0,53.0,4.8,observed,False,0.0,0,none
2025-10-29 15:00:00,23.6,0.0,48.0,15.3,observed,False,0.0,0,none
2025-10-29 16:00:00,21.5,4.6,84.0,8.8,observed,False,4.599999999999998,1,moderate
2025-10-29 17:00:00,21.2,1.0,74.0,14.6,observed,False,5.599999999999998,1,light
2025-10-29 18:00:00,19.6,3.5,87.0,5.9,observed,False,9.099999999999998,1,moderate
2025-10-29 19:00:00,20.0,0.0,69.0,11.8,observed,False,4.499999999999998,0,none
2025-10-29 20:00:00,16.9,2.3,88.0,6.8,observed,False,5.799999999999998,1,light
2025-10-29 21:00:00,17.2,0.0,75.0,12.9,observed,False,2.299999999999998,0,none
2025-10-29 22:00:00,15.4,0.0,75.0,10.1,observed,True,2.299999999999998,0,none
2025-10-29 23:00:00,13.4,0.0,86.0,14.1,observed,False,0.0,0,none
2025-10-30 00:00:00,12.3,0.0,80.0,10.9,observed,False,0.0,0,none
2025-10-30 01:00:00,11.6,0.0,81.0,15.3,observed,False,0.0,0,none
2025-10-30 02:00:00,11.2,0.0,89.0,7.4,observed,False,0.0,0,none
2025-10-30 03:00:00,11.0,0.0,81.0,6.4,observed,False,0.0,0,none
2025-10-30 04:00:00,10.8,0.0,99.0,5.5,observed,False,0.0,0,none
2025-10-30 05:00:00,11.5,0.0,79.0,15.2,observed,True,0.0,0,none
2025-10-30 06:00:00,12.0,0.0,97.0,9.8,observed,False,0.0,0,none
2025-10-30 07:00:00,14.7,0.0,84.0,5.8,observed,False,0.0,0,none
2025-10-30 08:00:00,15.4,0.0,75.0,12.2,observed,False,0.0,0,none
2025-10-30 09:00:00,17.3,0.0,67.0,12.9,observed,False,0.0,0,none
2025-10-30 10:00:00,19.1,0.0,68.0,13.2,observed,False,0.0,0,none
2025-10-30 11:00:00,21.9,0.0,53.0,12.9,observed,False,0.0,0,none
2025-10-30 12:00:00,21.4,0.0,64.0,7.6,observed,False,0.0,0,none
2025-10-30 13:00:00,23.9,0.0,55.0,7.3,observed,False,0.0,0,none
2025-10-30 14:00:00,24.6,0.0,49.0,7.1,observed,False,0.0,0,none
2025-10-30 15:00:00,24.150000000000002,0.0,52.0,8.95,observed,True,0.0,0,none
2025-10-30 16:00:00,23.7,0.0,55.0,10.8,observed,False,0.0,0,none
2025-10-30 17:00:00,22.45,0.0,58.0,9.75,observed,True,0.0,0,none
2025-10-30 18:00:00,21.2,0.0,61.0,8.7,observed,False,0.0,0,none
2025-10-30 19:00:00,21.0,0.0,66.0,12.6,observed,False,0.0,0,none
2025-10-30 20:00:00,18.6,0.0,68.0,10.4,observed,False,0.0,0,none
2025-10-30 21:00:00,16.7,0.0,72.0,13.0,observed,False,0.0,0,none
2025-10-30 22:00:00,15.6,0.0,74.0,6.1,observed,False,0.0,0,none
2025-10-30 23:00:00,14.2,0.0,81.0,8.9,observed,False,0.0,0,none
2025-10-31 00:00:00,12.9,0.0,81.0,5.7,observed,False,0.0,0,none
2025-10-31 01:00:00,12.0,0.0,84.0,10.3,observed,True,0.0,0,none
2025-10-31 02:00:00,11.5,0.0,91.0,20.2,observed,True,0.0,0,none
2025-10-31 03:00:00,10.9,0.0,91.0,8.6,observed,False,0.0,0,none
2025-10-31 04:00:00,10.4,0.0,90.0,12.1,observed,False,0.0,0,none
2025-10-31 05:00:00,12.4,0.0,84.0,15.2,observed,False,0.0,0,none
2025-10-31 06:00:00,13.7,0.0,79.0,3.8,observed,False,0.0,0,none
2025-10-31 07:00:00,15.1,0.0,73.0,6.5,observed,False,0.0,0,none
2025-10-31 08:00:00,16.3,0.0,78.0,10.0,observed,False,0.0,0,none
2025-10-31 09:00:00,16.8,0.0,69.0,6.4,observed,False,0.0,0,none
2025-10-31 10:00:00,20.3,0.0,67.0,7.6,observed,False,0.0,0,none
2025-10-31 11:00:00,21.6,0.0,64.0,8.8,observed,False,0.0,0,none
2025-10-31 12:00:00,22.6,0.0,60.0,10.4,observed,False,0.0,0,none
2025-10-31 13:00:00,23.5,0.0,49.0,11.2,observed,False,0.0,0,none
2025-10-31 14:00:00,24.8,0.0,54.0,18.6,observed,False,0.0,0,none
2025-10-31 15:00:00,24.2,0.0,51.0,17.8,observed,False,0.0,0,none
2025-10-31 16:00:00,24.1,0.0,56.0,23.8,observed,False,0.0,0,none
2025-10-31 17:00:00,23.5,0.0,54.0,12.8,observed,False,0.0,0,none
2025-10-31 18:00:00,22.0,0.0,62.0,12.1,observed,False,0.0,0,none
2025-10-31 19:00:00,21.8,0.0,67.0,5.5,observed,False,0.0,0,none
2025-10-31 20:00:00,19.1,0.0,67.0,5.3,observed,False,0.0,0,none
2025-10-31 21:00:00,18.4,0.0,68.0,10.2,observed,False,0.0,0,none
2025-10-31 22:00:00,16.4,0.0,78.0,11.0,observed,False,0.0,0,none
2025-10-31 23:00:00,14.5,0.0,85.0,10.0,observed,False,0.0,0,none
2025-11-01 00:00:00,14.2,0.0,85.0,5.7,forecast,False,0.0,0,none
2025-11-01 01:00:00,10.9,0.0,88.0,9.8,forecast,False,0.0,0,none
2025-11-01 02:00:00,11.2,0.0,83.0,9.4,forecast,False,0.0,0,none
2025-11-01 03:00:00,10.4,0.0,78.0,9.8,forecast,False,0.0,0,none
2025-11-01 04:00:00,11.5,0.0,83.0,13.4,forecast,False,0.0,0,none
2025-11-01 05:00:00,12.2,0.0,87.0,7.0,forecast,False,0.0,0,none
2025-11-01 06:00:00,13.2,0.0,84.0,7.8,forecast,False,0.0,0,none
2025-11-01 07:00:00,15.1,0.0,67.0,13.3,forecast,False,0.0,0,none
2025-11-01 08:00:00,16.1,0.0,79.0,8.0,forecast,False,0.0,0,none
2025-11-01 09:00:00,17.8,0.0,69.0,7.8,forecast,False,0.0,0,none
2025-11-01 10:00:00,19.3,0.0,67.0,7.2,forecast,False,0.0,0,none
2025-11-01 11:00:00,21.1,0.0,59.0,14.6,forecast,False,0.0,0,none
2025-11-01 12:00:00,22.9,0.0,56.0,6.1,forecast,False,0.0,0,none
2025-11-01 13:00:00,21.8,0.0,48.0,17.9,forecast,False,0.0,0,none
2025-11-01 14:00:00,25.5,0.0,54.0,8.3,forecast,False,0.0,0,none
2025-11-01 15:00:00,23.9,0.0,56.0,6.4,forecast,False,0.0,0,none
2025-11-01 16:00:00,24.2,0.0,51.0,4.1,forecast,True,0.0,0,none
2025-11-01 17:00:00,22.8,0.0,60.0,7.1,forecast,False,0.0,0,none
2025-11-01 18:00:00,22.4,0.0,65.0,9.3,forecast,False,0.0,0,none
2025-11-01 19:00:00,22.8,0.0,56.0,21.6,forecast,False,0.0,0,none
2025-11-01 20:00:00,20.1,0.0,64.0,10.9,forecast,False,0.0,0,none
2025-11-01 21:00:00,17.0,0.0,65.0,12.9,forecast,False,0.0,0,none
2025-11-01 22:00:00,15.4,0.0,73.0,11.0,forecast,False,0.0,0,none
2025-11-01 23:00:00,14.6,0.0,80.0,14.1,forecast,False,0.0,0,none
2025-11-02 00:00:00,13.1,0.0,84.0,14.9,forecast,False,0.0,0,none
2025-11-02 01:00:00,11.0,0.0,84.0,3.8,forecast,False,0.0,0,none
2025-11-02 02:00:00,10.7,0.0,82.0,16.2,forecast,False,0.0,0,none
2025-11-02 03:00:00,11.0,0.0,81.0,11.9,forecast,False,0.0,0,none
2025-11-02 04:00:00,11.7,0.0,94.0,10.4,forecast,False,0.0,0,none
2025-11-02 05:00:00,11.9,0.0,82.0,16.0,forecast,False,0.0,0,none
2025-11-02 06:00:00,12.9,0.0,73.0,12.7,forecast,False,0.0,0,none
2025-11-02 07:00:00,16.0,0.0,83.0,9.1,forecast,False,0.0,0,none
2025-11-02 08:00:00,16.1,0.0,74.0,17.1,forecast,False,0.0,0,none
2025-11-02 09:00:00,18.5,0.2,67.0,11.2,forecast,False,0.19999999999999823,1,light
2025-11-02 10:00:00,20.1,0.0,65.0,13.7,forecast,False,0.19999999999999823,0,none
2025-11-02 11:00:00,21.5,0.0,60.0,15.3,forecast,False,0.19999999999999823,0,none
2025-11-02 12:00:00,23.5,0.3,53.0,5.6,forecast,False,0.2999999999999982,1,light
2025-11-02 13:00:00,24.2,0.0,57.5,5.25,forecast,True,0.2999999999999982,0,none
2025-11-02 14:00:00,24.9,0.0,62.0,4.9,forecast,False,0.2999999999999982,0,none
2025-11-02 15:00:00,24.3,0.6,69.0,15.0,forecast,False,0.5999999999999982,1,light
2025-11-02 16:00:00,24.9,0.0,56.0,6.9,forecast,False,0.5999999999999982,0,none
2025-11-02 17:00:00,22.8,13.0,65.0,4.1,forecast,False,13.599999999999998,1,heavy
2025-11-02 18:00:00,23.7,0.0,57.0,12.0,forecast,False,12.999999999999998,0,none
2025-11-02 19:00:00,21.0,0.0,60.0,8.6,forecast,False,12.999999999999998,0,none
2025-11-02 20:00:00,18.9,0.0,62.0,20.8,forecast,False,0.0,0,none
2025-11-02 21:00:00,18.3,0.0,64.0,6.8,forecast,False,0.0,0,none
2025-11-02 22:00:00,15.6,0.0,72.0,13.5,forecast,False,0.0,0,none
2025-11-02 23:00:00,15.7,0.0,75.0,8.9,forecast,False,0.0,0,none
2025-11-03 00:00:00,13.8,0.0,80.0,15.5,forecast,False,0.0,0,none
2025-11-03 01:00:00,11.9,0.0,86.0,7.5,forecast,False,0.0,0,none
2025-11-03 02:00:00,12.9,0.0,78.0,7.0,forecast,False,0.0,0,none
2025-11-03 03:00:00,14.3,0.0,85.0,14.8,forecast,False,0.0,0,none
2025-11-03 04:00:00,12.4,0.0,84.0,7.4,forecast,False,0.0,0,none
2025-11-03 05:00:00,12.8,0.0,84.0,7.8,forecast,False,0.0,0,none
2025-11-03 06:00:00,14.2,0.0,82.0,13.7,forecast,False,0.0,0,none
2025-11-03 07:00:00,15.2,0.0,65.0,10.3,forecast,False,0.0,0,none
2025-11-03 08:00:00,16.0,0.0,69.0,10.7,forecast,False,0.0,0,none
2025-11-03 09:00:00,19.9,0.0,71.0,12.8,forecast,False,0.0,0,none
2025-11-03 10:00:00,18.0,0.0,64.0,17.1,forecast,False,0.0,0,none
2025-11-03 11:00:00,19.9,0.0,67.0,12.1,forecast,False,0.0,0,none
2025-11-03 12:00:00,22.8,0.0,58.0,7.2,forecast,False,0.0,0,none
2025-11-03 13:00:00,24.8,0.0,54.0,12.6,forecast,False,0.0,0,none
2025-11-03 14:00:00,24.8,0.0,46.0,13.3,forecast,False,0.0,0,none
2025-11-03 15:00:00,25.6,0.0,41.0,11.9,forecast,False,0.0,0,none
2025-11-03 16:00:00,25.3,0.0,51.0,15.5,forecast,False,0.0,0,none
2025-11-03 17:00:00,24.0,0.0,55.0,11.0,forecast,False,0.0,0,none
2025-11-03 18:00:00,24.4,0.0,61.0,8.3,forecast,False,0.0,0,none
2025-11-03 19:00:00,21.6,0.0,63.0,7.9,forecast,False,0.0,0,none
2025-11-03 20:00:00,19.8,0.0,60.0,7.7,forecast,False,0.0,0,none
2025-11-03 21:00:00,19.9,0.0,61.0,6.6,forecast,False,0.0,0,none
2025-11-03 22:00:00,18.3,0.0,66.0,10.8,forecast,False,0.0,0,none
2025-11-03 23:00:00,13.7,0.0,87.0,5.8,forecast,False,0.0,0,none
2025-11-04 00:00:00,12.9,0.0,72.0,13.9,forecast,False,0.0,0,none
2025-11-04 01:00:00,13.2,0.0,69.0,9.0,forecast,False,0.0,0,none
2025-11-04 02:00:00,11.8,0.0,78.0,10.9,forecast,False,0.0,0,none
2025-11-04 03:00:00,11.5,0.0,89.0,15.9,forecast,False,0.0,0,none
2025-11-04 04:00:00,11.2,0.3,85.0,7.5,forecast,False,0.2999999999999982,1,light
2025-11-04 05:00:00,13.2,0.0,86.0,8.4,forecast,False,0.2999999999999982,0,none
2025-11-04 06:00:00,14.0,0.0,81.0,10.9,forecast,False,0.2999999999999982,0,none
2025-11-04 07:00:00,14.7,0.0,81.0,13.7,forecast,False,0.0,0,none
2025-11-04 08:00:00,16.9,0.0,71.0,16.3,forecast,False,0.0,0,none
2025-11-04 09:00:00,18.5,0.0,64.0,13.7,forecast,False,0.0,0,none
2025-11-04 10:00:00,21.5,0.0,68.0,8.7,forecast,False,0.0,0,none
2025-11-04 11:00:00,22.0,0.0,61.0,6.6,forecast,False,0.0,0,none
2025-11-04 12:00:00,23.7,0.0,63.0,12.5,forecast,False,0.0,0,none
2025-11-04 13:00:00,23.6,0.3,54.0,14.0,forecast,False,0.2999999999999982,1,light
2025-11-04 14:00:00,26.3,0.0,45.0,6.6,forecast,False,0.2999999999999982,0,none
2025-11-04 15:00:00,25.2,0.0,51.0,9.0,forecast,False,0.2999999999999982,0,none
2025-11-04 16:00:00,25.5,0.3,42.0,8.6,forecast,False,0.2999999999999982,1,light
2025-11-04 17:00:00,24.1,0.0,54.0,12.8,forecast,False,0.2999999999999982,0,none
2025-11-04 18:00:00,22.9,0.0,45.0,12.4,forecast,False,0.2999999999999982,0,none
2025-11-04 19:00:00,23.6,0.0,57.0,20.6,forecast,False,0.0,0,none
2025-11-04 20:00:00,21.1,0.0,69.0,7.7,forecast,False,0.0,0,none
2025-11-04 21:00:00,18.6,0.0,70.0,15.3,forecast,False,0.0,0,none
2025-11-04 22:00:00,17.5,0.0,69.0,10.0,forecast,False,0.0,0,none
2025-11-04 23:00:00,16.9,0.0,70.0,6.0,forecast,False,0.0,0,none
2025-11-05 00:00:00,13.8,0.0,80.0,9.9,forecast,False,0.0,0,none
2025-11-05 01:00:00,12.6,0.0,78.0,5.0,forecast,False,0.0,0,none
2025-11-05 02:00:00,11.2,0.0,77.0,25.5,forecast,False,0.0,0,none
2025-11-05 03:00:00,12.3,0.0,83.0,12.9,forecast,False,0.0,0,none
2025-11-05 04:00:00,12.9,0.0,80.0,8.5,forecast,False,0.0,0,none
2025-11-05 05:00:00,13.0,0.0,86.0,13.5,forecast,False,0.0,0,none
2025-11-05 06:00:00,13.9,0.0,75.0,9.9,forecast,False,0.0,0,none
2025-11-05 07:00:00,15.7,0.0,86.0,7.4,forecast,False,0.0,0,none
2025-11-05 08:00:00,18.0,0.0,72.0,7.8,forecast,False,0.0,0,none
2025-11-05 09:00:00,19.3,0.0,61.0,12.6,forecast,False,0.0,0,none
2025-11-05 10:00:00,20.7,0.0,61.0,11.2,forecast,False,0.0,0,none
2025-11-05 11:00:00,21.1,0.0,65.0,8.2,forecast,False,0.0,0,none
2025-11-05 12:00:00,23.8,0.0,58.0,15.0,forecast,False,0.0,0,none
2025-11-05 13:00:00,22.9,0.0,56.0,7.5,forecast,False,0.0,0,none
2025-11-05 14:00:00,25.2,0.0,53.0,8.3,forecast,True,0.0,0,none
2025-11-05 15:00:00,24.1,0.0,45.0,20.0,forecast,False,0.0,0,none
2025-11-05 16:00:00,25.4,0.0,56.0,5.1,forecast,False,0.0,0,none
2025-11-05 17:00:00,24.9,0.0,49.0,8.3,forecast,False,0.0,0,none
2025-11-05 18:00:00,23.5,0.0,63.0,11.8,forecast,False,0.0,0,none
2025-11-05 19:00:00,20.8,0.0,55.0,12.0,forecast,False,0.0,0,none
2025-11-05 20:00:00,17.9,0.0,54.0,10.9,forecast,False,0.0,0,none
2025-11-05 21:00:00,17.1,0.0,70.0,7.0,forecast,False,0.0,0,none
2025-11-05 22:00:00,16.1,0.0,65.0,10.1,forecast,False,0.0,0,none
2025-11-05 23:00:00,14.7,0.0,70.0,8.1,forecast,False,0.0,0,none
2025-11-06 00:00:00,10.6,0.0,85.0,11.6,forecast,False,0.0,0,none
2025-11-06 01:00:00,10.5,0.0,85.0,10.5,forecast,False,0.0,0,none
2025-11-06 02:00:00,9.8,0.0,91.0,11.0,forecast,False,0.0,0,none
2025-11-06 03:00:00,12.0,0.1,89.0,11.9,forecast,False,0.09999999999999823,1,light
2025-11-06 04:00:00,12.1,0.0,81.5,9.95,forecast,True,0.09999999999999823,0,none
2025-11-06 05:00:00,12.2,0.0,74.0,8.0,forecast,False,0.09999999999999823,0,none
2025-11-06 06:00:00,13.0,0.0,82.0,12.5,forecast,False,0.0,0,none
2025-11-06 07:00:00,14.3,0.0,71.0,13.1,forecast,False,0.0,0,none
2025-11-06 08:00:00,17.7,0.0,69.0,15.0,forecast,False,0.0,0,none
2025-11-06 09:00:00,18.8,0.0,65.0,7.3,forecast,False,0.0,0,none
2025-11-06 10:00:00,19.3,0.0,69.0,6.9,forecast,False,0.0,0,none
2025-11-06 11:00:00,19.4,0.0,57.0,8.3,forecast,False,0.0,0,none
2025-11-06 12:00:00,20.4,0.0,52.0,17.3,forecast,False,0.0,0,none
2025-11-06 13:00:00,23.2,0.0,58.0,7.7,forecast,False,0.0,0,none
2025-11-06 14:00:00,25.1,0.0,51.0,6.2,forecast,False,0.0,0,none
2025-11-06 15:00:00,27.0,0.0,58.0,7.5,forecast,False,0.0,0,none
2025-11-06 16:00:00,25.7,0.0,49.0,12.2,forecast,False,0.0,0,none
2025-11-06 17:00:00,22.1,0.0,65.0,8.6,forecast,False,0.0,0,none
2025-11-06 18:00:00,21.1,0.0,59.0,16.7,forecast,False,0.0,0,none
2025-11-06 19:00:00,20.6,0.0,64.0,9.3,forecast,False,0.0,0,none
2025-11-06 20:00:00,19.2,0.0,66.0,14.1,forecast,False,0.0,0,none
2025-11-06 21:00:00,15.9,0.0,65.0,7.8,forecast,False,0.0,0,none
2025-11-06 22:00:00,16.5,0.0,76.0,8.2,forecast,False,0.0,0,none
2025-11-06 23:00:00,15.8,0.0,76.0,12.3,forecast,False,0.0,0,none
2025-11-07 00:00:00,12.4,0.0,86.0,4.7,forecast,False,0.0,0,none
2025-11-07 01:00:00,11.8,0.0,85.0,11.0,forecast,False,0.0,0,none
2025-11-07 02:00:00,11.9,0.0,92.0,6.4,forecast,False,0.0,0,none
2025-11-07 03:00:00,10.7,0.0,87.0,11.2,forecast,False,0.0,0,none
2025-11-07 04:00:00,10.1,0.0,84.0,6.8,forecast,False,0.0,0,none
2025-11-07 05:00:00,13.5,0.0,77.0,13.1,forecast,False,0.0,0,none
2025-11-07 06:00:00,14.0,0.0,75.0,8.5,forecast,False,0.0,0,none
2025-11-07 07:00:00,13.9,0.0,87.0,13.4,forecast,False,0.0,0,none
2025-11-07 08:00:00,15.3,1.2,74.0,12.2,forecast,False,1.1999999999999982,1,light
2025-11-07 09:00:00,19.4,0.0,66.5,8.5,forecast,False,1.1999999999999982,0,none
2025-11-07 10:00:00,19.4,0.0,59.0,4.9,forecast,False,1.1999999999999982,0,none
2025-11-07 11:00:00,20.3,0.0,71.0,9.9,forecast,False,0.0,0,none
2025-11-07 12:00:00,21.5,0.0,57.0,11.8,forecast,False,0.0,0,none
2025-11-07 13:00:00,23.1,0.0,50.0,18.1,forecast,False,0.0,0,none
2025-11-07 14:00:00,23.2,0.0,44.0,13.3,forecast,False,0.0,0,none
2025-11-07 15:00:00,24.9,0.0,58.0,7.4,forecast,False,0.0,0,none
2025-11-07 16:00:00,25.7,0.0,52.0,11.2,forecast,False,0.0,0,none
2025-11-07 17:00:00,23.4,0.0,64.0,14.9,forecast,False,0.0,0,none
2025-11-07 18:00:00,22.1,0.0,65.0,13.0,forecast,False,0.0,0,none
2025-11-07 19:00:00,20.2,0.0,67.0,11.6,forecast,False,0.0,0,none
2025-11-07 20:00:00,21.5,0.0,63.0,26.2,forecast,False,0.0,0,none
2025-11-07 21:00:00,17.0,0.0,69.0,7.2,forecast,False,0.0,0,none
2025-11-07 22:00:00,16.0,0.0,81.0,19.3,forecast,False,0.0,0,none
2025-11-07 23:00:00,12.8,0.0,77.0,10.2,forecast,False,0.0,0,none
2025-11-08 00:00:00,12.9,0.0,79.0,10.5,forecast,False,0.0,0,none
2025-11-08 01:00:00,12.3,0.0,84.0,15.4,forecast,False,0.0,0,none
2025-11-08 02:00:00,11.6,0.0,83.0,5.4,forecast,False,0.0,0,none
2025-11-08 03:00:00,10.5,0.0,95.0,13.8,forecast,False,0.0,0,none
2025-11-08 04:00:00,9.8,0.0,84.0,7.3,forecast,False,0.0,0,none
2025-11-08 05:00:00,11.1,0.0,85.0,18.7,forecast,False,0.0,0,none
2025-11-08 06:00:00,12.5,0.0,77.0,19.2,forecast,False,0.0,0,none
2025-11-08 07:00:00,13.3,0.0,71.0,9.1,forecast,False,0.0,0,none
2025-11-08 08:00:00,14.5,0.0,73.0,7.0,forecast,False,0.0,0,none
2025-11-08 09:00:00,19.1,0.0,63.0,13.4,forecast,False,0.0,0,none
2025-11-08 10:00:00,19.3,0.0,66.0,6.4,forecast,False,0.0,0,none
2025-11-08 11:00:00,20.9,0.0,60.0,3.8,forecast,False,0.0,0,none
2025-11-08 12:00:00,22.7,0.0,65.0,20.3,forecast,False,0.0,0,none
2025-11-08 13:00:00,24.0,0.0,58.0,6.3,forecast,False,0.0,0,none
2025-11-08 14:00:00,23.1,0.0,61.0,12.4,forecast,False,0.0,0,none
2025-11-08 15:00:00,23.0,0.0,60.0,5.8,forecast,False,0.0,0,none
2025-11-08 16:00:00,23.4,0.0,59.0,8.4,forecast,False,0.0,0,none
2025-11-08 17:00:00,23.2,0.0,56.0,7.7,forecast,False,0.0,0,none
2025-11-08 18:00:00,22.9,0.0,56.0,15.4,forecast,False,0.0,0,none
2025-11-08 19:00:00,21.35,0.0,63.0,14.0,forecast,True,0.0,0,none
2025-11-08 20:00:00,19.8,0.0,70.0,12.6,forecast,False,0.0,0,none
2025-11-08 21:00:00,17.7,0.0,73.0,8.6,forecast,False,0.0,0,none
2025-11-08 22:00:00,15.2,0.0,75.0,9.0,forecast,False,0.0,0,none
2025-11-08 23:00:00,14.2,0.0,81.0,3.8,forecast,False,0.0,0,none
2025-11-09 00:00:00,11.3,0.0,83.0,11.4,forecast,False,0.0,0,none
2025-11-09 01:00:00,9.3,0.0,89.0,8.3,forecast,False,0.0,0,none
2025-11-09 02:00:00,9.1,0.0,91.0,13.7,forecast,False,0.0,0,none
2025-11-09 03:00:00,9.3,0.0,92.0,12.9,forecast,False,0.0,0,none
2025-11-09 04:00:00,9.3,0.0,88.0,9.5,forecast,False,0.0,0,none
2025-11-09 05:00:00,9.5,0.0,97.0,17.2,forecast,False,0.0,0,none
2025-11-09 06:00:00,10.85,0.0,86.5,10.45,forecast,True,0.0,0,none
2025-11-09 07:00:00,12.2,0.0,76.0,3.7,forecast,False,0.0,0,none
2025-11-09 08:00:00,15.2,0.0,77.0,6.7,forecast,False,0.0,0,none
2025-11-09 09:00:00,16.1,0.0,78.0,12.7,forecast,False,0.0,0,none
2025-11-09 10:00:00,18.3,0.0,63.0,11.6,forecast,False,0.0,0,none
2025-11-09 11:00:00,19.9,0.0,64.0,12.1,forecast,False,0.0,0,none
2025-11-09 12:00:00,19.0,0.0,63.0,12.1,forecast,False,0.0,0,none
2025-11-09 13:00:00,21.4,0.0,53.0,10.2,forecast,False,0.0,0,none
2025-11-09 14:00:00,23.0,0.0,56.0,8.6,forecast,False,0.0,0,none
2025-11-09 15:00:00,23.9,0.0,61.0,12.4,forecast,False,0.0,0,none
2025-11-09 16:00:00,20.6,0.0,62.0,8.2,forecast,False,0.0,0,none
2025-11-09 17:00:00,20.8,0.0,59.0,22.5,forecast,False,0.0,0,none
2025-11-09 18:00:00,21.2,0.0,70.0,11.9,forecast,False,0.0,0,none
2025-11-09 19:00:00,20.4,0.0,64.0,10.6,forecast,False,0.0,0,none
2025-11-09 20:00:00,15.6,0.0,73.0,7.2,forecast,False,0.0,0,none
2025-11-09 21:00:00,17.4,0.0,79.0,13.2,forecast,False,0.0,0,none
2025-11-09 22:00:00,15.9,0.0,82.0,12.5,forecast,False,0.0,0,none
2025-11-09 23:00:00,14.7,0.0,85.0,15.0,forecast,False,0.0,0,none
2025-11-10 00:00:00,10.3,0.0,90.0,11.9,forecast,False,0.0,0,none
2025-11-10 01:00:00,7.8,2.1,94.0,7.5,forecast,False,2.0999999999999983,1,light
2025-11-10 02:00:00,8.8,0.0,90.0,13.7,forecast,False,2.0999999999999983,0,none
2025-11-10 03:00:00,8.8,0.0,93.0,7.0,forecast,False,2.0999999999999983,0,none
2025-11-10 04:00:00,8.3,0.0,96.0,13.5,forecast,False,0.0,0,none
2025-11-10 05:00:00,9.7,0.0,79.0,10.1,forecast,False,0.0,0,none
2025-11-10 06:00:00,8.0,0.0,91.0,3.1,forecast,False,0.0,0,none
2025-11-10 07:00:00,12.0,0.0,90.0,10.3,forecast,False,0.0,0,none
2025-11-10 08:00:00,11.9,0.0,84.0,6.6,forecast,False,0.0,0,none
2025-11-10 09:00:00,15.4,0.0,80.0,14.4,forecast,False,0.0,0,none
2025-11-10 10:00:00,16.1,0.0,76.0,8.3,forecast,False,0.0,0,none
2025-11-10 11:00:00,17.9,0.0,73.0,9.3,forecast,False,0.0,0,none
2025-11-10 12:00:00,20.8,0.0,61.0,14.6,forecast,False,0.0,0,none
2025-11-10 13:00:00,21.0,0.0,58.0,5.7,forecast,False,0.0,0,none
2025-11-10 14:00:00,19.7,0.0,65.0,12.9,forecast,False,0.0,0,none
2025-11-10 15:00:00,21.9,0.0,63.0,17.5,forecast,False,0.0,0,none
2025-11-10 16:00:00,21.4,0.0,57.0,11.8,forecast,False,0.0,0,none
2025-11-10 17:00:00,20.3,0.0,60.0,6.1,forecast,False,0.0,0,none
2025-11-10 18:00:00,19.6,0.0,60.0,7.3,forecast,False,0.0,0,none
2025-11-10 19:00:00,17.2,0.0,71.0,26.7,forecast,False,0.0,0,none
2025-11-10 20:00:00,17.9,0.0,73.0,13.0,forecast,False,0.0,0,none
2025-11-10 21:00:00,14.7,0.0,74.0,6.8,forecast,False,0.0,0,none
2025-11-10 22:00:00,13.8,0.0,64.0,12.1,forecast,False,0.0,0,none
2025-11-10 23:00:00,12.7,0.0,86.0,7.2,forecast,False,0.0,0,none
2025-11-11 00:00:00,9.1,0.0,88.0,8.6,forecast,False,0.0,0,none
2025-11-11 01:00:00,8.3,0.0,82.0,11.6,forecast,False,0.0,0,none
2025-11-11 02:00:00,8.5,0.0,96.0,8.6,forecast,False,0.0,0,none
2025-11-11 03:00:00,6.7,0.0,95.0,15.1,forecast,False,0.0,0,none
2025-11-11 04:00:00,6.9,0.0,93.0,9.0,forecast,False,0.0,0,none
2025-11-11 05:00:00,8.4,0.0,86.0,11.2,forecast,False,0.0,0,none
2025-11-11 06:00:00,9.4,0.0,89.0,5.8,forecast,False,0.0,0,none
2025-11-11 07:00:00,9.8,0.0,91.0,5.9,forecast,False,0.0,0,none
2025-11-11 08:00:00,14.0,0.0,86.0,7.8,forecast,False,0.0,0,none
2025-11-11 09:00:00,15.2,0.0,82.0,6.5,forecast,False,0.0,0,none
2025-11-11 10:00:00,16.4,0.0,72.0,12.1,forecast,False,0.0,0,none
2025-11-11 11:00:00,17.4,0.0,66.0,11.7,forecast,False,0.0,0,none
2025-11-11 12:00:00,20.1,0.0,71.0,15.1,forecast,False,0.0,0,none
2025-11-11 13:00:00,19.8,0.0,77.0,9.4,forecast,False,0.0,0,none
2025-11-11 14:00:00,19.6,0.0,60.0,10.7,forecast,False,0.0,0,none
2025-11-11 15:00:00,22.6,0.0,58.0,12.4,forecast,False,0.0,0,none
2025-11-11 16:00:00,20.6,0.0,65.0,8.9,forecast,False,0.0,0,none
2025-11-11 17:00:00,20.4,0.0,62.0,8.3,forecast,False,0.0,0,none
2025-11-11 18:00:00,17.1,0.0,59.0,11.2,forecast,False,0.0,0,none
2025-11-11 19:00:00,17.2,0.2,67.0,9.7,forecast,False,0.19999999999999823,1,light
2025-11-11 20:00:00,17.3,0.0,82.0,7.2,forecast,False,0.19999999999999823,0,none
2025-11-11 21:00:00,13.7,0.0,85.0,11.7,forecast,False,0.19999999999999823,0,none
2025-11-11 22:00:00,12.6,0.0,86.0,4.0,forecast,False,0.0,0,none
2025-11-11 23:00:00,12.6,0.0,80.0,9.2,forecast,False,0.0,0,none
2025-11-12 00:00:00,10.2,0.0,83.0,10.5,forecast,False,0.0,0,none
2025-11-12 01:00:00,10.3,0.0,83.0,11.7,forecast,False,0.0,0,none
2025-11-12 02:00:00,9.2,0.0,94.0,11.6,forecast,False,0.0,0,none
2025-11-12 03:00:00,7.7,0.0,95.0,6.2,forecast,False,0.0,0,none
2025-11-12 04:00:00,8.1,0.0,97.0,10.8,forecast,False,0.0,0,none
2025-11-12 05:00:00,7.4,0.0,95.0,4.4,forecast,False,0.0,0,none
2025-11-12 06:00:00,11.2,0.0,88.0,9.0,forecast,False,0.0,0,none
2025-11-12 07:00:00,10.5,0.0,79.0,18.7,forecast,False,0.0,0,none
2025-11-12 08:00:00,12.7,0.0,85.0,11.2,forecast,False,0.0,0,none
2025-11-12 09:00:00,13.1,2.6,82.0,10.4,forecast,False,2.5999999999999983,1,moderate
2025-11-12 10:00:00,16.7,0.0,71.0,12.3,forecast,False,2.5999999999999983,0,none
2025-11-12 11:00:00,18.4,0.2,67.0,5.5,forecast,False,2.7999999999999985,1,light
2025-11-12 12:00:00,18.0,0.0,62.0,13.0,forecast,False,0.19999999999999823,0,none
2025-11-12 13:00:00,21.7,0.0,60.0,6.5,forecast,False,0.19999999999999823,0,none
2025-11-12 14:00:00,21.6,0.0,75.0,12.5,forecast,False,0.0,0,none
2025-11-12 15:00:00,21.4,0.1,71.0,10.6,forecast,False,0.09999999999999823,1,light
2025-11-12 16:00:00,21.9,0.0,59.0,5.2,forecast,False,0.09999999999999823,0,none
2025-11-12 17:00:00,18.9,0.0,66.0,14.0,forecast,False,0.09999999999999823,0,none
2025-11-12 18:00:00,17.4,0.0,68.0,6.8,forecast,False,0.0,0,none
2025-11-12 19:00:00,16.5,0.0,61.0,10.2,forecast,False,0.0,0,none
2025-11-12 20:00:00,16.7,0.0,64.0,8.7,forecast,False,0.0,0,none
2025-11-12 21:00:00,16.1,0.0,74.0,13.8,forecast,False,0.0,0,none
2025-11-12 22:00:00,13.2,1.2,71.0,14.1,forecast,False,1.1999999999999982,1,light
2025-11-12 23:00:00,10.6,0.0,90.0,21.8,forecast,False,1.1999999999999982,0,none
2025-11-13 00:00:00,10.5,0.8,88.5,8.8,forecast,False,1.9999999999999982,1,light
2025-11-13 01:00:00,11.2,0.0,87.0,14.0,forecast,False,0.7999999999999983,0,none
2025-11-13 02:00:00,9.0,0.0,99.0,14.4,forecast,False,0.7999999999999983,0,none
2025-11-13 03:00:00,8.9,0.0,86.0,12.7,forecast,False,0.0,0,none
2025-11-13 04:00:00,7.9,1.2,96.0,5.7,forecast,False,1.1999999999999982,1,light
2025-11-13 05:00:00,9.1,0.0,91.0,8.1,forecast,False,1.1999999999999982,0,none
2025-11-13 06:00:00,9.1,0.0,99.0,5.5,forecast,False,1.1999999999999982,0,none
2025-11-13 07:00:00,13.4,0.0,85.0,4.7,forecast,False,0.0,0,none
2025-11-13 08:00:00,15.0,0.0,77.0,14.1,forecast,False,0.0,0,none
2025-11-13 09:00:00,15.1,0.0,73.0,4.6,forecast,False,0.0,0,none
2025-11-13 10:00:00,18.3,0.0,62.0,8.9,forecast,False,0.0,0,none
2025-11-13 11:00:00,17.4,0.0,72.0,7.7,forecast,False,0.0,0,none
2025-11-13 12:00:00,18.2,0.0,64.0,13.1,forecast,True,0.0,0,none
2025-11-13 13:00:00,19.0,0.8,86.0,14.7,forecast,False,0.7999999999999983,1,light
2025-11-13 14:00:00,19.0,3.6,75.0,4.4,forecast,False,4.399999999999999,1,moderate
2025-11-13 15:00:00,21.2,25.7,84.0,9.8,forecast,False,30.099999999999998,1,heavy
2025-11-13 16:00:00,19.3,3.0,85.0,9.6,forecast,False,32.3,1,moderate
2025-11-13 17:00:00,19.3,3.6,82.0,15.5,forecast,False,32.3,1,moderate
2025-11-13 18:00:00,19.5,3.6,82.0,9.1,forecast,False,10.2,1,moderate
2025-11-13 19:00:00,20.5,0.3,68.0,12.0,forecast,False,7.5,1,light
2025-11-13 20:00:00,16.6,0.0,62.0,16.8,forecast,False,3.9,0,none
2025-11-13 21:00:00,15.2,0.0,81.0,15.7,forecast,False,0.3,0,none
2025-11-13 22:00:00,14.9,0.0,87.0,24.1,forecast,False,0.0,0,none
2025-11-13 23:00:00,11.9,1.0,91.0,6.9,forecast,False,1.0,1,light
2025-11-14 00:00:00,12.3,0.0,82.0,8.6,forecast,False,1.0,0,none
2025-11-14 01:00:00,10.9,0.0,90.0,13.8,forecast,False,1.0,0,none
2025-11-14 02:00:00,9.8,0.0,97.0,3.6,forecast,False,0.0,0,none
2025-11-14 03:00:00,8.9,0.0,82.0,11.6,forecast,False,0.0,0,none
2025-11-14 04:00:00,9.3,0.0,92.0,15.9,forecast,False,0.0,0,none
2025-11-14 05:00:00,8.8,0.0,90.0,15.5,forecast,False,0.0,0,none
2025-11-14 06:00:00,12.0,0.0,77.0,12.1,forecast,False,0.0,0,none
2025-11-14 07:00:00,13.5,0.0,89.0,3.7,forecast,False,0.0,0,none
2025-11-14 08:00:00,14.9,0.0,78.0,22.1,forecast,False,0.0,0,none
2025-11-14 09:00:00,16.7,0.0,73.0,13.2,forecast,False,0.0,0,none
2025-11-14 10:00:00,18.15,0.0,69.5,13.7,forecast,True,0.0,0,none
2025-11-14 11:00:00,19.6,0.0,66.0,14.2,forecast,False,0.0,0,none
2025-11-14 12:00:00,21.2,0.0,60.5,7.9,forecast,False,0.0,0,none
2025-11-14 13:00:00,21.5,0.0,55.0,16.1,forecast,False,0.0,0,none
2025-11-14 14:00:00,22.8,0.0,62.0,15.1,forecast,False,0.0,0,none
2025-11-14 15:00:00,21.7,0.0,61.0,18.0,forecast,False,0.0,0,none
2025-11-14 16:00:00,22.5,0.0,66.0,18.3,forecast,False,0.0,0,none
2025-11-14 17:00:00,22.4,0.0,66.0,6.5,forecast,False,0.0,0,none
2025-11-14 18:00:00,20.4,0.0,61.0,10.6,forecast,False,0.0,0,none
2025-11-14 19:00:00,20.1,0.0,68.0,8.1,forecast,False,0.0,0,none
2025-11-14 20:00:00,17.6,0.0,71.0,6.0,forecast,False,0.0,0,none
2025-11-14 21:00:00,16.1,0.0,84.0,4.4,forecast,False,0.0,0,none
2025-11-14 22:00:00,14.9,0.0,78.0,3.7,forecast,False,0.0,0,none
2025-11-14 23:00:00,11.5,0.0,86.0,8.4,forecast,False,0.0,0,none
