timestamp,temp_c,rain_mm,humidity_pct,wind_kmh,data_type
2024-12-30T21:00:00Z,10.8,0.0,84.0,10.2,observed
2024-12-30T22:00:00Z,9.9,0.0,100.0,5.5,observed
2024-12-30T23:00:00Z,8.8,0.0,93.0,11.3,observed
2024-12-31T00:00:00Z,9.3,0.0,92.0,9.1,observed
2024-12-31T01:00:00Z,9.7,0.0,91.0,4.3,observed
2024-12-31T02:00:00Z,10.8,0.0,98.0,4.2,observed
2024-12-31T03:00:00Z,11.4,0.0,74.0,7.2,observed
2024-12-31T04:00:00Z,14.0,0.0,74.0,10.5,observed
2024-12-31T05:00:00Z,13.7,0.0,80.0,10.5,observed
2024-12-31T06:00:00Z,16.4,0.0,80.0,8.6,observed
2024-12-31T07:00:00Z,17.7,0.0,70.0,18.6,observed
2024-12-31T08:00:00Z,19.3,0.0,66.0,15.3,observed
2024-12-31T09:00:00Z,20.4,0.0,68.0,9.5,observed
2024-12-31T10:00:00Z,21.4,0.0,59.0,22.1,observed
2024-12-31T12:00:00Z,22.8,0.0,54.0,7.2,observed
2024-12-31T13:00:00Z,21.9,0.0,58.0,8.8,observed
2024-12-31T14:00:00Z,21.8,-9999.0,59.0,16.3,observed
31/12/2024 15:00,21.5,0.0,59.0,5.4,observed
2024-12-31T16:00:00Z,18.9,0.0,78.0,12.6,observed
2024-12-31T17:00:00Z,18.0,0.0,66.0,8.0,observed
2024-12-31T18:00:00Z,15.4,0.0,86.0,17.3,observed
2024-12-31T19:00:00Z,13.8,0.0,75.0,10.1,observed
2024-12-31T20:00:00Z,12.1,0.0,80.0,5.6,observed
2024-12-31T21:00:00Z,9.8,0.0,89.0,16.8,observed
2024-12-31T22:00:00Z,8.0,-9999.0,87.0,13.6,observed
2024-12-31T23:00:00Z,7.2,0.0,100.0,9.0,observed
01/01/2025 00:00,7.6,0.0,86.0,5.6,observed
2025-01-01T01:00:00Z,6.7,0.0,92.0,11.9,observed
2025-01-01T02:00:00Z,8.1,0.0,95.0,7.3,observed
2025-01-01T03:00:00Z,8.9,0.0,89.0,8.0,observed
2025-01-01T04:00:00Z,10.4,0.0,88.0,11.4,observed
2025-01-01T05:00:00Z,12.2,0.0,90.0,14.6,observed
2025-01-01T06:00:00Z,13.3,0.0,74.0,10.4,observed
2025-01-01T07:00:00Z,16.1,0.0,78.0,15.4,observed
2025-01-01T08:00:00Z,16.9,0.0,75.0,19.1,observed
2025-01-01T09:00:00Z,19.2,0.0,63.0,10.4,observed
2025-01-01T10:00:00Z,19.5,0.0,67.0,5.0,observed
2025-01-01T11:00:00Z,20.6,0.0,73.0,15.9,observed
01/01/2025 12:00,21.3,0.0,66.0,5.3,observed
2025-01-01T13:00:00Z,20.6,0.0,66.0,7.8,observed
2025-01-01T14:00:00Z,19.3,0.0,63.0,5.7,observed
2025-01-01T15:00:00Z,18.9,0.0,67.0,13.2,observed
2025-01-01T16:00:00Z,17.0,0.0,61.0,20.3,observed
2025-01-01T17:00:00Z,15.6,0.0,79.0,7.3,observed
2025-01-01T18:00:00Z,14.3,0.0,77.0,10.7,observed
2025-01-01T19:00:00Z,11.7,0.0,77.0,11.0,observed
2025-01-01T20:00:00Z,11.5,0.0,85.0,20.5,observed
2025-01-01T21:00:00Z,10.3,0.0,91.0,11.2,observed
2025-01-01T22:00:00Z,8.7,0.0,92.0,10.2,observed
2025-01-01T23:00:00Z,9.9,0.0,89.0,19.1,observed
2025-01-02T00:00:00Z,7.8,0.0,94.0,5.4,observed
2025-01-02T01:00:00Z,8.2,0.0,83.0,8.4,observed
02/01/2025 02:00,8.7,0.0,93.0,8.8,observed
2025-01-02T03:00:00Z,10.0,0.0,88.0,8.2,observed
2025-01-02T04:00:00Z,11.7,0.0,93.0,12.6,observed
2025-01-02T05:00:00Z,13.5,0.0,80.0,15.4,observed
2025-01-02T06:00:00Z,15.3,0.0,79.0,7.4,observed
2025-01-02T07:00:00Z,16.6,0.0,75.0,14.3,observed
02/01/2025 08:00,18.4,0.0,70.0,10.8,observed
2025-01-02T09:00:00Z,19.7,0.0,72.0,18.7,observed
2025-01-02T10:00:00Z,20.2,0.0,,10.9,observed
2025-01-02T11:00:00Z,21.9,0.0,58.0,12.8,observed
2025-01-02T12:00:00Z,21.6,0.0,56.0,10.7,observed
2025-01-02T13:00:00Z,20.8,0.5,65.0,7.9,observed
02/01/2025 14:00,20.3,0.0,56.0,8.6,observed
2025-01-02T15:00:00Z,19.2,0.0,73.0,7.6,observed
2025-01-02T16:00:00Z,15.4,5.7,87.0,17.0,observed
2025-01-02T17:00:00Z,15.6,0.0,76.0,10.6,observed
2025-01-02T18:00:00Z,13.7,0.3,82.0,12.5,observed
2025-01-02T19:00:00Z,13.0,0.0,79.0,18.0,observed
2025-01-02T20:00:00Z,11.2,0.0,91.0,6.1,observed
2025-01-02T21:00:00Z,8.8,0.0,93.0,15.0,observed
2025-01-02T22:00:00Z,8.4,0.0,93.0,13.7,observed
02/01/2025 23:00,7.5,0.0,95.0,11.0,observed
2025-01-03T00:00:00Z,7.4,0.0,96.0,4.0,observed
2025-01-03T00:00:00Z,7.6,0.0,96.0,4.0,observed
2025-01-03T01:00:00Z,7.7,0.0,86.0,21.1,observed
2025-01-03T02:00:00Z,8.9,0.0,100.0,13.5,observed
03/01/2025 03:00,10.3,0.0,90.0,14.7,observed
2025-01-03T04:00:00Z,11.6,0.0,85.0,11.2,observed
2025-01-03T05:00:00Z,12.0,0.0,86.0,12.2,observed
2025-01-03T06:00:00Z,14.7,0.0,79.0,12.1,observed
2025-01-03T07:00:00Z,15.8,0.0,78.0,9.9,observed
2025-01-03T08:00:00Z,17.4,0.0,66.0,6.2,observed
2025-01-03T09:00:00Z,19.7,0.0,69.0,17.3,observed
2025-01-03T10:00:00Z,20.8,0.0,59.0,14.3,observed
2025-01-03T11:00:00Z,20.8,0.0,60.0,7.6,observed
2025-01-03T12:00:00Z,21.4,0.0,55.0,4.5,observed
2025-01-03T13:00:00Z,22.2,0.0,67.0,9.0,observed
2025-01-03T14:00:00Z,20.6,0.0,63.0,12.6,observed
2025-01-03T15:00:00Z,18.9,0.0,70.0,8.4,observed
03/01/2025 16:00,17.3,0.0,60.0,9.5,observed
03/01/2025 17:00,16.3,0.0,72.0,14.7,observed
2025-01-03T18:00:00Z,14.6,0.0,80.0,7.8,observed
2025-01-03T19:00:00Z,12.5,0.0,82.0,9.6,observed
2025-01-03T20:00:00Z,11.5,0.0,85.0,15.4,observed
2025-01-03T21:00:00Z,9.5,0.0,90.0,21.5,observed
2025-01-03T22:00:00Z,7.9,0.0,91.0,7.8,observed
2025-01-03T23:00:00Z,7.7,0.0,95.0,11.5,observed
2025-01-04T00:00:00Z,7.0,0.0,100.0,7.9,observed
2025-01-04T01:00:00Z,8.1,0.0,,7.7,observed
2025-01-04T01:00:00Z,9.4,0.0,,7.7,observed
2025-01-04T02:00:00Z,8.3,0.0,90.0,18.1,observed
2025-01-04T03:00:00Z,9.2,0.0,88.0,8.7,observed
2025-01-04T04:00:00Z,9.6,0.0,93.0,12.8,observed
2025-01-04T05:00:00Z,12.7,0.0,79.0,13.7,observed
2025-01-04T06:00:00Z,14.0,0.0,87.0,6.3,observed
04/01/2025 07:00,16.2,0.0,69.0,16.4,observed
04/01/2025 08:00,17.4,0.0,,11.5,observed
2025-01-04T09:00:00Z,19.4,0.0,66.0,12.8,observed
2025-01-04T10:00:00Z,20.0,0.0,59.0,16.7,observed
04/01/2025 11:00,20.6,0.0,68.0,12.5,observed
2025-01-04T12:00:00Z,19.9,0.0,63.0,11.2,observed
04/01/2025 13:00,20.7,0.0,69.0,6.8,observed
2025-01-04T14:00:00Z,20.4,0.0,59.0,12.3,observed
2025-01-04T15:00:00Z,19.2,0.0,61.0,7.1,observed
2025-01-04T16:00:00Z,18.1,0.0,61.0,8.3,observed
2025-01-04T17:00:00Z,15.3,-9999.0,81.0,16.0,observed
2025-01-04T18:00:00Z,13.8,0.0,81.0,5.3,observed
2025-01-04T19:00:00Z,12.4,0.0,,11.2,observed
2025-01-04T20:00:00Z,10.5,0.0,87.0,10.0,observed
2025-01-04T21:00:00Z,7.2,0.0,100.0,10.1,observed
2025-01-04T22:00:00Z,5.8,0.0,95.0,19.3,observed
2025-01-04T23:00:00Z,5.4,0.0,99.0,15.2,observed
2025-01-05T00:00:00Z,6.1,0.0,100.0,17.6,observed
05/01/2025 01:00,6.5,0.0,100.0,21.5,observed
2025-01-05T02:00:00Z,6.3,0.0,98.0,7.0,observed
2025-01-05T03:00:00Z,7.8,0.0,96.0,5.3,observed
2025-01-05T04:00:00Z,8.0,0.0,98.0,7.2,observed
2025-01-05T05:00:00Z,10.9,0.0,92.0,10.9,observed
2025-01-05T06:00:00Z,12.7,0.0,78.0,11.8,observed
2025-01-05T07:00:00Z,13.8,0.0,83.0,6.3,observed
2025-01-05T08:00:00Z,16.1,0.0,80.0,7.7,observed
2025-01-05T09:00:00Z,17.7,0.0,71.0,12.2,observed
2025-01-05T10:00:00Z,19.1,0.0,69.0,11.4,observed
2025-01-05T11:00:00Z,19.2,-9999.0,64.0,5.8,observed
2025-01-05T12:00:00Z,18.9,0.0,75.0,14.3,observed
2025-01-05T13:00:00Z,19.6,0.0,72.0,20.7,observed
2025-01-05T14:00:00Z,19.3,0.0,65.0,13.2,observed
2025-01-05T15:00:00Z,15.7,0.0,63.0,4.0,observed
2025-01-05T16:00:00Z,16.3,0.0,73.0,6.3,observed
2025-01-05T17:00:00Z,13.8,0.0,69.0,5.5,observed
2025-01-05T17:00:00Z,12.6,0.0,69.0,5.5,observed
2025-01-05T18:00:00Z,12.6,0.0,84.0,9.6,observed
2025-01-05T19:00:00Z,11.3,0.0,85.0,10.1,observed
2025-01-05T20:00:00Z,8.9,0.0,97.0,19.8,observed
2025-01-05T21:00:00Z,9.0,0.0,86.0,14.3,observed
2025-01-05T22:00:00Z,8.1,0.0,91.0,11.0,observed
2025-01-05T23:00:00Z,7.7,0.0,96.0,21.4,observed
2025-01-06T00:00:00Z,7.9,0.0,93.0,5.9,observed
2025-01-06T01:00:00Z,8.0,0.0,88.0,14.3,observed
2025-01-06T02:00:00Z,8.5,0.0,90.0,7.1,observed
2025-01-06T02:00:00Z,9.1,0.0,90.0,7.1,observed
2025-01-06T03:00:00Z,9.9,0.0,85.0,9.0,observed
2025-01-06T04:00:00Z,9.9,0.0,91.0,16.1,observed
2025-01-06T05:00:00Z,11.8,0.0,77.0,10.8,observed
2025-01-06T06:00:00Z,13.9,0.0,74.0,6.7,observed
2025-01-06T07:00:00Z,15.9,0.0,70.0,3.6,observed
2025-01-06T08:00:00Z,18.0,0.0,69.0,10.2,observed
2025-01-06T09:00:00Z,18.7,0.0,73.0,11.5,observed
2025-01-06T10:00:00Z,20.8,-9999.0,66.0,16.9,observed
2025-01-06T11:00:00Z,21.0,0.0,60.0,16.5,observed
2025-01-06T12:00:00Z,20.0,0.0,57.0,8.0,observed
2025-01-06T13:00:00Z,20.8,0.0,53.0,7.3,observed
2025-01-06T14:00:00Z,20.0,0.0,61.0,7.4,observed
2025-01-06T15:00:00Z,19.2,0.0,60.0,6.8,observed
2025-01-06T16:00:00Z,17.2,0.0,69.0,9.0,observed
2025-01-06T17:00:00Z,16.6,0.0,64.0,14.7,observed
2025-01-06T18:00:00Z,14.1,0.0,82.0,5.4,observed
2025-01-06T19:00:00Z,12.1,0.0,87.0,14.7,observed
2025-01-06T20:00:00Z,11.0,0.0,,15.0,observed
2025-01-06T21:00:00Z,8.7,0.0,,10.0,observed
06/01/2025 22:00,8.5,0.0,98.0,15.3,observed
2025-01-06T23:00:00Z,7.6,0.0,99.0,12.9,observed
2025-01-07T00:00:00Z,7.7,0.0,100.0,4.2,observed
2025-01-07T01:00:00Z,8.0,0.0,89.0,12.5,observed
2025-01-07T02:00:00Z,8.6,0.0,89.0,19.7,observed
2025-01-07T03:00:00Z,8.8,0.0,85.0,12.9,observed
2025-01-07T04:00:00Z,10.8,0.0,88.0,8.7,observed
2025-01-07T05:00:00Z,13.1,0.0,79.0,5.7,observed
2025-01-07T06:00:00Z,15.1,0.0,77.0,10.5,observed
2025-01-07T07:00:00Z,17.0,0.0,78.0,14.7,observed
2025-01-07T08:00:00Z,17.2,0.0,72.0,16.7,observed
2025-01-07T09:00:00Z,19.4,0.0,68.0,10.1,observed
2025-01-07T10:00:00Z,20.2,0.0,67.0,9.0,observed
2025-01-07T11:00:00Z,21.7,0.0,58.0,10.8,observed
2025-01-07T12:00:00Z,20.9,0.0,69.0,9.6,observed
2025-01-07T13:00:00Z,19.5,0.0,61.0,11.6,observed
2025-01-07T14:00:00Z,20.6,0.0,62.0,7.6,observed
2025-01-07T15:00:00Z,19.4,0.0,67.0,7.4,observed
2025-01-07T16:00:00Z,16.3,0.0,70.0,14.7,observed
2025-01-07T17:00:00Z,15.6,0.0,77.0,14.5,observed
2025-01-07T18:00:00Z,14.6,0.0,77.0,10.4,observed
2025-01-07T19:00:00Z,12.7,0.0,75.0,7.7,observed
2025-01-07T20:00:00Z,10.1,0.0,84.0,6.2,observed
2025-01-07T21:00:00Z,10.2,0.0,,7.9,observed
2025-01-07T22:00:00Z,8.9,0.0,89.0,7.9,observed
2025-01-07T23:00:00Z,7.7,0.0,94.0,11.5,observed
2025-01-08T00:00:00Z,7.9,0.0,89.0,5.4,observed
2025-01-08T01:00:00Z,8.8,0.0,91.0,10.7,observed
2025-01-08T03:00:00Z,10.1,0.0,85.0,10.4,observed
2025-01-08T04:00:00Z,10.6,0.0,87.0,12.9,observed
2025-01-08T05:00:00Z,12.9,0.0,81.0,7.2,observed
2025-01-08T06:00:00Z,15.1,0.0,82.0,9.3,observed
2025-01-08T07:00:00Z,16.7,0.0,76.0,6.0,observed
08/01/2025 08:00,17.9,0.0,74.0,8.3,observed
2025-01-08T09:00:00Z,19.3,0.0,72.0,14.0,observed
2025-01-08T10:00:00Z,20.8,0.0,61.0,9.1,observed
2025-01-08T11:00:00Z,21.0,0.0,57.0,17.0,observed
2025-01-08T12:00:00Z,21.9,0.0,66.0,11.3,observed
2025-01-08T13:00:00Z,21.9,0.0,63.0,13.8,observed
2025-01-08T14:00:00Z,20.9,0.0,66.0,7.8,observed
2025-01-08T15:00:00Z,20.4,0.0,70.0,13.9,observed
2025-01-08T16:00:00Z,17.9,0.0,69.0,10.0,observed
2025-01-08T17:00:00Z,16.2,0.0,77.0,7.5,observed
2025-01-08T18:00:00Z,14.2,0.0,84.0,12.1,observed
2025-01-08T19:00:00Z,12.2,0.0,81.0,6.1,observed
2025-01-08T20:00:00Z,11.3,0.0,86.0,12.3,observed
2025-01-08T21:00:00Z,11.9,0.0,75.0,12.8,observed
2025-01-08T22:00:00Z,10.0,0.0,91.0,13.9,observed
2025-01-08T23:00:00Z,9.1,0.0,85.0,10.7,observed
2025-01-09T00:00:00Z,8.7,0.0,92.0,7.2,observed
2025-01-09T01:00:00Z,9.6,0.0,87.0,15.0,observed
2025-01-09T02:00:00Z,9.8,0.0,90.0,14.4,observed
2025-01-09T03:00:00Z,10.7,0.0,90.0,14.1,observed
2025-01-09T04:00:00Z,12.1,0.0,85.0,13.4,observed
2025-01-09T05:00:00Z,13.8,-9999.0,82.0,21.4,observed
2025-01-09T06:00:00Z,15.2,0.0,89.0,12.3,observed
2025-01-09T07:00:00Z,18.4,0.0,66.0,16.0,observed
2025-01-09T08:00:00Z,19.1,0.0,72.0,19.5,observed
2025-01-09T09:00:00Z,20.7,0.0,62.0,7.9,observed
2025-01-09T10:00:00Z,22.2,0.0,59.0,8.3,observed
2025-01-09T11:00:00Z,22.5,0.0,63.0,7.6,observed
2025-01-09T12:00:00Z,22.4,-9999.0,58.0,13.9,observed
2025-01-09T13:00:00Z,22.2,0.0,61.0,9.2,observed
09/01/2025 14:00,22.0,0.0,55.0,15.3,observed
2025-01-09T15:00:00Z,21.0,0.0,67.0,11.8,observed
2025-01-09T16:00:00Z,19.5,0.0,60.0,7.1,observed
09/01/2025 17:00,17.5,0.0,70.0,8.2,observed
2025-01-09T18:00:00Z,16.4,0.0,73.0,6.5,observed
09/01/2025 19:00,13.9,0.0,78.0,13.0,observed
2025-01-09T20:00:00Z,13.1,0.0,92.0,10.0,observed
2025-01-09T21:00:00Z,11.9,0.0,83.0,13.7,observed
2025-01-09T22:00:00Z,9.5,0.0,85.0,9.6,observed
2025-01-09T23:00:00Z,9.7,0.0,91.0,10.0,observed
2025-01-10T00:00:00Z,10.0,0.0,91.0,7.0,observed
2025-01-10T01:00:00Z,10.2,0.0,86.0,10.1,observed
2025-01-10T02:00:00Z,9.9,0.0,90.0,10.7,observed
2025-01-10T03:00:00Z,11.4,0.0,82.0,11.9,observed
2025-01-10T04:00:00Z,13.0,0.0,95.0,11.3,observed
2025-01-10T05:00:00Z,14.2,0.0,80.0,6.7,observed
2025-01-10T06:00:00Z,16.4,0.0,69.0,14.4,observed
2025-01-10T07:00:00Z,18.1,0.0,67.0,11.9,observed
2025-01-10T08:00:00Z,20.4,0.0,64.0,28.8,observed
2025-01-10T09:00:00Z,21.4,0.0,63.0,12.7,observed
2025-01-10T10:00:00Z,21.9,0.0,59.0,11.6,observed
2025-01-10T11:00:00Z,23.5,0.0,48.0,15.6,observed
2025-01-10T12:00:00Z,24.2,0.0,53.0,20.0,observed
2025-01-10T13:00:00Z,23.1,0.0,59.0,12.3,observed
2025-01-10T14:00:00Z,22.5,0.0,66.0,11.6,observed
2025-01-10T15:00:00Z,21.1,0.0,60.0,4.1,observed
2025-01-10T16:00:00Z,19.6,0.0,72.0,9.8,observed
2025-01-10T17:00:00Z,18.1,0.0,64.0,14.0,observed
2025-01-10T18:00:00Z,15.8,0.0,76.0,21.5,observed
2025-01-10T19:00:00Z,14.6,0.0,82.0,11.9,observed
2025-01-10T20:00:00Z,12.1,0.0,85.0,8.3,observed
2025-01-10T21:00:00Z,11.0,0.0,88.0,9.3,observed
2025-01-10T22:00:00Z,10.7,0.0,88.0,9.1,observed
2025-01-10T23:00:00Z,10.3,0.0,92.0,9.8,observed
2025-01-11T00:00:00Z,9.0,0.0,91.0,8.8,observed
2025-01-11T01:00:00Z,9.5,0.0,94.0,13.1,observed
2025-01-11T02:00:00Z,9.5,0.0,84.0,10.5,observed
2025-01-11T03:00:00Z,11.0,0.0,90.0,10.5,observed
2025-01-11T04:00:00Z,12.6,0.0,71.0,7.1,observed
2025-01-11T05:00:00Z,14.4,0.0,72.0,13.8,observed
2025-01-11T07:00:00Z,18.0,0.0,72.0,14.7,observed
2025-01-11T08:00:00Z,19.1,0.0,58.0,14.1,observed
2025-01-11T09:00:00Z,20.2,0.0,75.0,9.1,observed
2025-01-11T11:00:00Z,22.8,0.0,59.0,6.1,observed
2025-01-11T12:00:00Z,22.5,0.0,47.0,12.5,observed
2025-01-11T13:00:00Z,22.7,0.0,60.0,18.9,observed
2025-01-11T14:00:00Z,22.3,0.0,58.0,4.7,observed
2025-01-11T15:00:00Z,20.3,0.0,63.0,8.7,observed
2025-01-11T16:00:00Z,19.1,0.0,58.0,6.2,observed
2025-01-11T17:00:00Z,17.8,0.0,64.0,14.1,observed
2025-01-11T18:00:00Z,14.9,0.0,64.0,10.3,observed
11/01/2025 19:00,14.3,0.0,77.0,14.4,observed
2025-01-11T20:00:00Z,12.4,0.0,78.0,17.7,observed
2025-01-11T21:00:00Z,11.5,0.0,90.0,5.2,observed
2025-01-11T22:00:00Z,11.4,0.0,81.0,8.1,observed
2025-01-11T23:00:00Z,9.7,0.0,96.0,13.7,observed
2025-01-12T00:00:00Z,10.1,0.0,83.0,8.5,observed
12/01/2025 01:00,9.6,0.0,92.0,5.0,observed
2025-01-12T02:00:00Z,11.2,0.0,89.0,12.1,observed
2025-01-12T03:00:00Z,11.5,0.0,82.0,7.4,observed
2025-01-12T04:00:00Z,13.9,0.0,75.0,10.2,observed
2025-01-12T05:00:00Z,14.8,0.0,85.0,10.4,observed
2025-01-12T06:00:00Z,16.1,0.0,72.0,4.9,observed
2025-01-12T07:00:00Z,18.5,0.0,54.0,10.9,observed
2025-01-12T08:00:00Z,19.8,0.0,56.0,5.8,observed
2025-01-12T09:00:00Z,21.7,0.0,61.0,26.3,observed
2025-01-12T10:00:00Z,23.2,0.0,51.0,12.2,observed
2025-01-12T11:00:00Z,24.1,0.0,53.0,12.6,observed
2025-01-12T12:00:00Z,23.5,0.0,60.0,13.4,observed
2025-01-12T13:00:00Z,23.4,0.0,55.0,12.3,observed
2025-01-12T14:00:00Z,23.0,0.0,56.0,16.1,observed
2025-01-12T15:00:00Z,21.2,0.0,59.0,8.3,observed
2025-01-12T16:00:00Z,20.6,-9999.0,63.0,12.4,observed
12/01/2025 17:00,17.8,0.0,72.0,7.7,observed
2025-01-12T18:00:00Z,17.4,0.0,77.0,14.7,observed
2025-01-12T19:00:00Z,14.9,0.0,81.0,5.4,observed
2025-01-12T20:00:00Z,13.0,0.0,79.0,8.8,observed
2025-01-12T21:00:00Z,11.7,0.0,89.0,12.0,observed
2025-01-12T22:00:00Z,10.7,0.0,96.0,7.8,observed
2025-01-12T23:00:00Z,9.4,-9999.0,99.0,13.9,observed
2025-01-13T00:00:00Z,9.6,0.0,90.0,13.5,observed
2025-01-13T01:00:00Z,10.1,0.0,99.0,17.8,observed
2025-01-13T02:00:00Z,11.0,0.0,88.0,7.1,observed
2025-01-13T03:00:00Z,11.4,0.0,76.0,14.7,observed
2025-01-13T04:00:00Z,13.2,0.0,83.0,6.7,observed
2025-01-13T05:00:00Z,15.9,0.0,,13.2,observed
2025-01-13T06:00:00Z,17.2,0.0,73.0,8.6,observed
2025-01-13T07:00:00Z,18.4,0.0,78.0,13.6,observed
2025-01-13T08:00:00Z,20.0,0.0,65.0,5.3,observed
2025-01-13T08:00:00Z,19.9,0.0,65.0,5.3,observed
2025-01-13T10:00:00Z,23.1,0.0,48.0,20.0,observed
13/01/2025 11:00,24.4,0.0,61.0,4.2,observed
2025-01-13T12:00:00Z,24.4,0.0,46.0,15.3,observed
2025-01-13T13:00:00Z,23.1,0.0,57.0,15.1,observed
13/01/2025 14:00,22.6,0.0,59.0,5.2,observed
2025-01-13T15:00:00Z,22.8,0.0,48.0,19.9,observed
2025-01-13T16:00:00Z,20.5,0.0,65.0,8.8,observed
13/01/2025 17:00,18.7,0.0,65.0,18.4,observed
13/01/2025 18:00,16.0,0.0,79.0,14.4,observed
2025-01-13T19:00:00Z,14.6,0.0,75.0,9.3,observed
2025-01-13T20:00:00Z,13.3,0.0,80.0,9.7,observed
2025-01-13T21:00:00Z,11.8,-9999.0,93.0,8.7,observed
2025-01-13T22:00:00Z,11.4,0.0,96.0,7.1,observed
2025-01-13T23:00:00Z,10.3,0.0,93.0,6.4,observed
14/01/2025 00:00,10.3,0.0,82.0,6.4,observed
2025-01-14T01:00:00Z,10.6,0.0,87.0,22.9,observed
2025-01-14T02:00:00Z,11.1,0.0,79.0,9.5,observed
2025-01-14T03:00:00Z,12.0,0.0,89.0,11.3,observed
2025-01-14T04:00:00Z,13.4,0.0,80.0,9.5,observed
2025-01-14T05:00:00Z,15.6,0.0,80.0,8.1,observed
2025-01-14T06:00:00Z,17.8,0.0,70.0,15.6,observed
2025-01-14T07:00:00Z,18.7,0.0,70.0,11.5,observed
2025-01-14T08:00:00Z,20.9,0.0,64.0,15.1,observed
2025-01-14T09:00:00Z,22.3,0.0,69.0,11.2,observed
2025-01-14T10:00:00Z,23.5,0.0,60.0,6.7,observed
2025-01-14T11:00:00Z,23.6,0.0,57.0,9.3,observed
2025-01-14T12:00:00Z,24.2,0.0,66.0,14.2,observed
2025-01-14T13:00:00Z,24.0,0.0,60.0,5.7,observed
2025-01-14T14:00:00Z,24.0,0.0,43.0,6.6,observed
2025-01-14T15:00:00Z,21.9,0.0,59.0,6.7,observed
2025-01-14T16:00:00Z,21.1,0.0,69.0,13.0,observed
2025-01-14T17:00:00Z,19.7,0.0,76.0,8.9,observed
2025-01-14T18:00:00Z,17.1,0.0,70.0,15.4,observed
2025-01-14T19:00:00Z,15.0,0.0,87.0,10.1,observed
2025-01-14T20:00:00Z,13.6,0.0,69.0,12.5,observed
2025-01-14T21:00:00Z,10.9,0.0,83.0,10.6,observed
2025-01-14T22:00:00Z,9.3,0.0,95.0,8.5,observed
2025-01-14T23:00:00Z,8.3,0.0,92.0,11.0,observed
2025-01-15T00:00:00Z,8.3,0.0,87.0,11.6,observed
2025-01-15T01:00:00Z,8.0,0.0,93.0,4.4,observed
2025-01-15T02:00:00Z,9.9,0.0,84.0,7.7,observed
2025-01-15T03:00:00Z,10.3,0.0,,10.3,observed
2025-01-15T04:00:00Z,11.5,0.0,89.0,11.1,observed
2025-01-15T05:00:00Z,13.4,0.0,80.0,5.4,observed
2025-01-15T06:00:00Z,15.5,0.0,76.0,13.9,observed
2025-01-15T07:00:00Z,17.6,0.0,66.0,11.7,observed
2025-01-15T08:00:00Z,19.8,0.0,69.0,8.0,observed
2025-01-15T09:00:00Z,20.4,0.0,59.0,12.6,observed
2025-01-15T10:00:00Z,20.5,0.0,67.0,10.8,observed
2025-01-15T11:00:00Z,21.4,0.0,66.0,10.0,observed
2025-01-15T12:00:00Z,21.9,0.0,68.0,15.3,observed
2025-01-15T13:00:00Z,22.1,0.0,66.0,14.5,observed
2025-01-15T14:00:00Z,21.1,0.0,59.0,16.1,observed
2025-01-15T15:00:00Z,20.6,0.0,64.0,14.0,observed
2025-01-15T16:00:00Z,18.5,0.0,72.0,7.5,observed
2025-01-15T17:00:00Z,15.4,0.0,75.0,17.0,observed
2025-01-15T18:00:00Z,14.9,0.0,70.0,6.8,observed
2025-01-15T19:00:00Z,13.9,0.0,78.0,10.1,observed
15/01/2025 20:00,12.6,0.0,87.0,8.0,observed
2025-01-15T21:00:00Z,10.1,0.0,87.0,13.7,observed
2025-01-15T22:00:00Z,9.9,0.0,,12.2,observed
2025-01-16T00:00:00Z,7.5,0.0,87.0,12.0,observed
2025-01-16T01:00:00Z,8.6,0.0,85.0,14.8,observed
2025-01-16T02:00:00Z,8.9,0.0,92.0,13.7,observed
2025-01-16T03:00:00Z,10.2,0.0,100.0,10.1,observed
2025-01-16T04:00:00Z,11.7,0.0,96.0,14.2,observed
16/01/2025 05:00,12.8,0.0,92.0,14.6,observed
2025-01-16T06:00:00Z,16.0,0.0,70.0,9.0,observed
2025-01-16T07:00:00Z,16.9,0.0,70.0,5.6,observed
2025-01-16T08:00:00Z,18.0,0.0,78.0,14.2,observed
2025-01-16T09:00:00Z,20.1,0.0,72.0,16.3,observed
2025-01-16T10:00:00Z,21.8,0.0,53.0,10.4,observed
2025-01-16T11:00:00Z,21.5,0.0,59.0,10.4,observed
2025-01-16T12:00:00Z,22.4,0.0,54.0,10.9,observed
2025-01-16T13:00:00Z,22.2,0.0,66.0,13.8,observed
2025-01-16T14:00:00Z,20.9,0.0,60.0,8.4,observed
2025-01-16T15:00:00Z,19.8,0.0,,6.7,observed
2025-01-16T15:00:00Z,18.2,0.0,,6.7,observed
2025-01-16T16:00:00Z,19.1,0.0,70.0,21.0,observed
2025-01-16T17:00:00Z,17.2,0.0,68.0,5.5,observed
2025-01-16T17:00:00Z,16.1,0.0,68.0,5.5,observed
2025-01-16T18:00:00Z,15.5,0.0,68.0,6.4,observed
2025-01-16T19:00:00Z,12.9,0.0,87.0,11.7,observed
2025-01-16T20:00:00Z,12.2,0.0,,15.8,observed
2025-01-16T21:00:00Z,11.1,0.0,89.0,9.8,observed
2025-01-16T22:00:00Z,8.8,0.0,91.0,10.5,observed
2025-01-16T23:00:00Z,8.0,0.0,100.0,15.7,observed
2025-01-17T00:00:00Z,7.1,0.0,92.0,18.8,observed
2025-01-17T01:00:00Z,8.5,0.0,87.0,26.8,observed
2025-01-17T02:00:00Z,8.4,0.0,93.0,13.1,observed
2025-01-17T03:00:00Z,10.4,0.0,81.0,10.2,observed
2025-01-17T04:00:00Z,11.5,0.0,90.0,10.6,observed
2025-01-17T04:00:00Z,11.4,0.0,90.0,10.6,observed
2025-01-17T05:00:00Z,12.6,0.0,77.0,10.7,observed
2025-01-17T06:00:00Z,15.0,0.0,78.0,7.8,observed
2025-01-17T07:00:00Z,16.4,0.0,82.0,12.5,observed
2025-01-17T08:00:00Z,17.9,0.0,68.0,13.6,observed
2025-01-17T09:00:00Z,19.8,0.0,69.0,8.2,observed
2025-01-17T10:00:00Z,20.7,0.0,56.0,15.4,observed
17/01/2025 11:00,21.7,0.0,64.0,10.1,observed
2025-01-17T12:00:00Z,22.0,0.0,53.0,4.8,observed
17/01/2025 13:00,20.5,0.0,70.0,4.9,observed
2025-01-17T14:00:00Z,21.1,0.0,61.0,14.1,observed
2025-01-17T14:00:00Z,21.3,0.0,61.0,14.1,observed
2025-01-17T15:00:00Z,19.4,0.0,64.0,16.9,observed
2025-01-17T16:00:00Z,18.5,0.0,69.0,5.1,observed
2025-01-17T17:00:00Z,17.0,0.0,71.0,13.8,observed
2025-01-17T18:00:00Z,14.5,0.0,77.0,24.5,observed
2025-01-17T19:00:00Z,14.0,0.0,81.0,12.7,observed
2025-01-17T20:00:00Z,10.8,0.0,78.0,15.9,observed
2025-01-17T21:00:00Z,13.4,0.0,76.0,11.4,observed
2025-01-17T22:00:00Z,11.7,0.0,79.0,15.1,observed
2025-01-17T23:00:00Z,11.8,0.0,85.0,12.8,observed
2025-01-18T00:00:00Z,10.5,0.0,99.0,17.4,observed
2025-01-18T01:00:00Z,11.3,0.0,82.0,8.6,observed
2025-01-18T02:00:00Z,12.0,0.0,75.0,18.3,observed
2025-01-18T03:00:00Z,13.2,0.0,80.0,25.0,observed
18/01/2025 04:00,14.2,0.0,83.0,10.2,observed
2025-01-18T05:00:00Z,15.6,0.0,77.0,9.1,observed
2025-01-18T06:00:00Z,17.4,0.0,76.0,13.2,observed
2025-01-18T07:00:00Z,19.1,0.0,60.0,9.5,observed
2025-01-18T08:00:00Z,20.9,0.0,58.0,13.9,observed
2025-01-18T09:00:00Z,22.7,0.0,55.0,11.1,observed
2025-01-18T10:00:00Z,23.2,0.0,,9.9,observed
2025-01-18T11:00:00Z,23.4,0.0,58.0,10.5,observed
2025-01-18T12:00:00Z,23.6,0.0,60.0,9.7,observed
2025-01-18T13:00:00Z,24.3,0.0,58.0,4.8,observed
2025-01-18T14:00:00Z,23.9,0.0,61.0,8.2,observed
2025-01-18T15:00:00Z,21.9,0.0,61.0,12.7,observed
2025-01-18T16:00:00Z,20.8,0.0,,13.2,observed
2025-01-18T17:00:00Z,19.1,0.0,67.0,13.2,observed
2025-01-18T18:00:00Z,18.4,0.0,61.0,12.2,observed
2025-01-18T19:00:00Z,15.7,0.0,72.0,16.8,observed
2025-01-18T20:00:00Z,14.9,0.0,74.0,8.4,observed
2025-01-18T21:00:00Z,11.6,0.0,86.0,13.0,observed
2025-01-18T22:00:00Z,10.7,0.0,82.0,12.2,observed
2025-01-18T23:00:00Z,10.1,0.0,92.0,6.3,observed
2025-01-19T00:00:00Z,9.0,0.0,89.0,10.7,observed
2025-01-19T01:00:00Z,10.1,0.0,91.0,12.7,observed
2025-01-19T02:00:00Z,10.7,0.0,92.0,11.7,observed
2025-01-19T03:00:00Z,12.0,0.0,94.0,16.8,observed
2025-01-19T04:00:00Z,13.0,0.0,88.0,12.3,observed
2025-01-19T05:00:00Z,14.4,0.0,84.0,11.1,observed
2025-01-19T06:00:00Z,15.9,0.0,78.0,12.0,observed
2025-01-19T07:00:00Z,18.4,0.0,61.0,7.9,observed
19/01/2025 08:00,20.4,0.0,69.0,10.0,observed
2025-01-19T09:00:00Z,21.4,0.0,66.0,14.9,observed
2025-01-19T10:00:00Z,22.2,0.0,50.0,17.8,observed
2025-01-19T11:00:00Z,22.5,0.0,59.0,5.2,observed
2025-01-19T12:00:00Z,23.7,0.0,56.0,14.0,observed
2025-01-19T13:00:00Z,22.9,0.0,64.0,7.6,observed
2025-01-19T14:00:00Z,22.2,0.0,55.0,8.8,observed
2025-01-19T15:00:00Z,21.2,0.0,58.0,8.5,observed
2025-01-19T16:00:00Z,19.9,0.0,63.0,20.7,observed
2025-01-19T17:00:00Z,18.8,0.0,73.0,15.5,observed
2025-01-19T18:00:00Z,16.7,0.0,87.0,15.1,observed
2025-01-19T19:00:00Z,15.3,0.0,78.0,8.2,observed
2025-01-19T20:00:00Z,13.1,0.0,82.0,10.4,observed
2025-01-19T21:00:00Z,13.3,0.0,78.0,9.5,observed
2025-01-19T22:00:00Z,11.1,0.0,92.0,14.1,observed
2025-01-19T23:00:00Z,11.1,0.0,88.0,8.6,observed
2025-01-20T00:00:00Z,11.3,0.0,82.0,8.7,observed
2025-01-20T01:00:00Z,11.3,0.0,82.0,8.5,observed
2025-01-20T02:00:00Z,11.5,0.0,73.0,13.6,observed
2025-01-20T03:00:00Z,12.4,0.0,86.0,11.5,observed
2025-01-20T04:00:00Z,,0.0,88.0,8.5,observed
2025-01-20T05:00:00Z,15.0,0.0,78.0,9.5,observed
20/01/2025 06:00,17.3,0.0,74.0,17.7,observed
2025-01-20T07:00:00Z,20.9,0.0,66.0,11.6,observed
2025-01-20T08:00:00Z,21.4,0.0,66.0,4.5,observed
2025-01-20T09:00:00Z,22.5,0.0,67.0,9.3,observed
2025-01-20T10:00:00Z,23.8,0.0,52.0,6.1,observed
2025-01-20T11:00:00Z,24.3,0.0,56.0,17.3,observed
20/01/2025 12:00,24.4,0.0,58.0,8.4,observed
2025-01-20T13:00:00Z,23.1,0.0,52.0,18.8,observed
2025-01-20T14:00:00Z,23.8,0.0,55.0,6.9,observed
2025-01-20T15:00:00Z,22.6,0.0,63.0,15.0,observed
2025-01-20T16:00:00Z,19.3,0.0,65.0,12.2,observed
2025-01-20T17:00:00Z,19.9,0.0,64.0,12.2,observed
2025-01-20T18:00:00Z,17.5,0.0,78.0,15.0,observed
2025-01-20T19:00:00Z,15.8,0.0,72.0,16.1,observed
20/01/2025 20:00,14.2,0.0,75.0,5.6,observed
2025-01-20T21:00:00Z,10.9,0.0,81.0,7.5,observed
2025-01-20T22:00:00Z,10.1,0.0,86.0,11.0,observed
2025-01-20T23:00:00Z,9.1,0.0,96.0,11.6,observed
2025-01-21T00:00:00Z,8.2,0.0,93.0,13.1,observed
2025-01-21T01:00:00Z,10.1,0.0,84.0,7.1,observed
2025-01-21T02:00:00Z,10.7,0.0,89.0,6.7,observed
21/01/2025 03:00,10.7,0.0,84.0,11.3,observed
2025-01-21T04:00:00Z,12.1,0.0,86.0,13.6,observed
2025-01-21T05:00:00Z,13.9,0.0,75.0,13.6,observed
2025-01-21T06:00:00Z,16.0,0.0,70.0,16.4,observed
2025-01-21T07:00:00Z,17.7,0.0,72.0,5.9,observed
2025-01-21T08:00:00Z,19.6,0.0,64.0,15.2,observed
2025-01-21T09:00:00Z,19.2,0.0,57.0,13.6,observed
2025-01-21T10:00:00Z,21.1,0.0,54.0,7.9,observed
2025-01-21T11:00:00Z,22.4,0.0,,7.0,observed
2025-01-21T12:00:00Z,21.8,0.0,61.0,18.4,observed
2025-01-21T13:00:00Z,21.0,0.0,66.0,7.9,observed
2025-01-21T14:00:00Z,21.2,0.0,55.0,11.1,observed
2025-01-21T15:00:00Z,20.8,0.0,61.0,15.4,observed
21/01/2025 16:00,19.8,0.0,66.0,12.1,observed
2025-01-21T17:00:00Z,17.9,0.0,67.0,10.4,observed
21/01/2025 18:00,15.3,0.0,79.0,11.1,observed
2025-01-21T19:00:00Z,13.4,0.0,85.0,6.0,observed
2025-01-21T20:00:00Z,12.5,0.0,87.0,12.4,observed
2025-01-21T21:00:00Z,10.3,0.0,83.0,15.7,observed
2025-01-21T22:00:00Z,9.3,0.0,91.0,9.9,observed
2025-01-21T23:00:00Z,9.1,-9999.0,97.0,7.3,observed
2025-01-22T00:00:00Z,9.0,0.0,95.0,4.5,observed
2025-01-22T01:00:00Z,8.6,0.0,93.0,10.6,observed
2025-01-22T02:00:00Z,9.4,0.0,88.0,7.7,observed
2025-01-22T03:00:00Z,10.8,0.0,94.0,6.2,observed
2025-01-22T04:00:00Z,12.3,0.0,81.0,14.9,observed
2025-01-22T05:00:00Z,13.2,0.0,80.0,14.2,observed
2025-01-22T06:00:00Z,15.1,0.0,84.0,11.6,observed
22/01/2025 07:00,16.6,0.0,73.0,9.0,observed
2025-01-22T08:00:00Z,18.1,0.0,,5.3,observed
2025-01-22T09:00:00Z,20.5,0.0,65.0,9.1,observed
2025-01-22T10:00:00Z,21.6,0.0,58.0,6.7,observed
2025-01-22T11:00:00Z,21.7,0.0,59.0,13.5,observed
2025-01-22T12:00:00Z,22.2,0.0,,7.1,observed
2025-01-22T13:00:00Z,22.4,0.0,63.0,7.2,observed
2025-01-22T14:00:00Z,22.1,0.0,59.0,15.1,observed
2025-01-22T15:00:00Z,20.4,0.0,66.0,10.1,observed
2025-01-22T16:00:00Z,19.6,0.0,61.0,5.8,observed
2025-01-22T17:00:00Z,16.2,0.0,74.0,6.1,observed
2025-01-22T18:00:00Z,15.5,0.0,73.0,18.3,observed
2025-01-22T19:00:00Z,14.2,0.0,83.0,12.8,observed
2025-01-22T20:00:00Z,12.3,0.0,86.0,12.7,observed
2025-01-22T21:00:00Z,10.0,0.0,95.0,7.3,observed
2025-01-22T22:00:00Z,8.6,0.0,91.0,15.2,observed
2025-01-22T23:00:00Z,7.2,0.0,98.0,9.2,observed
2025-01-23T00:00:00Z,7.5,0.0,90.0,16.1,observed
2025-01-23T01:00:00Z,8.1,0.0,98.0,13.8,observed
2025-01-23T02:00:00Z,8.6,0.0,88.0,11.0,observed
2025-01-23T03:00:00Z,9.4,0.0,86.0,3.2,observed
2025-01-23T04:00:00Z,11.3,0.0,86.0,6.3,observed
2025-01-23T05:00:00Z,12.5,0.0,82.0,7.1,observed
2025-01-23T06:00:00Z,14.7,0.0,79.0,15.0,observed
2025-01-23T07:00:00Z,16.3,0.0,80.0,9.1,observed
2025-01-23T08:00:00Z,18.2,0.0,67.0,5.9,observed
2025-01-23T09:00:00Z,20.0,0.0,62.0,6.5,observed
23/01/2025 10:00,20.3,0.0,63.0,21.7,observed
2025-01-23T11:00:00Z,21.3,0.0,60.0,10.5,observed
2025-01-23T12:00:00Z,20.6,0.0,67.0,7.2,observed
2025-01-23T13:00:00Z,20.6,0.0,60.0,9.1,observed
2025-01-23T14:00:00Z,19.6,0.0,62.0,11.9,observed
2025-01-23T15:00:00Z,19.7,0.0,63.0,12.7,observed
2025-01-23T16:00:00Z,17.3,0.0,71.0,20.0,observed
2025-01-23T17:00:00Z,16.9,0.0,80.0,6.5,observed
2025-01-23T18:00:00Z,15.0,0.0,74.0,11.9,observed
2025-01-23T19:00:00Z,11.4,0.0,80.0,9.6,observed
23/01/2025 20:00,10.3,0.0,91.0,5.7,observed
2025-01-23T21:00:00Z,10.5,0.0,94.0,8.2,observed
2025-01-23T22:00:00Z,8.3,0.0,93.0,8.9,observed
2025-01-23T23:00:00Z,8.1,0.0,95.0,4.5,observed
2025-01-24T00:00:00Z,8.7,0.0,85.0,10.7,observed
2025-01-24T01:00:00Z,9.2,0.0,88.0,9.9,observed
2025-01-24T02:00:00Z,8.7,0.0,,14.6,observed
2025-01-24T03:00:00Z,10.2,0.0,88.0,13.9,observed
2025-01-24T04:00:00Z,11.4,0.0,90.0,12.2,observed
2025-01-24T05:00:00Z,13.1,0.0,77.0,8.8,observed
2025-01-24T06:00:00Z,15.2,0.0,80.0,17.5,observed
2025-01-24T07:00:00Z,,0.0,81.0,7.2,observed
24/01/2025 08:00,17.5,0.0,68.0,9.2,observed
2025-01-24T09:00:00Z,19.1,0.0,66.0,13.3,observed
2025-01-24T10:00:00Z,20.9,0.0,61.0,9.6,observed
2025-01-24T11:00:00Z,21.5,0.0,64.0,5.2,observed
2025-01-24T12:00:00Z,21.5,0.0,62.0,8.5,observed
2025-01-24T13:00:00Z,21.7,0.0,54.0,14.3,observed
24/01/2025 14:00,20.9,0.0,57.0,4.1,observed
2025-01-24T15:00:00Z,20.3,0.0,56.0,8.8,observed
2025-01-24T16:00:00Z,18.3,0.0,68.0,5.3,observed
2025-01-24T17:00:00Z,16.7,0.0,73.0,9.2,observed
2025-01-24T18:00:00Z,15.0,0.0,78.0,9.3,observed
2025-01-24T19:00:00Z,13.6,0.0,78.0,10.8,observed
2025-01-24T20:00:00Z,11.8,0.0,78.0,11.4,observed
2025-01-24T21:00:00Z,12.2,0.0,87.0,9.0,observed
2025-01-24T22:00:00Z,11.9,0.0,82.0,10.5,observed
2025-01-24T23:00:00Z,10.7,0.0,86.0,14.2,observed
2025-01-25T00:00:00Z,9.9,0.0,96.0,8.9,observed
2025-01-25T01:00:00Z,9.5,0.0,93.0,12.3,observed
2025-01-25T02:00:00Z,11.2,0.0,91.0,13.2,observed
2025-01-25T03:00:00Z,12.1,0.0,94.0,8.4,observed
2025-01-25T04:00:00Z,14.4,0.0,75.0,12.4,observed
25/01/2025 05:00,14.5,0.0,77.0,4.1,observed
2025-01-25T06:00:00Z,17.3,0.0,67.0,7.8,observed
2025-01-25T07:00:00Z,18.3,0.0,70.0,9.7,observed
2025-01-25T08:00:00Z,20.5,0.0,66.0,5.9,observed
2025-01-25T09:00:00Z,21.7,0.0,66.0,9.4,observed
2025-01-25T10:00:00Z,23.3,0.0,47.0,15.9,observed
2025-01-25T11:00:00Z,24.3,0.0,56.0,9.0,observed
2025-01-25T12:00:00Z,24.1,0.0,58.0,7.5,observed
2025-01-25T13:00:00Z,23.1,0.0,59.0,15.2,observed
2025-01-25T14:00:00Z,22.4,0.0,56.0,11.4,observed
25/01/2025 15:00,21.8,0.0,56.0,14.8,observed
2025-01-25T16:00:00Z,19.9,0.0,67.0,8.4,observed
2025-01-25T17:00:00Z,19.0,0.0,68.0,9.0,observed
2025-01-25T18:00:00Z,17.2,0.0,75.0,11.3,observed
25/01/2025 19:00,15.9,0.0,68.0,7.8,observed
2025-01-25T20:00:00Z,14.0,0.0,,12.3,observed
25/01/2025 21:00,11.6,0.0,83.0,6.3,observed
2025-01-25T22:00:00Z,10.1,0.0,80.0,10.7,observed
2025-01-25T23:00:00Z,8.7,0.0,93.0,6.4,observed
2025-01-26T00:00:00Z,9.0,0.0,88.0,11.3,observed
2025-01-26T01:00:00Z,9.6,0.0,92.0,18.9,observed
26/01/2025 02:00,9.8,0.0,89.0,8.2,observed
2025-01-26T03:00:00Z,11.2,0.0,95.0,10.2,observed
2025-01-26T04:00:00Z,13.1,0.0,79.0,9.8,observed
2025-01-26T05:00:00Z,14.6,0.0,71.0,9.2,observed
2025-01-26T06:00:00Z,16.3,0.0,76.0,6.1,observed
2025-01-26T07:00:00Z,17.4,0.0,59.0,13.6,observed
26/01/2025 08:00,18.5,0.0,74.0,8.4,observed
26/01/2025 09:00,20.8,0.0,73.0,12.4,observed
2025-01-26T10:00:00Z,22.6,0.0,63.0,10.9,observed
2025-01-26T11:00:00Z,22.0,0.0,62.0,14.3,observed
26/01/2025 12:00,22.2,0.0,67.0,6.3,observed
2025-01-26T13:00:00Z,22.2,0.0,64.0,10.6,observed
2025-01-26T14:00:00Z,21.3,0.0,69.0,7.2,observed
2025-01-26T15:00:00Z,20.1,0.0,56.0,8.0,observed
26/01/2025 16:00,18.2,0.0,63.0,12.7,observed
2025-01-26T17:00:00Z,17.6,0.0,65.0,9.8,observed
2025-01-26T18:00:00Z,16.6,0.0,68.0,10.4,observed
2025-01-26T19:00:00Z,14.3,0.0,77.0,15.1,observed
2025-01-26T20:00:00Z,12.1,0.0,81.0,14.9,observed
26/01/2025 21:00,11.5,0.0,88.0,8.9,observed
2025-01-26T22:00:00Z,10.7,0.0,88.0,8.4,observed
2025-01-26T23:00:00Z,9.6,0.0,97.0,18.4,observed
2025-01-27T00:00:00Z,9.5,0.0,95.0,10.1,observed
2025-01-27T01:00:00Z,9.5,0.0,91.0,12.2,observed
2025-01-27T02:00:00Z,10.7,0.0,85.0,10.7,observed
2025-01-27T03:00:00Z,11.9,0.0,,10.2,observed
2025-01-27T04:00:00Z,14.3,0.0,84.0,12.7,observed
2025-01-27T05:00:00Z,14.4,0.0,79.0,13.9,observed
2025-01-27T06:00:00Z,16.3,0.0,81.0,6.8,observed
2025-01-27T07:00:00Z,18.0,0.0,71.0,6.4,observed
2025-01-27T08:00:00Z,20.1,0.0,65.0,10.5,observed
2025-01-27T09:00:00Z,20.9,0.0,73.0,5.4,observed
27/01/2025 10:00,21.8,0.0,60.0,17.6,observed
27/01/2025 11:00,23.2,0.0,65.0,22.0,observed
2025-01-27T12:00:00Z,23.6,-9999.0,63.0,14.2,observed
2025-01-27T13:00:00Z,23.6,0.0,47.0,7.0,observed
2025-01-27T14:00:00Z,22.3,0.0,53.0,7.7,observed
2025-01-27T15:00:00Z,21.6,0.0,57.0,6.9,observed
27/01/2025 16:00,19.5,0.0,72.0,19.0,observed
2025-01-27T17:00:00Z,17.7,0.0,68.0,11.2,observed
2025-01-27T18:00:00Z,16.8,0.0,71.0,7.6,observed
2025-01-27T19:00:00Z,15.2,0.0,73.0,6.3,observed
2025-01-27T20:00:00Z,13.1,0.0,76.0,12.7,observed
2025-01-27T21:00:00Z,12.6,0.0,84.0,7.8,observed
27/01/2025 22:00,12.0,0.0,88.0,12.1,observed
2025-01-27T23:00:00Z,10.5,0.0,87.0,7.9,observed
2025-01-28T00:00:00Z,10.4,0.0,87.0,10.4,observed
2025-01-28T01:00:00Z,10.1,0.0,86.0,4.5,observed
2025-01-28T02:00:00Z,10.8,0.0,96.0,10.4,observed
2025-01-28T03:00:00Z,12.2,0.0,83.0,10.4,observed
28/01/2025 04:00,13.2,0.0,75.0,15.4,observed
2025-01-28T05:00:00Z,15.5,0.0,78.0,22.7,observed
2025-01-28T06:00:00Z,17.2,0.0,74.0,16.9,observed
2025-01-28T07:00:00Z,19.0,0.0,70.0,12.7,observed
2025-01-28T08:00:00Z,20.9,0.0,70.0,16.7,observed
2025-01-28T09:00:00Z,21.7,0.0,60.0,8.6,observed
2025-01-28T10:00:00Z,23.0,0.0,50.0,5.7,observed
2025-01-28T11:00:00Z,23.1,0.0,60.0,11.8,observed
28/01/2025 12:00,24.5,0.0,52.0,4.8,observed
2025-01-28T13:00:00Z,23.9,0.0,58.0,3.9,observed
2025-01-28T14:00:00Z,23.0,0.0,56.0,10.0,observed
2025-01-28T15:00:00Z,21.8,0.0,61.0,14.2,observed
2025-01-28T16:00:00Z,20.0,0.0,64.0,22.8,observed
2025-01-28T17:00:00Z,19.1,0.0,62.0,16.7,observed
28/01/2025 18:00,17.4,0.0,71.0,8.6,observed
2025-01-28T19:00:00Z,15.2,0.0,64.0,14.0,observed
2025-01-28T20:00:00Z,13.7,0.0,77.0,12.6,observed
28/01/2025 21:00,12.4,0.0,85.0,8.1,observed
28/01/2025 22:00,11.6,0.0,76.0,7.6,observed
2025-01-28T23:00:00Z,10.9,0.0,89.0,7.8,observed
2025-01-29T00:00:00Z,10.2,0.0,83.0,14.8,observed
2025-01-29T01:00:00Z,10.5,0.0,88.0,13.1,observed
2025-01-29T02:00:00Z,11.8,-9999.0,86.0,9.8,observed
2025-01-29T03:00:00Z,13.0,0.0,78.0,17.4,observed
2025-01-29T04:00:00Z,14.7,0.0,81.0,11.7,observed
29/01/2025 05:00,15.5,0.0,,4.5,observed
2025-01-29T06:00:00Z,17.2,0.0,67.0,9.9,observed
2025-01-29T07:00:00Z,19.1,0.0,76.0,8.3,observed
2025-01-29T08:00:00Z,20.7,0.0,54.0,6.0,observed
2025-01-29T09:00:00Z,22.6,0.0,54.0,7.1,observed
2025-01-29T10:00:00Z,23.7,0.0,52.0,12.7,observed
29/01/2025 11:00,24.0,0.0,52.0,5.0,observed
2025-01-29T12:00:00Z,25.1,0.0,56.0,6.1,observed
2025-01-29T13:00:00Z,23.7,0.0,59.0,10.0,observed
2025-01-29T14:00:00Z,23.1,0.0,54.0,16.2,observed
2025-01-29T15:00:00Z,21.1,0.0,66.0,13.2,observed
2025-01-29T16:00:00Z,20.1,0.0,67.0,5.4,observed
2025-01-29T17:00:00Z,18.9,0.0,69.0,18.2,observed
2025-01-29T18:00:00Z,16.7,0.0,70.0,11.2,observed
29/01/2025 19:00,15.6,0.0,73.0,10.1,observed
2025-01-29T20:00:00Z,14.5,0.0,72.0,12.8,observed
2025-01-29T21:00:00Z,11.7,0.0,89.0,16.6,observed
2025-01-29T22:00:00Z,11.6,0.0,88.0,6.7,observed
2025-01-29T23:00:00Z,9.8,0.0,91.0,9.0,observed
2025-01-30T00:00:00Z,10.0,0.0,81.0,12.3,observed
2025-01-30T01:00:00Z,9.9,0.0,83.0,22.3,observed
2025-01-30T02:00:00Z,10.8,0.0,85.0,4.0,observed
2025-01-30T03:00:00Z,11.7,0.0,93.0,9.8,observed
2025-01-30T04:00:00Z,13.5,0.0,71.0,15.6,observed
2025-01-30T05:00:00Z,15.4,0.0,83.0,21.9,observed
2025-01-30T06:00:00Z,17.3,0.0,81.0,10.4,observed
2025-01-30T07:00:00Z,18.8,0.0,73.0,5.8,observed
2025-01-30T09:00:00Z,21.7,0.0,58.0,11.3,observed
30/01/2025 10:00,22.7,0.0,62.0,6.9,observed
2025-01-30T11:00:00Z,22.8,0.0,60.0,21.8,observed
2025-01-30T12:00:00Z,23.8,0.0,51.0,13.9,observed
2025-01-30T13:00:00Z,23.5,0.0,58.0,11.5,observed
2025-01-30T14:00:00Z,23.2,-9999.0,62.0,11.2,observed
2025-01-30T15:00:00Z,20.8,0.0,58.0,21.2,observed
2025-01-30T16:00:00Z,20.1,0.0,72.0,4.6,observed
2025-01-30T17:00:00Z,18.8,0.0,,7.6,observed
2025-01-30T18:00:00Z,16.8,0.0,80.0,13.8,observed
2025-01-30T19:00:00Z,14.7,0.0,75.0,6.9,observed
2025-01-30T20:00:00Z,13.8,0.0,83.0,10.5,observed
2025-01-30T21:00:00Z,11.2,0.0,83.0,7.8,observed
2025-01-30T22:00:00Z,10.2,0.0,96.0,5.7,observed
2025-01-30T23:00:00Z,9.6,0.0,84.0,4.6,observed
2025-01-31T00:00:00Z,10.4,0.0,92.0,5.7,observed
2025-01-31T01:00:00Z,9.5,-9999.0,83.0,14.5,observed
2025-01-31T02:00:00Z,10.1,0.0,94.0,11.6,observed
2025-01-31T03:00:00Z,10.2,0.0,89.0,20.3,observed
2025-01-31T04:00:00Z,13.1,0.0,90.0,7.3,observed
2025-01-31T05:00:00Z,14.2,0.0,78.0,17.2,observed
2025-01-31T06:00:00Z,16.1,0.0,75.0,7.6,observed
2025-01-31T07:00:00Z,18.6,0.0,78.0,12.2,observed
2025-01-31T08:00:00Z,19.2,0.0,60.0,18.4,observed
2025-01-31T09:00:00Z,21.6,0.0,58.0,12.3,observed
2025-01-31T10:00:00Z,22.2,0.0,66.0,8.6,observed
2025-01-31T11:00:00Z,23.1,0.0,60.0,11.8,observed
2025-01-31T12:00:00Z,23.1,0.0,57.0,14.3,observed
2025-01-31T13:00:00Z,22.4,0.0,59.0,9.7,observed
2025-01-31T14:00:00Z,22.0,0.0,55.0,4.0,observed
2025-01-31T15:00:00Z,20.9,0.0,74.0,16.9,observed
2025-01-31T16:00:00Z,19.8,0.0,63.0,11.3,observed
2025-01-31T17:00:00Z,18.1,0.0,77.0,21.4,observed
31/01/2025 18:00,16.5,0.0,71.0,13.1,observed
31/01/2025 19:00,15.3,0.0,92.0,9.5,observed
2025-01-31T20:00:00Z,12.5,0.0,79.0,6.7,observed
2025-01-31T21:00:00Z,13.3,0.0,78.0,5.8,observed
2025-01-31T22:00:00Z,12.2,0.0,85.0,19.9,observed
2025-01-31T23:00:00Z,11.5,0.0,91.0,5.8,observed
2025-02-01T00:00:00Z,11.5,0.0,84.0,3.2,observed
2025-02-01T01:00:00Z,11.8,0.0,80.0,5.1,observed
2025-02-01T02:00:00Z,11.4,0.0,89.0,9.1,observed
2025-02-01T03:00:00Z,13.4,0.0,84.0,6.4,observed
2025-02-01T05:00:00Z,16.3,0.0,72.0,12.5,observed
01/02/2025 06:00,18.5,0.0,75.0,13.6,observed
2025-02-01T07:00:00Z,19.3,0.0,57.0,7.1,observed
2025-02-01T08:00:00Z,21.3,0.0,65.0,12.1,observed
2025-02-01T09:00:00Z,22.9,0.0,60.0,8.7,observed
2025-02-01T10:00:00Z,24.2,0.0,59.0,12.9,observed
2025-02-01T11:00:00Z,25.8,0.0,50.0,6.4,observed
2025-02-01T12:00:00Z,24.6,0.0,53.0,14.1,observed
2025-02-01T13:00:00Z,24.8,0.0,54.0,11.5,observed
2025-02-01T14:00:00Z,24.1,0.0,55.0,4.5,observed
2025-02-01T15:00:00Z,23.1,0.0,63.0,20.8,observed
2025-02-01T16:00:00Z,21.4,0.0,66.0,18.2,observed
2025-02-01T17:00:00Z,19.6,0.0,64.0,9.8,observed
2025-02-01T18:00:00Z,18.0,0.0,65.0,5.3,observed
2025-02-01T19:00:00Z,16.1,0.0,75.0,23.0,observed
2025-02-01T20:00:00Z,14.4,0.0,74.0,18.0,observed
2025-02-01T21:00:00Z,13.4,0.0,75.0,9.5,observed
2025-02-01T22:00:00Z,12.3,0.0,81.0,12.6,observed
2025-02-01T23:00:00Z,11.6,0.0,83.0,9.7,observed
2025-02-02T00:00:00Z,11.9,0.0,78.0,11.4,observed
2025-02-02T01:00:00Z,10.0,0.0,94.0,8.3,observed
2025-02-02T02:00:00Z,11.5,0.0,85.0,7.8,observed
2025-02-02T03:00:00Z,13.1,0.0,88.0,10.7,observed
2025-02-02T04:00:00Z,14.2,0.0,80.0,15.1,observed
02/02/2025 05:00,16.2,0.0,70.0,11.7,observed
2025-02-02T06:00:00Z,18.0,0.0,72.0,7.3,observed
2025-02-02T07:00:00Z,20.6,0.0,62.0,5.2,observed
2025-02-02T08:00:00Z,20.6,0.0,62.0,7.4,observed
2025-02-02T09:00:00Z,22.5,0.0,58.0,4.7,observed
2025-02-02T10:00:00Z,23.7,0.0,57.0,3.3,observed
02/02/2025 11:00,24.2,0.0,59.0,8.3,observed
2025-02-02T12:00:00Z,25.0,0.0,53.0,11.5,observed
02/02/2025 13:00,24.9,0.0,46.0,10.5,observed
02/02/2025 14:00,24.4,0.0,52.0,5.7,observed
2025-02-02T15:00:00Z,22.7,0.0,61.0,10.8,observed
2025-02-02T16:00:00Z,21.3,0.0,59.0,10.3,observed
2025-02-02T17:00:00Z,19.9,0.0,69.0,8.2,observed
2025-02-02T18:00:00Z,18.0,0.0,69.0,5.4,observed
2025-02-02T19:00:00Z,16.1,0.0,76.0,10.7,observed
2025-02-02T20:00:00Z,14.8,0.0,82.0,17.8,observed
2025-02-02T21:00:00Z,13.0,0.0,85.0,11.2,observed
2025-02-02T22:00:00Z,11.5,0.0,86.0,13.9,observed
2025-02-02T23:00:00Z,11.0,0.0,85.0,7.6,observed
2025-02-03T00:00:00Z,9.5,0.0,96.0,16.5,observed
2025-02-03T01:00:00Z,10.9,0.0,85.0,8.7,observed
2025-02-03T02:00:00Z,12.2,0.0,87.0,6.3,observed
2025-02-03T03:00:00Z,13.7,0.0,84.0,10.2,observed
2025-02-03T04:00:00Z,14.5,0.0,,11.7,observed
03/02/2025 05:00,15.7,0.0,76.0,11.8,observed
03/02/2025 06:00,18.1,0.0,69.0,10.1,observed
03/02/2025 07:00,19.2,0.0,61.0,18.1,observed
2025-02-03T08:00:00Z,20.9,0.0,54.0,19.2,observed
2025-02-03T10:00:00Z,24.2,0.0,56.0,9.6,observed
2025-02-03T11:00:00Z,25.1,0.0,52.0,7.3,observed
03/02/2025 12:00,25.7,0.0,60.0,9.5,observed
03/02/2025 13:00,24.9,0.0,66.0,8.9,observed
2025-02-03T14:00:00Z,,0.0,50.0,9.8,observed
2025-02-03T15:00:00Z,22.3,0.0,54.0,10.2,observed
2025-02-03T16:00:00Z,21.7,0.0,68.0,11.9,observed
2025-02-03T17:00:00Z,19.5,0.0,64.0,12.0,observed
2025-02-03T18:00:00Z,17.4,0.0,63.0,10.2,observed
2025-02-03T19:00:00Z,15.7,0.0,79.0,9.9,observed
2025-02-03T20:00:00Z,15.0,0.0,79.0,8.9,observed
2025-02-03T21:00:00Z,15.1,0.0,75.0,10.0,observed
2025-02-03T22:00:00Z,12.7,0.0,82.0,7.4,observed
2025-02-03T23:00:00Z,12.0,0.0,82.0,18.7,observed
2025-02-04T00:00:00Z,11.5,0.0,81.0,14.2,observed
04/02/2025 01:00,11.0,0.0,88.0,18.9,observed
04/02/2025 02:00,13.3,0.0,81.0,13.4,observed
2025-02-04T03:00:00Z,12.8,0.0,74.0,11.8,observed
2025-02-04T04:00:00Z,15.1,0.0,81.0,11.9,observed
2025-02-04T05:00:00Z,17.3,0.0,68.0,15.1,observed
2025-02-04T06:00:00Z,18.8,0.0,74.0,5.6,observed
2025-02-04T07:00:00Z,21.0,0.0,59.0,11.3,observed
2025-02-04T08:00:00Z,21.8,0.0,60.0,20.5,observed
2025-02-04T09:00:00Z,23.6,0.0,51.0,7.9,observed
2025-02-04T10:00:00Z,23.8,0.0,56.0,12.7,observed
2025-02-04T11:00:00Z,25.2,0.0,52.0,12.8,observed
2025-02-04T12:00:00Z,24.6,0.0,52.0,16.3,observed
2025-02-04T13:00:00Z,24.7,0.0,52.0,6.2,observed
04/02/2025 14:00,25.1,0.0,51.0,7.2,observed
2025-02-04T15:00:00Z,22.7,0.0,64.0,14.6,observed
2025-02-04T16:00:00Z,22.4,0.0,58.0,13.8,observed
2025-02-04T17:00:00Z,20.2,0.0,67.0,10.2,observed
2025-02-04T18:00:00Z,18.4,0.0,74.0,8.1,observed
2025-02-04T19:00:00Z,16.3,0.0,78.0,13.1,observed
2025-02-04T20:00:00Z,14.8,0.0,83.0,8.5,observed
2025-02-04T21:00:00Z,13.0,0.0,74.0,10.2,observed
2025-02-04T22:00:00Z,12.4,0.0,77.0,7.5,observed
2025-02-04T23:00:00Z,11.0,0.0,78.0,13.8,observed
2025-02-05T00:00:00Z,10.5,0.0,94.0,5.5,observed
2025-02-05T01:00:00Z,11.0,0.0,83.0,12.2,observed
2025-02-05T02:00:00Z,11.5,0.0,92.0,6.8,observed
2025-02-05T03:00:00Z,12.5,0.0,90.0,19.0,observed
2025-02-05T04:00:00Z,15.5,0.0,81.0,7.0,observed
2025-02-05T05:00:00Z,16.4,0.0,74.0,13.4,observed
2025-02-05T06:00:00Z,18.2,0.0,65.0,11.9,observed
2025-02-05T07:00:00Z,19.9,0.0,73.0,12.6,observed
2025-02-05T08:00:00Z,20.9,0.0,63.0,8.4,observed
2025-02-05T09:00:00Z,22.7,0.0,63.0,14.4,observed
2025-02-05T10:00:00Z,24.6,0.0,47.0,11.4,observed
05/02/2025 11:00,24.5,0.0,62.0,14.4,observed
2025-02-05T12:00:00Z,24.3,0.0,51.0,6.3,observed
2025-02-05T13:00:00Z,24.4,0.0,59.0,8.4,observed
2025-02-05T14:00:00Z,24.5,0.0,56.0,14.1,observed
2025-02-05T15:00:00Z,23.4,0.0,61.0,11.6,observed
2025-02-05T16:00:00Z,21.9,0.0,51.0,13.6,observed
2025-02-05T18:00:00Z,17.9,0.0,79.0,18.5,observed
05/02/2025 19:00,16.4,0.0,74.0,12.6,observed
2025-02-05T20:00:00Z,14.8,0.0,75.0,8.3,observed
2025-02-05T21:00:00Z,13.4,0.0,79.0,12.6,observed
2025-02-05T22:00:00Z,12.9,0.0,72.0,11.3,observed
2025-02-05T23:00:00Z,12.1,0.0,79.0,18.9,observed
2025-02-06T00:00:00Z,11.8,0.0,84.0,17.8,observed
2025-02-06T01:00:00Z,11.6,0.0,87.0,10.1,observed
2025-02-06T02:00:00Z,12.6,0.0,79.0,12.0,observed
2025-02-06T03:00:00Z,12.6,0.0,79.0,8.8,observed
2025-02-06T04:00:00Z,14.7,0.0,73.0,12.8,observed
2025-02-06T04:00:00Z,18.3,0.0,73.0,12.8,observed
2025-02-06T05:00:00Z,16.8,0.0,74.0,10.4,observed
2025-02-06T06:00:00Z,17.5,0.0,58.0,23.1,observed
06/02/2025 07:00,19.6,0.0,71.0,9.4,observed
2025-02-06T08:00:00Z,21.1,0.0,58.0,9.3,observed
2025-02-06T09:00:00Z,23.0,0.0,59.0,11.9,observed
2025-02-06T10:00:00Z,23.9,0.0,48.0,4.9,observed
06/02/2025 11:00,25.5,0.0,49.0,5.2,observed
2025-02-06T12:00:00Z,25.4,0.0,59.0,9.7,observed
2025-02-06T13:00:00Z,25.0,0.0,60.0,13.3,observed
2025-02-06T14:00:00Z,25.0,0.0,60.0,12.5,observed
2025-02-06T15:00:00Z,23.8,0.0,64.0,11.0,observed
2025-02-06T16:00:00Z,22.1,0.0,57.0,6.3,observed
2025-02-06T17:00:00Z,20.5,0.0,69.0,9.7,observed
06/02/2025 17:00,18.4,0.0,69.0,9.7,observed
2025-02-06T18:00:00Z,17.9,0.0,69.0,5.7,observed
2025-02-06T19:00:00Z,,0.0,75.0,5.6,observed
2025-02-06T20:00:00Z,14.6,0.0,72.0,7.7,observed
2025-02-06T21:00:00Z,13.3,0.0,76.0,12.4,observed
2025-02-06T22:00:00Z,11.1,0.0,81.0,10.7,observed
2025-02-06T23:00:00Z,12.3,0.0,84.0,11.6,observed
2025-02-07T00:00:00Z,11.4,0.0,93.0,11.3,observed
2025-02-07T01:00:00Z,12.0,0.0,88.0,12.4,observed
2025-02-07T02:00:00Z,12.5,0.0,83.0,10.6,observed
2025-02-07T03:00:00Z,13.0,0.0,86.0,4.7,observed
2025-02-07T04:00:00Z,15.4,0.0,77.0,8.5,observed
2025-02-07T06:00:00Z,19.2,0.0,62.0,10.8,observed
2025-02-07T07:00:00Z,19.7,0.0,59.0,14.0,observed
2025-02-07T08:00:00Z,21.3,0.0,64.0,13.6,observed
2025-02-07T09:00:00Z,23.3,0.0,47.0,15.2,observed
2025-02-07T10:00:00Z,24.2,0.0,54.0,20.6,observed
2025-02-07T11:00:00Z,25.7,0.0,56.0,9.6,observed
2025-02-07T12:00:00Z,25.3,0.0,57.0,19.8,observed
2025-02-07T13:00:00Z,25.4,0.0,55.0,12.2,observed
2025-02-07T14:00:00Z,24.2,0.0,57.0,16.3,observed
2025-02-07T16:00:00Z,22.1,0.0,66.0,12.6,observed
07/02/2025 17:00,20.5,0.0,70.0,8.1,observed
2025-02-07T18:00:00Z,19.0,0.0,70.0,7.1,observed
2025-02-07T19:00:00Z,17.1,0.0,64.0,15.9,observed
2025-02-07T20:00:00Z,14.5,0.0,77.0,15.3,observed
2025-02-07T21:00:00Z,12.7,0.0,85.0,13.8,observed
2025-02-07T22:00:00Z,11.5,0.0,90.0,16.2,observed
2025-02-07T23:00:00Z,10.3,0.0,90.0,5.8,observed
2025-02-08T00:00:00Z,10.6,0.0,85.0,6.4,observed
2025-02-08T01:00:00Z,10.7,0.0,84.0,5.4,observed
2025-02-08T02:00:00Z,11.8,0.0,84.0,12.6,observed
2025-02-08T03:00:00Z,12.4,0.0,82.0,8.8,observed
08/02/2025 04:00,12.9,0.0,89.0,14.1,observed
2025-02-08T05:00:00Z,14.5,0.0,76.0,22.6,observed
2025-02-08T06:00:00Z,16.8,0.0,74.0,16.0,observed
2025-02-08T07:00:00Z,18.4,0.0,75.0,11.5,observed
2025-02-08T08:00:00Z,20.5,0.0,52.0,15.5,observed
2025-02-08T09:00:00Z,21.8,0.0,58.0,12.4,observed
2025-02-08T10:00:00Z,22.9,0.0,,12.8,observed
2025-02-08T11:00:00Z,24.2,0.0,49.0,7.0,observed
2025-02-08T12:00:00Z,24.2,0.0,60.0,13.7,observed
2025-02-08T13:00:00Z,23.0,0.0,61.0,23.9,observed
2025-02-08T14:00:00Z,23.8,0.0,49.0,10.9,observed
2025-02-08T15:00:00Z,22.8,0.0,53.0,9.1,observed
2025-02-08T16:00:00Z,19.8,0.0,60.0,8.4,observed
2025-02-08T17:00:00Z,19.2,0.0,65.0,13.3,observed
2025-02-08T18:00:00Z,17.6,0.0,65.0,13.4,observed
2025-02-08T19:00:00Z,16.0,0.0,67.0,9.3,observed
08/02/2025 20:00,12.9,0.0,80.0,9.6,observed
2025-02-08T21:00:00Z,11.6,0.0,77.0,17.9,observed
2025-02-08T22:00:00Z,10.4,0.0,84.0,27.4,observed
2025-02-08T23:00:00Z,9.8,0.0,92.0,17.4,observed
2025-02-09T00:00:00Z,9.2,0.0,95.0,7.9,observed
2025-02-09T01:00:00Z,8.8,0.0,98.0,9.3,observed
2025-02-09T02:00:00Z,10.2,0.0,87.0,5.9,observed
2025-02-09T03:00:00Z,10.9,0.0,87.0,24.5,observed
2025-02-09T04:00:00Z,12.9,0.0,85.0,13.9,observed
2025-02-09T05:00:00Z,14.6,0.0,87.0,9.1,observed
2025-02-09T06:00:00Z,16.2,0.0,71.0,6.8,observed
2025-02-09T07:00:00Z,17.8,0.0,70.0,14.9,observed
2025-02-09T08:00:00Z,20.0,-9999.0,70.0,15.5,observed
09/02/2025 09:00,18.9,3.2,97.0,4.3,observed
2025-02-09T10:00:00Z,21.7,0.0,64.0,9.2,observed
2025-02-09T11:00:00Z,23.5,0.0,59.0,10.1,observed
2025-02-09T12:00:00Z,23.2,0.2,54.0,18.4,observed
2025-02-09T13:00:00Z,21.3,1.2,81.0,3.3,observed
2025-02-09T14:00:00Z,22.0,0.0,57.0,13.5,observed
2025-02-09T15:00:00Z,19.9,2.0,81.0,8.9,observed
2025-02-09T16:00:00Z,19.6,0.0,66.0,12.2,observed
2025-02-09T17:00:00Z,17.8,0.0,65.0,7.6,observed
2025-02-09T18:00:00Z,16.7,0.0,70.0,9.5,observed
2025-02-09T19:00:00Z,14.2,0.0,81.0,8.2,observed
2025-02-09T20:00:00Z,13.1,0.0,90.0,7.2,observed
2025-02-09T21:00:00Z,13.0,0.0,84.0,17.1,observed
2025-02-09T22:00:00Z,10.8,0.0,86.0,10.3,observed
2025-02-09T23:00:00Z,12.0,0.0,85.0,8.9,observed
2025-02-10T00:00:00Z,10.9,0.0,83.0,6.8,observed
2025-02-10T01:00:00Z,10.4,0.0,91.0,7.4,observed
2025-02-10T02:00:00Z,10.7,0.0,92.0,7.9,observed
2025-02-10T03:00:00Z,12.4,0.0,72.0,6.9,observed
2025-02-10T04:00:00Z,13.6,0.0,78.0,8.3,observed
2025-02-10T05:00:00Z,15.7,0.0,75.0,13.8,observed
2025-02-10T06:00:00Z,17.3,0.0,75.0,13.9,observed
2025-02-10T07:00:00Z,19.6,0.0,61.0,21.9,observed
2025-02-10T08:00:00Z,21.4,0.0,62.0,11.2,observed
2025-02-10T09:00:00Z,21.7,0.0,66.0,8.0,observed
2025-02-10T10:00:00Z,23.2,0.0,,7.6,observed
2025-02-10T11:00:00Z,23.6,0.0,61.0,8.4,observed
2025-02-10T12:00:00Z,24.5,0.0,63.0,14.3,observed
2025-02-10T13:00:00Z,23.9,0.0,43.0,7.2,observed
2025-02-10T14:00:00Z,23.0,0.0,60.0,10.9,observed
2025-02-10T15:00:00Z,21.8,0.0,51.0,6.1,observed
2025-02-10T16:00:00Z,,0.0,58.0,15.4,observed
2025-02-10T17:00:00Z,18.6,0.0,74.0,13.4,observed
2025-02-10T18:00:00Z,17.5,0.0,67.0,12.5,observed
2025-02-10T19:00:00Z,15.6,0.0,79.0,18.5,observed
2025-02-10T20:00:00Z,13.0,0.0,84.0,7.9,observed
2025-02-10T21:00:00Z,12.8,0.0,83.0,9.3,observed
2025-02-10T22:00:00Z,12.5,0.0,88.0,14.9,observed
2025-02-10T23:00:00Z,10.9,0.0,83.0,15.0,observed
2025-02-11T00:00:00Z,11.5,0.0,89.0,10.8,observed
2025-02-11T01:00:00Z,10.9,0.0,80.0,12.1,observed
2025-02-11T02:00:00Z,12.2,0.0,77.0,7.7,observed
2025-02-11T03:00:00Z,12.8,0.0,80.0,10.4,observed
2025-02-11T04:00:00Z,14.5,0.0,82.0,5.5,observed
2025-02-11T05:00:00Z,16.0,0.0,70.0,11.6,observed
2025-02-11T06:00:00Z,17.5,0.0,69.0,10.9,observed
2025-02-11T07:00:00Z,19.4,0.0,63.0,22.7,observed
2025-02-11T08:00:00Z,21.0,0.0,61.0,7.9,observed
2025-02-11T09:00:00Z,22.8,0.0,56.0,10.3,observed
2025-02-11T10:00:00Z,22.7,0.0,64.0,9.4,observed
2025-02-11T12:00:00Z,24.3,0.0,52.0,8.1,observed
2025-02-11T14:00:00Z,23.9,0.0,56.0,10.4,observed
2025-02-11T15:00:00Z,23.1,0.0,61.0,7.4,observed
2025-02-11T16:00:00Z,20.4,0.0,63.0,5.6,observed
2025-02-11T17:00:00Z,20.3,0.0,64.0,13.4,observed
2025-02-11T18:00:00Z,17.1,0.0,67.0,10.8,observed
2025-02-11T19:00:00Z,15.9,0.0,83.0,5.3,observed
2025-02-11T20:00:00Z,14.7,0.0,73.0,10.2,observed
2025-02-11T21:00:00Z,14.9,0.0,69.0,9.0,observed
2025-02-11T21:00:00Z,14.8,0.0,69.0,9.0,observed
2025-02-11T22:00:00Z,12.6,0.0,,5.8,observed
11/02/2025 23:00,12.0,0.0,81.0,9.4,observed
2025-02-12T00:00:00Z,12.0,0.0,72.0,10.0,observed
2025-02-12T02:00:00Z,12.4,0.0,87.0,13.8,observed
2025-02-12T03:00:00Z,14.4,0.0,83.0,10.6,observed
2025-02-12T04:00:00Z,14.4,0.0,84.0,17.8,observed
12/02/2025 05:00,17.1,0.0,67.0,14.1,observed
12/02/2025 06:00,18.8,0.0,65.0,9.0,observed
2025-02-12T07:00:00Z,20.5,0.0,61.0,8.1,observed
2025-02-12T09:00:00Z,23.6,0.0,60.0,12.0,observed
12/02/2025 10:00,24.5,0.0,49.0,5.7,observed
2025-02-12T11:00:00Z,25.8,-9999.0,54.0,18.3,observed
2025-02-12T12:00:00Z,26.2,0.0,47.0,17.9,observed
2025-02-12T13:00:00Z,25.3,0.0,53.0,10.6,observed
2025-02-12T14:00:00Z,24.6,0.0,59.0,9.3,observed
2025-02-12T15:00:00Z,23.0,0.0,61.0,12.7,observed
2025-02-12T16:00:00Z,22.1,0.0,53.0,11.8,observed
12/02/2025 17:00,20.8,0.0,69.0,9.2,observed
2025-02-12T18:00:00Z,18.7,0.0,70.0,10.0,observed
2025-02-12T19:00:00Z,16.2,0.0,79.0,10.3,observed
2025-02-12T20:00:00Z,14.9,0.0,70.0,12.3,observed
2025-02-12T21:00:00Z,10.9,0.0,82.0,6.7,observed
2025-02-12T22:00:00Z,10.8,0.0,87.0,13.3,observed
2025-02-12T23:00:00Z,9.9,0.0,,10.7,observed
13/02/2025 00:00,8.9,0.0,83.0,9.1,observed
2025-02-13T01:00:00Z,10.4,0.0,87.0,16.1,observed
2025-02-13T02:00:00Z,10.6,0.0,90.0,9.2,observed
2025-02-13T03:00:00Z,11.5,0.0,82.0,8.1,observed
2025-02-13T04:00:00Z,12.2,0.0,83.0,17.0,observed
2025-02-13T05:00:00Z,14.6,0.0,81.0,10.5,observed
2025-02-13T06:00:00Z,16.8,0.0,70.0,16.6,observed
2025-02-13T07:00:00Z,18.4,0.0,76.0,14.7,observed
13/02/2025 08:00,18.5,0.0,74.0,13.3,observed
2025-02-13T09:00:00Z,21.0,0.0,67.0,12.7,observed
2025-02-13T10:00:00Z,22.3,0.0,60.0,15.6,observed
2025-02-13T11:00:00Z,22.4,0.0,55.0,17.7,observed
2025-02-13T12:00:00Z,22.8,0.0,61.0,11.1,observed
2025-02-13T13:00:00Z,23.2,0.0,53.0,3.6,observed
2025-02-13T14:00:00Z,22.9,0.0,58.0,15.6,observed
2025-02-13T15:00:00Z,21.5,0.0,65.0,16.3,observed
2025-02-13T16:00:00Z,20.5,0.0,64.0,12.9,observed
2025-02-13T17:00:00Z,18.0,0.0,74.0,15.7,observed
2025-02-13T18:00:00Z,16.4,0.0,79.0,11.9,observed
2025-02-13T19:00:00Z,13.7,0.0,75.0,7.7,observed
2025-02-13T20:00:00Z,13.1,0.0,80.0,17.3,observed
13/02/2025 21:00,12.6,0.0,81.0,9.2,observed
2025-02-13T22:00:00Z,11.5,0.0,90.0,4.5,observed
2025-02-13T23:00:00Z,10.5,0.0,92.0,7.3,observed
2025-02-14T00:00:00Z,10.1,0.0,98.0,3.6,observed
2025-02-14T01:00:00Z,10.6,0.0,91.0,15.7,observed
2025-02-14T02:00:00Z,11.9,0.0,86.0,11.5,observed
14/02/2025 03:00,11.7,0.0,92.0,10.1,observed
2025-02-14T04:00:00Z,13.8,0.0,87.0,10.2,observed
2025-02-14T05:00:00Z,16.0,0.0,64.0,9.8,observed
2025-02-14T06:00:00Z,16.9,0.0,75.0,4.6,observed
2025-02-14T07:00:00Z,19.1,0.0,67.0,14.4,observed
2025-02-14T08:00:00Z,20.8,0.0,70.0,15.0,observed
2025-02-14T09:00:00Z,21.2,0.0,60.0,9.4,observed
2025-02-14T10:00:00Z,23.7,0.0,64.0,13.9,observed
2025-02-14T11:00:00Z,24.6,0.0,56.0,8.7,observed
2025-02-14T12:00:00Z,25.2,0.0,59.0,11.1,observed
2025-02-14T13:00:00Z,23.2,0.0,67.0,19.0,observed
2025-02-14T14:00:00Z,23.1,0.0,59.0,10.9,observed
2025-02-14T15:00:00Z,22.1,0.0,64.0,4.0,observed
2025-02-14T16:00:00Z,20.7,0.0,56.0,4.1,observed
2025-02-14T17:00:00Z,18.4,0.0,70.0,9.6,observed
2025-02-14T18:00:00Z,16.5,0.0,76.0,7.9,observed
2025-02-14T19:00:00Z,15.4,0.0,84.0,11.5,observed
2025-02-14T20:00:00Z,13.4,0.0,73.0,5.2,observed
2025-02-14T21:00:00Z,10.4,0.0,82.0,9.0,observed
2025-02-14T22:00:00Z,9.1,0.0,90.0,15.4,observed
2025-02-14T23:00:00Z,8.7,0.0,91.0,7.9,observed
2025-02-15T00:00:00Z,9.0,0.0,100.0,9.6,observed
2025-02-15T01:00:00Z,8.4,0.0,92.0,15.2,observed
2025-02-15T02:00:00Z,9.3,0.0,91.0,7.8,observed
2025-02-15T03:00:00Z,10.3,0.0,84.0,14.4,observed
2025-02-15T04:00:00Z,11.4,0.0,88.0,10.3,observed
2025-02-15T05:00:00Z,14.1,0.0,79.0,12.5,observed
2025-02-15T06:00:00Z,15.0,0.0,82.0,6.6,observed
2025-02-15T07:00:00Z,15.9,0.0,73.0,17.6,observed
2025-02-15T08:00:00Z,18.2,0.0,75.0,6.8,observed
2025-02-15T09:00:00Z,19.7,0.0,63.0,15.6,observed
15/02/2025 10:00,20.2,0.0,61.0,5.5,observed
2025-02-15T11:00:00Z,21.0,0.0,61.0,17.9,observed
2025-02-15T12:00:00Z,21.8,0.0,56.0,10.0,observed
2025-02-15T13:00:00Z,22.9,0.0,57.0,9.5,observed
2025-02-15T14:00:00Z,21.7,0.0,65.0,11.6,observed
2025-02-15T15:00:00Z,19.9,0.0,65.0,14.5,observed
15/02/2025 16:00,18.2,0.0,70.0,10.3,observed
15/02/2025 17:00,16.3,0.0,71.0,7.1,observed
2025-02-15T18:00:00Z,15.7,0.0,71.0,13.5,observed
2025-02-15T19:00:00Z,13.4,0.0,82.0,9.2,observed
2025-02-15T20:00:00Z,11.4,0.0,87.0,7.1,observed
2025-02-15T21:00:00Z,11.1,0.0,93.0,14.5,observed
2025-02-15T22:00:00Z,10.0,0.4,84.0,12.1,observed
2025-02-15T23:00:00Z,10.1,0.0,95.0,7.4,observed
2025-02-16T00:00:00Z,8.7,0.0,97.0,13.5,observed
2025-02-16T01:00:00Z,8.5,0.0,93.0,6.1,observed
2025-02-16T02:00:00Z,10.2,0.0,94.0,6.5,observed
2025-02-16T03:00:00Z,10.7,0.0,86.0,20.1,observed
2025-02-16T04:00:00Z,12.3,0.0,78.0,16.4,observed
2025-02-16T05:00:00Z,,0.0,79.0,9.7,observed
2025-02-16T06:00:00Z,16.1,0.0,68.0,10.4,observed
2025-02-16T07:00:00Z,17.2,0.0,88.0,6.5,observed
2025-02-16T09:00:00Z,20.1,0.0,67.0,9.8,observed
2025-02-16T10:00:00Z,21.7,0.0,59.0,13.7,observed
2025-02-16T11:00:00Z,22.1,0.0,55.0,13.3,observed
2025-02-16T12:00:00Z,22.3,0.0,59.0,11.6,observed
2025-02-16T13:00:00Z,21.9,0.0,61.0,7.7,observed
2025-02-16T14:00:00Z,21.0,0.0,57.0,16.6,observed
2025-02-16T15:00:00Z,20.5,0.0,68.0,6.3,observed
2025-02-16T16:00:00Z,19.4,0.0,74.0,6.9,observed
2025-02-16T17:00:00Z,17.9,0.0,71.0,13.4,observed
2025-02-16T18:00:00Z,17.2,0.0,70.0,15.1,observed
2025-02-16T19:00:00Z,13.4,0.0,71.0,17.3,observed
2025-02-16T20:00:00Z,11.7,0.0,83.0,16.6,observed
2025-02-16T22:00:00Z,8.0,0.0,93.0,13.1,observed
2025-02-16T23:00:00Z,7.0,0.0,100.0,15.4,observed
2025-02-17T00:00:00Z,6.9,0.0,89.0,10.9,observed
2025-02-17T01:00:00Z,7.7,0.0,90.0,14.0,observed
2025-02-17T02:00:00Z,8.6,0.0,100.0,12.1,observed
2025-02-17T03:00:00Z,9.4,0.0,85.0,10.9,observed
2025-02-17T04:00:00Z,10.9,0.0,88.0,4.7,observed
2025-02-17T05:00:00Z,12.4,0.0,88.0,3.8,observed
2025-02-17T06:00:00Z,13.8,0.0,80.0,9.9,observed
2025-02-17T07:00:00Z,16.0,0.0,84.0,6.8,observed
2025-02-17T08:00:00Z,16.9,0.0,71.0,15.6,observed
2025-02-17T09:00:00Z,18.5,0.0,73.0,13.2,observed
2025-02-17T10:00:00Z,19.9,0.0,61.0,11.8,observed
2025-02-17T11:00:00Z,21.0,0.0,56.0,19.9,observed
2025-02-17T12:00:00Z,20.6,0.0,66.0,8.9,observed
2025-02-17T13:00:00Z,19.9,0.0,60.0,10.4,observed
2025-02-17T14:00:00Z,20.9,0.0,64.0,7.0,observed
2025-02-17T15:00:00Z,19.2,0.0,65.0,15.1,observed
2025-02-17T16:00:00Z,17.7,0.0,75.0,6.2,observed
2025-02-17T17:00:00Z,15.6,-9999.0,68.0,11.1,observed
2025-02-17T18:00:00Z,14.7,0.0,83.0,12.7,observed
2025-02-17T19:00:00Z,12.9,0.0,79.0,16.1,observed
2025-02-17T20:00:00Z,10.8,0.0,84.0,3.8,observed
2025-02-17T21:00:00Z,11.6,0.0,78.0,10.6,observed
17/02/2025 22:00,10.9,0.0,82.0,4.9,observed
2025-02-17T23:00:00Z,10.2,0.0,88.0,18.6,observed
2025-02-18T00:00:00Z,9.6,0.0,84.0,9.1,observed
2025-02-18T01:00:00Z,9.4,0.0,90.0,5.8,observed
18/02/2025 02:00,10.0,0.0,,10.7,observed
2025-02-18T03:00:00Z,12.3,0.0,84.0,9.4,observed
2025-02-18T04:00:00Z,13.1,0.0,84.0,7.4,observed
2025-02-18T05:00:00Z,14.8,0.0,76.0,5.0,observed
2025-02-18T06:00:00Z,15.9,0.0,71.0,8.9,observed
2025-02-18T07:00:00Z,18.8,0.0,60.0,7.2,observed
2025-02-18T08:00:00Z,20.2,0.0,60.0,7.0,observed
2025-02-18T09:00:00Z,21.2,0.0,66.0,10.6,observed
2025-02-18T10:00:00Z,21.0,0.0,65.0,12.8,observed
2025-02-18T11:00:00Z,23.5,0.0,57.0,6.8,observed
2025-02-18T11:00:00Z,23.1,0.0,57.0,6.8,observed
2025-02-18T12:00:00Z,22.5,0.0,64.0,12.2,observed
2025-02-18T13:00:00Z,22.8,0.0,63.0,6.0,observed
2025-02-18T14:00:00Z,21.6,0.0,66.0,3.7,observed
2025-02-18T15:00:00Z,20.8,0.0,59.0,6.8,observed
2025-02-18T16:00:00Z,19.2,0.0,67.0,21.7,observed
2025-02-18T17:00:00Z,17.9,0.0,70.0,13.9,observed
2025-02-18T18:00:00Z,16.0,0.0,73.0,12.2,observed
2025-02-18T19:00:00Z,15.3,0.0,82.0,9.0,observed
2025-02-18T20:00:00Z,13.9,0.0,74.0,19.6,observed
2025-02-18T21:00:00Z,10.6,0.0,94.0,12.0,observed
18/02/2025 22:00,10.2,0.0,88.0,12.4,observed
2025-02-18T23:00:00Z,10.2,0.0,94.0,8.4,observed
2025-02-19T00:00:00Z,9.1,0.0,96.0,10.3,observed
2025-02-19T01:00:00Z,9.9,0.0,98.0,6.6,observed
2025-02-19T02:00:00Z,9.5,0.0,88.0,13.6,observed
2025-02-19T03:00:00Z,10.9,0.0,91.0,20.9,observed
2025-02-19T04:00:00Z,12.3,0.0,82.0,4.3,observed
19/02/2025 05:00,14.2,0.0,,9.8,observed
2025-02-19T06:00:00Z,16.3,0.0,78.0,6.9,observed
2025-02-19T07:00:00Z,17.3,0.0,61.0,6.8,observed
2025-02-19T08:00:00Z,19.4,0.0,65.0,8.6,observed
2025-02-19T09:00:00Z,20.1,0.0,71.0,17.1,observed
2025-02-19T11:00:00Z,22.5,0.0,57.0,15.1,observed
2025-02-19T12:00:00Z,21.9,0.0,56.0,16.9,observed
2025-02-19T13:00:00Z,22.2,0.0,68.0,8.9,observed
2025-02-19T14:00:00Z,21.7,0.0,64.0,9.6,observed
2025-02-19T15:00:00Z,20.9,0.0,67.0,13.1,observed
2025-02-19T16:00:00Z,18.7,0.0,61.0,5.7,observed
2025-02-19T17:00:00Z,17.8,0.0,80.0,10.4,observed
2025-02-19T18:00:00Z,16.2,0.0,70.0,7.6,observed
2025-02-19T19:00:00Z,14.0,0.0,80.0,15.2,observed
2025-02-19T20:00:00Z,13.1,0.0,87.0,5.8,observed
2025-02-19T21:00:00Z,12.4,0.0,81.0,4.9,observed
2025-02-19T22:00:00Z,11.9,0.0,79.0,5.4,observed
2025-02-19T23:00:00Z,11.6,0.0,91.0,13.1,observed
2025-02-20T00:00:00Z,11.2,0.0,80.0,7.9,observed
2025-02-20T01:00:00Z,11.4,0.0,95.0,12.5,observed
2025-02-20T02:00:00Z,12.8,0.0,82.0,4.5,observed
2025-02-20T03:00:00Z,13.9,0.0,67.0,17.4,observed
2025-02-20T04:00:00Z,15.4,0.0,80.0,6.5,observed
20/02/2025 05:00,16.1,0.0,75.0,6.1,observed
2025-02-20T06:00:00Z,18.6,0.0,75.0,6.8,observed
20/02/2025 07:00,19.3,0.0,67.0,7.6,observed
2025-02-20T08:00:00Z,21.5,0.0,61.0,7.7,observed
2025-02-20T09:00:00Z,23.0,0.0,61.0,16.1,observed
2025-02-20T10:00:00Z,24.2,0.0,55.0,10.4,observed
20/02/2025 11:00,24.7,0.0,49.0,16.7,observed
20/02/2025 12:00,25.5,0.0,53.0,12.2,observed
2025-02-20T13:00:00Z,25.3,0.0,42.0,6.4,observed
2025-02-20T14:00:00Z,24.1,0.0,57.0,13.9,observed
2025-02-20T15:00:00Z,22.5,0.0,54.0,12.8,observed
20/02/2025 16:00,21.2,0.0,60.0,14.4,observed
2025-02-20T17:00:00Z,19.8,0.0,63.0,8.8,observed
20/02/2025 18:00,18.7,0.0,60.0,7.8,observed
2025-02-20T19:00:00Z,16.4,0.0,74.0,6.5,observed
2025-02-20T20:00:00Z,14.4,0.0,75.0,11.1,observed
2025-02-20T21:00:00Z,14.1,0.0,79.0,7.3,observed
2025-02-20T22:00:00Z,12.3,0.0,87.0,6.5,observed
2025-02-20T23:00:00Z,11.0,0.0,91.0,10.8,observed
2025-02-21T00:00:00Z,12.2,0.0,87.0,14.1,observed
2025-02-21T01:00:00Z,11.3,0.0,86.0,5.8,observed
2025-02-21T02:00:00Z,13.1,0.0,78.0,13.0,observed
21/02/2025 03:00,13.7,0.0,74.0,11.7,observed
2025-02-21T04:00:00Z,15.7,0.0,77.0,8.9,observed
2025-02-21T05:00:00Z,17.1,0.0,81.0,11.7,observed
2025-02-21T06:00:00Z,18.8,0.0,63.0,10.5,observed
2025-02-21T07:00:00Z,19.5,0.0,56.0,14.0,observed
21/02/2025 08:00,21.2,0.0,64.0,10.8,observed
2025-02-21T09:00:00Z,24.0,0.0,64.0,22.1,observed
2025-02-21T10:00:00Z,23.9,0.0,59.0,13.0,observed
2025-02-21T11:00:00Z,25.1,0.0,63.0,6.3,observed
2025-02-21T12:00:00Z,24.9,0.0,51.0,12.4,observed
2025-02-21T13:00:00Z,25.7,0.0,49.0,13.7,observed
2025-02-21T14:00:00Z,24.6,0.0,54.0,11.5,observed
2025-02-21T15:00:00Z,22.3,0.0,61.0,8.7,observed
2025-02-21T16:00:00Z,22.0,0.0,56.0,14.0,observed
2025-02-21T17:00:00Z,20.2,0.0,52.0,13.9,observed
2025-02-21T18:00:00Z,18.4,0.0,69.0,5.3,observed
2025-02-21T19:00:00Z,16.0,0.0,68.0,10.9,observed
2025-02-21T20:00:00Z,15.2,0.0,70.0,3.5,observed
2025-02-21T21:00:00Z,14.4,0.0,70.0,9.1,observed
21/02/2025 22:00,13.4,0.0,83.0,14.1,observed
2025-02-21T23:00:00Z,11.8,0.0,85.0,5.6,observed
2025-02-22T00:00:00Z,10.6,0.0,96.0,15.1,observed
2025-02-22T01:00:00Z,12.9,0.0,85.0,5.1,observed
2025-02-22T03:00:00Z,15.1,0.0,81.0,10.0,observed
2025-02-22T04:00:00Z,15.0,0.0,76.0,10.4,observed
2025-02-22T05:00:00Z,17.6,0.0,73.0,5.8,observed
22/02/2025 06:00,18.8,0.0,62.0,12.1,observed
2025-02-22T07:00:00Z,21.3,0.0,65.0,8.2,observed
2025-02-22T08:00:00Z,22.5,0.0,60.0,5.2,observed
2025-02-22T09:00:00Z,24.1,0.0,57.0,8.4,observed
2025-02-22T10:00:00Z,24.1,0.0,52.0,3.4,observed
2025-02-22T11:00:00Z,24.6,0.0,58.0,10.2,observed
2025-02-22T12:00:00Z,25.3,0.0,54.0,4.2,observed
2025-02-22T13:00:00Z,25.0,0.0,54.0,14.5,observed
2025-02-22T14:00:00Z,25.2,0.0,57.0,9.0,observed
2025-02-22T15:00:00Z,23.0,0.0,51.0,7.7,observed
2025-02-22T16:00:00Z,23.5,0.0,50.0,8.6,observed
2025-02-22T17:00:00Z,21.1,0.0,56.0,12.0,observed
22/02/2025 18:00,18.7,0.0,68.0,14.5,observed
2025-02-22T19:00:00Z,16.6,0.0,66.0,5.6,observed
22/02/2025 20:00,16.0,0.0,74.0,11.2,observed
2025-02-22T21:00:00Z,14.5,0.0,81.0,10.1,observed
2025-02-22T22:00:00Z,13.1,0.0,70.0,7.4,observed
2025-02-22T23:00:00Z,11.9,0.0,82.0,5.6,observed
2025-02-23T00:00:00Z,12.2,0.0,85.0,7.4,observed
23/02/2025 01:00,11.3,0.0,91.0,12.3,observed
2025-02-23T02:00:00Z,12.9,0.0,85.0,4.9,observed
2025-02-23T03:00:00Z,13.9,0.0,68.0,23.0,observed
2025-02-23T04:00:00Z,15.0,0.0,77.0,8.0,observed
2025-02-23T04:00:00Z,15.1,0.0,77.0,8.0,observed
2025-02-23T05:00:00Z,16.9,0.0,80.0,9.1,observed
2025-02-23T06:00:00Z,18.7,0.0,69.0,10.2,observed
2025-02-23T07:00:00Z,20.2,0.0,67.0,13.8,observed
2025-02-23T08:00:00Z,23.2,0.0,54.0,11.2,observed
2025-02-23T10:00:00Z,24.3,0.0,59.0,14.6,observed
2025-02-23T11:00:00Z,25.8,0.0,,11.2,observed
2025-02-23T12:00:00Z,25.3,0.0,49.0,16.3,observed
2025-02-23T13:00:00Z,24.9,0.0,50.0,6.0,observed
2025-02-23T14:00:00Z,25.3,0.0,53.0,12.2,observed
2025-02-23T15:00:00Z,24.0,0.0,53.0,12.1,observed
2025-02-23T16:00:00Z,21.7,0.0,57.0,11.6,observed
2025-02-23T17:00:00Z,21.2,0.0,67.0,6.3,observed
2025-02-23T18:00:00Z,18.9,0.0,59.0,6.1,observed
2025-02-23T18:00:00Z,20.6,0.0,59.0,6.1,observed
2025-02-23T19:00:00Z,16.7,0.0,70.0,4.9,observed
2025-02-23T20:00:00Z,15.0,0.0,79.0,5.3,observed
2025-02-23T21:00:00Z,15.9,0.0,65.0,6.3,observed
2025-02-23T22:00:00Z,14.2,0.0,79.0,21.1,observed
2025-02-23T23:00:00Z,14.1,0.0,70.0,8.3,observed
2025-02-24T00:00:00Z,13.4,0.0,74.0,11.6,observed
2025-02-24T01:00:00Z,13.5,0.0,79.0,14.3,observed
2025-02-24T02:00:00Z,13.9,0.0,78.0,7.9,observed
2025-02-24T03:00:00Z,15.2,0.0,83.0,11.8,observed
24/02/2025 04:00,16.8,0.0,67.0,11.6,observed
2025-02-24T05:00:00Z,18.1,0.0,80.0,13.8,observed
2025-02-24T06:00:00Z,20.0,0.0,65.0,10.6,observed
2025-02-24T07:00:00Z,21.3,0.0,51.0,9.9,observed
2025-02-24T08:00:00Z,23.2,0.0,71.0,12.0,observed
2025-02-24T08:00:00Z,23.2,0.0,71.0,12.0,observed
2025-02-24T09:00:00Z,25.3,0.0,43.0,13.0,observed
2025-02-24T10:00:00Z,25.7,0.0,55.0,11.6,observed
2025-02-24T11:00:00Z,27.0,0.0,52.0,8.5,observed
2025-02-24T12:00:00Z,26.8,0.0,46.0,11.8,observed
2025-02-24T13:00:00Z,26.7,0.0,52.0,7.2,observed
24/02/2025 14:00,25.8,0.0,48.0,14.9,observed
2025-02-24T15:00:00Z,24.5,0.0,56.0,12.0,observed
2025-02-24T16:00:00Z,23.6,0.0,49.0,20.1,observed
2025-02-24T17:00:00Z,21.8,0.0,57.0,11.2,observed
2025-02-24T18:00:00Z,21.0,0.0,57.0,10.4,observed
2025-02-24T19:00:00Z,18.1,0.0,74.0,7.1,observed
2025-02-24T20:00:00Z,15.2,0.0,79.0,8.0,observed
2025-02-24T21:00:00Z,15.0,0.0,76.0,7.8,observed
2025-02-24T22:00:00Z,13.7,0.0,78.0,20.0,observed
2025-02-24T23:00:00Z,13.7,0.0,72.0,5.9,observed
2025-02-25T00:00:00Z,12.9,0.0,75.0,9.8,observed
2025-02-25T01:00:00Z,12.7,0.0,82.0,15.2,observed
2025-02-25T02:00:00Z,12.5,0.0,81.0,8.6,observed
2025-02-25T03:00:00Z,14.3,0.0,74.0,8.4,observed
2025-02-25T04:00:00Z,16.4,0.0,72.0,12.6,observed
2025-02-25T05:00:00Z,17.1,0.0,74.0,3.4,observed
2025-02-25T06:00:00Z,19.8,0.0,65.0,7.0,observed
2025-02-25T07:00:00Z,21.9,0.0,58.0,10.8,observed
2025-02-25T08:00:00Z,23.0,0.0,65.0,12.3,observed
2025-02-25T09:00:00Z,23.9,0.0,54.0,10.7,observed
2025-02-25T10:00:00Z,25.0,0.0,58.0,7.0,observed
2025-02-25T11:00:00Z,26.2,0.0,50.0,14.7,observed
2025-02-25T12:00:00Z,26.9,-9999.0,59.0,7.0,observed
25/02/2025 13:00,26.7,0.0,39.0,6.7,observed
2025-02-25T14:00:00Z,25.3,0.0,58.0,10.3,observed
2025-02-25T15:00:00Z,24.9,0.0,54.0,9.8,observed
2025-02-25T16:00:00Z,22.6,0.0,62.0,7.8,observed
2025-02-25T17:00:00Z,20.8,0.0,62.0,10.6,observed
2025-02-25T18:00:00Z,19.2,0.0,76.0,9.6,observed
2025-02-25T19:00:00Z,17.2,0.0,69.0,10.0,observed
2025-02-25T20:00:00Z,15.7,0.0,77.0,6.2,observed
2025-02-25T21:00:00Z,12.6,0.0,78.0,20.0,observed
2025-02-25T22:00:00Z,11.7,0.0,92.0,4.3,observed
2025-02-25T23:00:00Z,10.8,0.0,90.0,6.4,observed
2025-02-26T00:00:00Z,11.3,0.0,88.0,9.1,observed
2025-02-26T01:00:00Z,11.5,0.0,87.0,12.8,observed
2025-02-26T02:00:00Z,11.7,0.0,89.0,10.8,observed
2025-02-26T03:00:00Z,13.3,0.0,88.0,11.1,observed
2025-02-26T04:00:00Z,14.2,0.0,70.0,8.1,observed
2025-02-26T05:00:00Z,15.0,0.0,77.0,11.3,observed
2025-02-26T06:00:00Z,18.2,0.0,64.0,12.5,observed
2025-02-26T07:00:00Z,19.0,0.0,73.0,8.1,observed
2025-02-26T09:00:00Z,22.2,0.0,48.0,5.6,observed
2025-02-26T10:00:00Z,23.6,0.0,60.0,9.4,observed
2025-02-26T12:00:00Z,24.6,0.0,59.0,6.1,observed
2025-02-26T13:00:00Z,24.5,-9999.0,53.0,11.7,observed
2025-02-26T14:00:00Z,23.6,0.0,62.0,9.8,observed
2025-02-26T15:00:00Z,22.3,0.0,,9.8,observed
2025-02-26T16:00:00Z,21.5,0.0,63.0,5.2,observed
26/02/2025 17:00,20.1,0.0,66.0,7.6,observed
2025-02-26T18:00:00Z,17.4,0.0,70.0,11.2,observed
26/02/2025 19:00,15.5,0.0,77.0,8.0,observed
2025-02-26T20:00:00Z,13.6,0.0,78.0,6.6,observed
2025-02-26T21:00:00Z,12.4,0.0,86.0,11.1,observed
2025-02-26T22:00:00Z,10.9,0.0,97.0,8.7,observed
2025-02-26T23:00:00Z,9.8,0.0,86.0,7.5,observed
2025-02-27T00:00:00Z,9.5,0.0,92.0,13.1,observed
2025-02-27T01:00:00Z,10.0,0.0,88.0,8.9,observed
2025-02-27T02:00:00Z,10.3,0.0,82.0,10.8,observed
2025-02-27T03:00:00Z,12.9,0.0,82.0,6.3,observed
2025-02-27T04:00:00Z,13.1,0.0,82.0,5.3,observed
2025-02-27T05:00:00Z,14.9,0.0,72.0,19.3,observed
2025-02-27T06:00:00Z,16.5,0.0,76.0,11.0,observed
2025-02-27T07:00:00Z,17.9,0.0,74.0,16.1,observed
2025-02-27T08:00:00Z,19.3,0.0,63.0,16.1,observed
2025-02-27T09:00:00Z,21.0,0.0,68.0,9.3,observed
2025-02-27T10:00:00Z,22.0,0.0,51.0,11.2,observed
2025-02-27T11:00:00Z,23.3,0.0,62.0,9.5,observed
2025-02-27T12:00:00Z,23.0,0.0,48.0,6.6,observed
2025-02-27T13:00:00Z,23.0,0.0,56.0,14.0,observed
2025-02-27T14:00:00Z,22.6,0.0,56.0,16.6,observed
2025-02-27T15:00:00Z,21.1,0.0,53.0,5.9,observed
2025-02-27T16:00:00Z,20.0,0.0,65.0,12.6,observed
2025-02-27T17:00:00Z,17.9,0.0,68.0,9.7,observed
2025-02-27T18:00:00Z,17.4,0.0,74.0,11.6,observed
2025-02-27T19:00:00Z,14.3,0.0,75.0,16.9,observed
2025-02-27T20:00:00Z,12.4,0.0,79.0,9.6,observed
2025-02-27T21:00:00Z,11.3,0.0,88.0,5.3,observed
2025-02-27T22:00:00Z,10.0,0.0,90.0,20.1,observed
2025-02-27T23:00:00Z,9.0,0.0,86.0,12.9,observed
2025-02-28T00:00:00Z,10.3,0.0,100.0,17.7,observed
2025-02-28T01:00:00Z,9.4,0.0,98.0,9.7,observed
2025-02-28T02:00:00Z,9.8,0.0,87.0,6.1,observed
2025-02-28T03:00:00Z,10.2,0.0,86.0,6.7,observed
2025-02-28T04:00:00Z,12.8,0.0,83.0,13.2,observed
2025-02-28T05:00:00Z,14.9,0.0,,10.6,observed
2025-02-28T06:00:00Z,16.3,0.0,67.0,9.1,observed
2025-02-28T07:00:00Z,17.6,0.0,69.0,7.8,observed
2025-02-28T08:00:00Z,19.7,0.0,72.0,11.6,observed
2025-02-28T09:00:00Z,19.6,0.0,66.0,16.4,observed
2025-02-28T10:00:00Z,22.1,0.0,65.0,13.6,observed
2025-02-28T11:00:00Z,22.6,0.0,59.0,8.8,observed
2025-02-28T12:00:00Z,23.1,0.0,63.0,10.1,observed
2025-02-28T13:00:00Z,23.1,0.0,58.0,16.4,observed
2025-02-28T14:00:00Z,22.8,0.0,68.0,3.8,observed
2025-02-28T15:00:00Z,21.8,0.0,57.0,12.7,observed
2025-02-28T16:00:00Z,18.9,0.0,68.0,9.2,observed
2025-02-28T17:00:00Z,17.9,0.0,70.0,9.3,observed
2025-02-28T18:00:00Z,16.5,0.0,69.0,11.4,observed
2025-02-28T19:00:00Z,13.3,0.0,90.0,10.4,observed
2025-02-28T20:00:00Z,12.9,0.0,82.0,11.3,observed
2025-02-28T21:00:00Z,14.0,0.0,86.0,16.9,observed
2025-02-28T22:00:00Z,12.2,0.0,89.0,12.0,observed
2025-02-28T23:00:00Z,12.2,0.0,80.0,14.3,observed
2025-03-01T00:00:00Z,12.2,0.0,94.0,7.2,observed
2025-03-01T01:00:00Z,11.8,0.0,88.0,15.8,observed
2025-03-01T02:00:00Z,13.1,0.0,74.0,18.0,observed
2025-03-01T03:00:00Z,13.8,0.0,85.0,14.4,observed
2025-03-01T04:00:00Z,14.9,0.0,77.0,5.1,observed
2025-03-01T05:00:00Z,15.9,0.0,82.0,10.9,observed
2025-03-01T06:00:00Z,17.5,0.0,73.0,9.3,observed
2025-03-01T07:00:00Z,18.2,0.0,68.0,14.0,observed
01/03/2025 08:00,19.4,0.0,72.0,13.0,observed
2025-03-01T09:00:00Z,21.2,0.0,55.0,7.4,observed
01/03/2025 10:00,23.0,0.0,63.0,12.3,observed
2025-03-01T11:00:00Z,22.8,0.0,50.0,6.3,observed
2025-03-01T12:00:00Z,22.7,0.0,58.0,15.5,observed
2025-03-01T13:00:00Z,22.0,0.0,61.0,7.5,observed
01/03/2025 14:00,21.8,0.0,61.0,10.2,observed
2025-03-01T15:00:00Z,21.4,0.0,63.0,16.4,observed
2025-03-01T16:00:00Z,21.1,0.0,64.0,6.7,observed
2025-03-01T17:00:00Z,18.2,0.0,74.0,11.6,observed
2025-03-01T17:00:00Z,16.0,0.0,74.0,11.6,observed
2025-03-01T18:00:00Z,18.2,0.0,71.0,9.4,observed
2025-03-01T19:00:00Z,17.0,0.0,70.0,15.7,observed
2025-03-01T20:00:00Z,15.5,0.0,69.0,10.8,observed
2025-03-01T21:00:00Z,15.0,0.0,74.0,9.0,observed
2025-03-01T22:00:00Z,13.5,0.0,83.0,10.1,observed
2025-03-01T23:00:00Z,12.6,0.0,,14.1,observed
2025-03-02T00:00:00Z,13.2,0.0,72.0,11.0,observed
2025-03-02T01:00:00Z,12.6,0.0,83.0,5.0,observed
2025-03-02T02:00:00Z,12.6,0.0,78.0,22.2,observed
2025-03-02T03:00:00Z,14.0,0.0,77.0,5.7,observed
2025-03-02T04:00:00Z,15.5,0.0,78.0,4.6,observed
2025-03-02T05:00:00Z,17.5,0.0,73.0,3.8,observed
02/03/2025 06:00,17.7,0.0,71.0,10.8,observed
2025-03-02T07:00:00Z,20.4,0.0,60.0,13.0,observed
2025-03-02T08:00:00Z,19.8,0.0,67.0,12.6,observed
2025-03-02T09:00:00Z,20.2,0.6,80.0,9.3,observed
2025-03-02T10:00:00Z,19.2,2.5,80.0,12.0,observed
2025-03-02T12:00:00Z,23.7,0.0,48.0,11.8,observed
2025-03-02T13:00:00Z,22.8,0.0,58.0,12.8,observed
2025-03-02T14:00:00Z,22.9,0.5,58.0,14.8,observed
2025-03-02T15:00:00Z,21.9,0.0,55.0,10.9,observed
2025-03-02T16:00:00Z,20.1,0.0,64.0,17.1,observed
2025-03-02T17:00:00Z,19.2,0.0,67.0,12.3,observed
2025-03-02T18:00:00Z,18.5,0.0,65.0,19.3,observed
2025-03-02T19:00:00Z,17.4,0.0,75.0,14.6,observed
2025-03-02T20:00:00Z,15.6,0.0,76.0,12.7,observed
2025-03-02T21:00:00Z,13.8,0.0,76.0,18.0,observed
2025-03-02T22:00:00Z,13.6,0.0,85.0,13.7,observed
2025-03-02T23:00:00Z,12.8,0.0,79.0,19.2,observed
2025-03-03T00:00:00Z,12.1,0.0,85.0,15.8,observed
2025-03-03T01:00:00Z,13.0,0.0,75.0,9.6,observed
2025-03-03T02:00:00Z,13.6,0.0,79.0,11.6,observed
2025-03-03T03:00:00Z,14.5,0.0,84.0,14.8,observed
2025-03-03T04:00:00Z,14.7,0.0,79.0,6.1,observed
2025-03-03T05:00:00Z,16.8,0.0,71.0,12.5,observed
2025-03-03T06:00:00Z,18.6,0.0,75.0,12.5,observed
2025-03-03T07:00:00Z,19.3,0.0,68.0,8.1,observed
2025-03-03T08:00:00Z,20.8,0.0,68.0,11.8,observed
2025-03-03T09:00:00Z,22.4,0.0,60.0,6.9,observed
2025-03-03T10:00:00Z,22.5,0.0,53.0,5.1,observed
03/03/2025 11:00,21.3,2.2,81.0,15.5,observed
2025-03-03T12:00:00Z,23.4,0.0,65.0,6.1,observed
2025-03-03T13:00:00Z,23.5,0.0,56.0,9.8,observed
2025-03-03T14:00:00Z,19.6,8.5,83.0,10.8,observed
2025-03-03T15:00:00Z,21.9,0.5,61.0,13.8,observed
2025-03-03T16:00:00Z,20.5,0.5,68.0,13.8,observed
2025-03-03T17:00:00Z,19.3,0.0,69.0,10.7,observed
2025-03-03T18:00:00Z,15.8,0.7,86.0,12.8,observed
2025-03-03T19:00:00Z,16.2,0.0,71.0,14.7,observed
2025-03-03T20:00:00Z,15.0,0.0,77.0,15.5,observed
2025-03-03T21:00:00Z,14.1,0.0,77.0,13.8,observed
2025-03-03T22:00:00Z,13.2,0.0,,11.7,observed
2025-03-03T23:00:00Z,13.5,0.0,83.0,10.6,observed
2025-03-04T00:00:00Z,12.7,0.0,81.0,13.5,observed
2025-03-04T01:00:00Z,13.2,0.0,88.0,12.4,observed
2025-03-04T02:00:00Z,13.0,0.0,78.0,15.6,observed
2025-03-04T03:00:00Z,14.0,0.0,79.0,7.8,observed
2025-03-04T04:00:00Z,15.4,0.0,68.0,10.1,observed
2025-03-04T05:00:00Z,16.6,0.0,83.0,19.9,observed
2025-03-04T06:00:00Z,18.9,0.0,75.0,7.3,observed
2025-03-04T07:00:00Z,19.8,-9999.0,60.0,13.3,observed
2025-03-04T08:00:00Z,21.7,0.0,62.0,8.4,observed
2025-03-04T09:00:00Z,22.1,0.0,66.0,19.8,observed
2025-03-04T10:00:00Z,23.7,0.0,58.0,12.7,observed
2025-03-04T11:00:00Z,23.1,0.0,63.0,9.2,observed
2025-03-04T12:00:00Z,23.0,0.0,60.0,11.3,observed
2025-03-04T13:00:00Z,23.8,0.0,47.0,10.1,observed
2025-03-04T14:00:00Z,23.1,0.0,60.0,10.1,observed
2025-03-04T15:00:00Z,23.0,0.0,59.0,16.0,observed
2025-03-04T16:00:00Z,21.5,0.0,65.0,4.2,observed
2025-03-04T17:00:00Z,20.8,0.0,64.0,9.5,observed
2025-03-04T18:00:00Z,18.2,0.0,64.0,20.3,observed
2025-03-04T19:00:00Z,16.5,0.0,64.0,7.6,observed
2025-03-04T20:00:00Z,14.9,0.0,74.0,8.1,observed
2025-03-04T21:00:00Z,15.8,0.0,73.0,13.0,observed
04/03/2025 22:00,15.0,0.0,76.0,11.8,observed
2025-03-04T23:00:00Z,13.6,0.0,81.0,10.7,observed
2025-03-05T00:00:00Z,14.7,0.0,86.0,4.4,observed
2025-03-05T01:00:00Z,15.1,0.0,77.0,8.0,observed
2025-03-05T02:00:00Z,14.1,0.0,74.0,5.6,observed
2025-03-05T03:00:00Z,15.6,0.0,84.0,11.0,observed
2025-03-05T04:00:00Z,17.0,0.0,79.0,9.5,observed
2025-03-05T05:00:00Z,18.1,0.0,62.0,8.3,observed
2025-03-05T06:00:00Z,19.5,0.0,58.0,20.7,observed
2025-03-05T07:00:00Z,21.1,0.0,63.0,13.7,observed
2025-03-05T09:00:00Z,23.5,0.0,56.0,14.8,observed
05/03/2025 10:00,25.1,0.0,52.0,6.4,observed
2025-03-05T11:00:00Z,25.5,0.0,52.0,13.5,observed
2025-03-05T12:00:00Z,23.2,1.2,67.0,7.5,observed
2025-03-05T14:00:00Z,22.7,1.3,75.0,5.8,observed
2025-03-05T15:00:00Z,22.9,0.3,66.0,4.8,observed
2025-03-05T16:00:00Z,20.1,16.1,75.0,5.3,observed
2025-03-05T17:00:00Z,21.8,0.0,61.0,16.9,observed
2025-03-05T18:00:00Z,17.5,1.3,90.0,5.0,observed
2025-03-05T19:00:00Z,16.3,12.8,80.0,5.9,observed
2025-03-05T20:00:00Z,17.2,0.0,69.0,5.7,observed
2025-03-05T21:00:00Z,13.9,0.0,78.0,13.1,observed
2025-03-05T22:00:00Z,14.1,0.0,77.0,13.2,observed
2025-03-05T23:00:00Z,12.7,0.0,77.0,9.9,observed
2025-03-06T00:00:00Z,11.9,0.0,91.0,15.4,observed
2025-03-06T01:00:00Z,12.3,0.0,87.0,9.6,observed
2025-03-06T02:00:00Z,13.1,0.0,88.0,11.6,observed
06/03/2025 03:00,14.3,0.0,80.0,7.3,observed
2025-03-06T04:00:00Z,14.4,0.0,75.0,11.3,observed
2025-03-06T05:00:00Z,16.1,0.0,79.0,6.5,observed
2025-03-06T06:00:00Z,17.6,0.0,65.0,17.9,observed
2025-03-06T07:00:00Z,19.3,0.0,63.0,12.6,observed
2025-03-06T08:00:00Z,,0.5,62.0,9.6,observed
2025-03-06T09:00:00Z,21.8,0.0,56.0,5.3,observed
2025-03-06T10:00:00Z,22.2,0.0,61.0,15.1,observed
2025-03-06T11:00:00Z,23.6,0.0,58.0,10.3,observed
2025-03-06T12:00:00Z,23.0,0.0,57.0,7.7,observed
06/03/2025 13:00,24.0,0.0,54.0,19.1,observed
2025-03-06T14:00:00Z,22.9,0.0,49.0,14.0,observed
2025-03-06T15:00:00Z,21.5,0.0,64.0,14.9,observed
2025-03-06T16:00:00Z,17.8,5.3,92.0,3.6,observed
2025-03-06T17:00:00Z,19.4,0.0,67.0,9.8,observed
2025-03-06T18:00:00Z,17.8,0.0,69.0,7.3,observed
2025-03-06T19:00:00Z,16.3,0.0,72.0,17.3,observed
2025-03-06T20:00:00Z,15.8,0.0,77.0,11.4,observed
2025-03-06T21:00:00Z,13.3,0.0,83.0,9.9,observed
2025-03-06T22:00:00Z,13.1,0.0,93.0,12.7,observed
2025-03-06T23:00:00Z,12.7,0.0,91.0,7.7,observed
2025-03-07T00:00:00Z,11.4,0.0,86.0,16.9,observed
2025-03-07T01:00:00Z,11.7,0.0,86.0,11.3,observed
2025-03-07T02:00:00Z,12.1,0.0,77.0,9.5,observed
2025-03-07T03:00:00Z,12.8,0.0,85.0,11.5,observed
2025-03-07T04:00:00Z,15.5,0.0,67.0,11.4,observed
2025-03-07T05:00:00Z,15.5,0.0,78.0,11.8,observed
2025-03-07T06:00:00Z,17.4,0.0,66.0,7.8,observed
2025-03-07T07:00:00Z,19.1,0.0,60.0,11.3,observed
2025-03-07T08:00:00Z,19.8,0.0,70.0,11.7,observed
07/03/2025 09:00,22.7,0.0,53.0,9.2,observed
2025-03-07T10:00:00Z,22.2,0.0,57.0,12.2,observed
07/03/2025 11:00,21.5,0.0,62.0,10.8,observed
2025-03-07T12:00:00Z,23.2,0.0,51.0,17.7,observed
07/03/2025 13:00,23.1,0.0,53.0,4.6,observed
2025-03-07T15:00:00Z,20.6,0.0,60.0,11.7,observed
2025-03-07T16:00:00Z,20.0,0.0,66.0,15.4,observed
2025-03-07T17:00:00Z,18.5,0.0,73.0,8.8,observed
2025-03-07T18:00:00Z,17.6,0.0,71.0,9.9,observed
2025-03-07T19:00:00Z,16.2,0.0,71.0,5.4,observed
2025-03-07T20:00:00Z,14.4,0.0,79.0,9.6,observed
2025-03-07T21:00:00Z,14.9,0.0,79.0,7.6,observed
2025-03-07T22:00:00Z,14.2,0.0,82.0,6.6,observed
2025-03-07T23:00:00Z,13.6,0.0,73.0,10.8,observed
2025-03-08T00:00:00Z,12.0,0.0,80.0,10.4,observed
2025-03-08T01:00:00Z,13.0,0.0,80.0,12.3,observed
2025-03-08T02:00:00Z,14.8,0.0,80.0,17.2,observed
2025-03-08T03:00:00Z,14.7,0.0,73.0,6.8,observed
2025-03-08T04:00:00Z,16.0,0.0,75.0,8.8,observed
2025-03-08T05:00:00Z,17.3,0.0,65.0,9.1,observed
2025-03-08T06:00:00Z,19.0,0.0,65.0,6.0,observed
2025-03-08T07:00:00Z,20.2,-9999.0,61.0,6.3,observed
2025-03-08T08:00:00Z,20.6,0.2,54.0,12.9,observed
2025-03-08T09:00:00Z,22.6,0.0,67.0,11.7,observed
2025-03-08T10:00:00Z,23.9,0.0,61.0,15.5,observed
2025-03-08T11:00:00Z,21.9,1.4,78.0,8.4,observed
08/03/2025 12:00,,0.0,58.0,20.1,observed
08/03/2025 13:00,23.9,0.3,65.0,10.1,observed
08/03/2025 14:00,23.1,0.0,66.0,8.3,observed
2025-03-08T14:00:00Z,25.0,0.0,66.0,8.3,observed
2025-03-08T15:00:00Z,23.4,0.0,62.0,16.1,observed
2025-03-08T16:00:00Z,21.5,0.0,65.0,11.3,observed
2025-03-08T17:00:00Z,19.8,0.0,70.0,9.3,observed
08/03/2025 18:00,18.1,0.0,71.0,10.6,observed
2025-03-08T19:00:00Z,17.8,0.0,74.0,14.9,observed
2025-03-08T20:00:00Z,15.9,0.0,76.0,11.6,observed
2025-03-08T21:00:00Z,13.0,0.0,80.0,14.7,observed
2025-03-08T22:00:00Z,13.3,0.0,85.0,10.0,observed
2025-03-08T23:00:00Z,11.9,0.0,90.0,12.9,observed
2025-03-09T00:00:00Z,13.0,0.0,82.0,7.3,observed
2025-03-09T01:00:00Z,11.9,0.0,84.0,12.3,observed
09/03/2025 02:00,13.4,0.0,85.0,15.0,observed
2025-03-09T03:00:00Z,13.9,0.0,77.0,8.7,observed
2025-03-09T04:00:00Z,15.8,0.0,73.0,18.5,observed
2025-03-09T05:00:00Z,15.8,0.0,67.0,14.9,observed
2025-03-09T06:00:00Z,17.0,0.0,76.0,9.0,observed
2025-03-09T07:00:00Z,19.3,0.0,70.0,6.1,observed
2025-03-09T08:00:00Z,20.6,0.0,69.0,8.0,observed
2025-03-09T09:00:00Z,21.8,0.0,64.0,7.5,observed
2025-03-09T10:00:00Z,23.0,0.0,57.0,15.8,observed
09/03/2025 11:00,22.3,0.0,59.0,8.9,observed
2025-03-09T12:00:00Z,23.3,0.0,53.0,11.0,observed
2025-03-09T13:00:00Z,23.6,0.0,54.0,4.1,observed
2025-03-09T14:00:00Z,21.7,0.0,54.0,12.4,observed
2025-03-09T15:00:00Z,22.7,0.0,63.0,5.1,observed
2025-03-09T16:00:00Z,20.3,0.0,59.0,9.9,observed
2025-03-09T17:00:00Z,19.4,0.0,72.0,9.4,observed
2025-03-09T18:00:00Z,16.8,0.0,78.0,5.3,observed
2025-03-09T19:00:00Z,15.7,0.0,77.0,13.0,observed
2025-03-09T19:00:00Z,16.8,0.0,77.0,13.0,observed
2025-03-09T20:00:00Z,15.6,0.0,78.0,18.9,observed
2025-03-09T21:00:00Z,14.6,0.0,74.0,9.9,observed
2025-03-09T22:00:00Z,14.8,0.0,89.0,17.9,observed
09/03/2025 23:00,13.3,0.0,84.0,12.7,observed
2025-03-10T00:00:00Z,13.7,0.0,80.0,6.8,observed
2025-03-10T01:00:00Z,13.6,-9999.0,78.0,9.8,observed
2025-03-10T02:00:00Z,13.9,0.0,77.0,12.1,observed
2025-03-10T03:00:00Z,14.8,0.0,81.0,8.1,observed
2025-03-10T04:00:00Z,16.0,0.0,74.0,5.4,observed
2025-03-10T05:00:00Z,17.2,0.0,74.0,13.0,observed
2025-03-10T06:00:00Z,18.8,0.0,67.0,7.8,observed
2025-03-10T07:00:00Z,20.5,0.0,67.0,19.7,observed
2025-03-10T08:00:00Z,21.4,0.0,70.0,11.9,observed
2025-03-10T09:00:00Z,22.4,0.0,62.0,6.0,observed
2025-03-10T10:00:00Z,23.3,0.0,64.0,8.4,observed
2025-03-10T11:00:00Z,25.3,0.0,56.0,11.7,observed
2025-03-10T12:00:00Z,24.2,0.0,57.0,11.1,observed
2025-03-10T13:00:00Z,23.1,0.0,61.0,11.4,observed
2025-03-10T14:00:00Z,24.0,0.0,61.0,15.3,observed
2025-03-10T15:00:00Z,23.3,0.0,62.0,8.6,observed
2025-03-10T16:00:00Z,22.1,0.0,53.0,7.0,observed
2025-03-10T17:00:00Z,20.6,0.0,68.0,8.3,observed
2025-03-10T18:00:00Z,19.8,0.0,67.0,12.7,observed
2025-03-10T19:00:00Z,17.9,0.0,66.0,18.5,observed
2025-03-10T20:00:00Z,16.1,0.0,70.0,6.7,observed
2025-03-10T21:00:00Z,14.2,0.0,76.0,7.5,observed
2025-03-10T22:00:00Z,14.0,0.0,,8.4,observed
2025-03-10T23:00:00Z,13.4,0.0,89.0,7.1,observed
2025-03-11T00:00:00Z,12.2,0.0,78.0,15.8,observed
2025-03-11T01:00:00Z,12.4,0.0,84.0,8.3,observed
2025-03-11T02:00:00Z,13.7,0.0,73.0,17.6,observed
2025-03-11T03:00:00Z,14.6,0.0,76.0,14.5,observed
2025-03-11T04:00:00Z,16.0,0.0,78.0,8.8,observed
2025-03-11T05:00:00Z,16.9,0.0,79.0,14.4,observed
2025-03-11T06:00:00Z,18.9,0.0,79.0,11.7,observed
2025-03-11T07:00:00Z,19.5,0.0,65.0,12.6,observed
2025-03-11T08:00:00Z,21.0,0.0,66.0,16.1,observed
2025-03-11T09:00:00Z,22.1,0.0,64.0,11.4,observed
2025-03-11T10:00:00Z,23.0,0.0,56.0,11.3,observed
2025-03-11T11:00:00Z,23.4,0.0,59.0,9.9,observed
2025-03-11T12:00:00Z,23.9,0.0,55.0,11.2,observed
2025-03-11T13:00:00Z,23.7,0.0,60.0,12.0,observed
2025-03-11T14:00:00Z,23.1,0.0,62.0,15.4,observed
2025-03-11T15:00:00Z,21.9,0.0,53.0,14.1,observed
11/03/2025 16:00,20.5,0.0,63.0,14.0,observed
2025-03-11T17:00:00Z,19.7,0.0,65.0,17.4,observed
2025-03-11T18:00:00Z,18.0,0.0,64.0,12.4,observed
2025-03-11T19:00:00Z,16.6,0.0,85.0,16.4,observed
2025-03-11T20:00:00Z,16.5,0.0,76.0,5.1,observed
2025-03-11T21:00:00Z,14.1,0.0,74.0,6.4,observed
2025-03-11T22:00:00Z,13.4,0.0,77.0,5.6,observed
2025-03-11T23:00:00Z,12.2,0.0,79.0,4.6,observed
2025-03-12T01:00:00Z,12.2,0.0,84.0,4.6,observed
2025-03-12T02:00:00Z,13.1,0.0,79.0,8.3,observed
2025-03-12T03:00:00Z,13.2,0.0,77.0,10.9,observed
2025-03-12T04:00:00Z,15.0,0.0,72.0,5.7,observed
2025-03-12T05:00:00Z,16.6,0.0,82.0,6.4,observed
2025-03-12T06:00:00Z,18.9,0.0,67.0,9.2,observed
2025-03-12T07:00:00Z,18.8,0.0,64.0,8.7,observed
12/03/2025 08:00,21.2,0.0,61.0,6.6,observed
2025-03-12T09:00:00Z,22.1,0.0,56.0,9.6,observed
2025-03-12T10:00:00Z,23.0,0.0,60.0,8.9,observed
2025-03-12T12:00:00Z,23.9,0.0,50.0,12.4,observed
2025-03-12T13:00:00Z,22.9,0.0,65.0,15.7,observed
12/03/2025 14:00,22.9,0.0,53.0,17.3,observed
2025-03-12T15:00:00Z,22.5,0.0,61.0,8.7,observed
2025-03-12T16:00:00Z,20.4,0.0,65.0,5.6,observed
2025-03-12T17:00:00Z,19.0,0.0,74.0,21.1,observed
2025-03-12T18:00:00Z,,0.0,67.0,9.5,observed
12/03/2025 19:00,17.1,0.0,68.0,13.5,observed
2025-03-12T20:00:00Z,14.4,0.0,85.0,16.3,observed
2025-03-12T21:00:00Z,13.4,0.0,77.0,12.0,observed
2025-03-12T22:00:00Z,13.5,0.0,73.0,16.3,observed
2025-03-12T23:00:00Z,12.3,0.0,82.0,3.3,observed
13/03/2025 00:00,12.2,0.0,95.0,6.8,observed
2025-03-13T01:00:00Z,12.5,0.0,82.0,13.7,observed
2025-03-13T02:00:00Z,14.0,0.0,82.0,16.1,observed
2025-03-13T03:00:00Z,13.7,0.0,80.0,16.0,observed
2025-03-13T04:00:00Z,15.4,0.0,74.0,18.8,observed
2025-03-13T05:00:00Z,16.0,0.0,76.0,16.3,observed
2025-03-13T06:00:00Z,17.0,0.0,67.0,10.7,observed
2025-03-13T07:00:00Z,18.8,0.0,67.0,14.1,observed
13/03/2025 08:00,21.2,0.0,63.0,8.8,observed
2025-03-13T09:00:00Z,21.8,0.0,68.0,23.5,observed
2025-03-13T10:00:00Z,23.1,0.3,47.0,11.5,observed
2025-03-13T11:00:00Z,21.7,4.6,82.0,13.9,observed
2025-03-13T12:00:00Z,23.0,0.0,57.0,6.7,observed
2025-03-13T13:00:00Z,23.2,0.3,52.0,6.5,observed
2025-03-13T14:00:00Z,20.0,2.1,84.0,12.6,observed
2025-03-13T15:00:00Z,19.0,6.3,79.0,11.2,observed
13/03/2025 16:00,20.9,0.2,58.0,13.4,observed
2025-03-13T17:00:00Z,17.5,9.5,85.0,13.1,observed
2025-03-13T18:00:00Z,17.1,0.0,60.0,9.6,observed
13/03/2025 19:00,16.6,0.0,73.0,13.3,observed
2025-03-13T20:00:00Z,14.6,0.0,86.0,11.9,observed
2025-03-13T21:00:00Z,14.7,0.0,83.0,12.9,observed
2025-03-13T22:00:00Z,13.7,0.0,81.0,8.9,observed
2025-03-13T23:00:00Z,13.4,0.0,84.0,13.8,observed
2025-03-14T00:00:00Z,13.4,0.0,79.0,9.4,observed
14/03/2025 01:00,12.8,0.0,85.0,13.8,observed
2025-03-14T02:00:00Z,13.9,0.0,74.0,6.8,observed
2025-03-14T03:00:00Z,13.8,0.0,80.0,10.9,observed
2025-03-14T04:00:00Z,15.2,0.0,78.0,12.8,observed
2025-03-14T05:00:00Z,17.3,0.0,73.0,10.1,observed
2025-03-14T06:00:00Z,18.2,0.0,63.0,15.9,observed
2025-03-14T07:00:00Z,19.6,0.0,67.0,8.4,observed
2025-03-14T08:00:00Z,21.4,0.0,54.0,12.4,observed
14/03/2025 09:00,21.8,0.0,60.0,9.0,observed
2025-03-14T10:00:00Z,23.5,0.0,56.0,10.3,observed
2025-03-14T11:00:00Z,24.1,0.0,57.0,5.9,observed
2025-03-14T12:00:00Z,22.8,0.0,,8.9,observed
2025-03-14T13:00:00Z,22.7,0.0,54.0,7.6,observed
14/03/2025 14:00,23.2,0.0,55.0,13.4,observed
2025-03-14T15:00:00Z,21.8,0.0,67.0,5.4,observed
2025-03-14T16:00:00Z,21.8,0.0,56.0,8.7,observed
2025-03-14T17:00:00Z,18.6,0.0,72.0,7.8,observed
2025-03-14T18:00:00Z,18.0,0.0,66.0,13.2,observed
2025-03-14T19:00:00Z,16.6,0.0,73.0,15.6,observed
2025-03-14T20:00:00Z,14.6,0.0,76.0,9.8,observed
2025-03-14T21:00:00Z,13.6,0.0,81.0,8.5,observed
2025-03-14T22:00:00Z,13.0,0.0,78.0,16.7,observed
2025-03-14T23:00:00Z,12.6,0.0,84.0,6.6,observed
2025-03-15T00:00:00Z,12.0,0.0,82.0,17.2,observed
2025-03-15T01:00:00Z,13.1,0.0,84.0,7.8,observed
15/03/2025 02:00,13.3,0.0,86.0,7.6,observed
2025-03-15T03:00:00Z,13.8,0.0,77.0,8.8,observed
2025-03-15T04:00:00Z,14.9,0.0,68.0,9.1,observed
2025-03-15T05:00:00Z,17.3,0.0,71.0,11.6,observed
2025-03-15T06:00:00Z,18.2,0.0,75.0,12.6,observed
2025-03-15T07:00:00Z,19.1,0.0,66.0,6.8,observed
2025-03-15T08:00:00Z,20.7,0.0,63.0,16.1,observed
2025-03-15T09:00:00Z,22.4,0.0,62.0,10.6,observed
2025-03-15T10:00:00Z,22.0,0.0,67.0,16.1,observed
2025-03-15T11:00:00Z,20.2,5.6,79.0,10.0,observed
2025-03-15T12:00:00Z,23.6,0.1,61.0,11.6,observed
2025-03-15T13:00:00Z,20.4,1.7,81.0,10.6,observed
2025-03-15T14:00:00Z,20.9,1.1,73.0,10.0,observed
2025-03-15T15:00:00Z,21.9,0.0,60.0,6.7,observed
2025-03-15T16:00:00Z,20.9,0.0,67.0,10.9,observed
2025-03-15T17:00:00Z,17.3,3.6,83.0,8.8,observed
2025-03-15T18:00:00Z,15.6,0.6,88.0,21.9,observed
2025-03-15T19:00:00Z,15.8,0.0,81.0,8.5,observed
2025-03-15T20:00:00Z,15.2,0.0,87.0,16.2,observed
2025-03-15T21:00:00Z,15.8,0.0,68.0,20.0,observed
15/03/2025 22:00,14.2,0.0,81.0,9.3,observed
2025-03-15T23:00:00Z,13.7,0.0,90.0,10.9,observed
2025-03-15T23:00:00Z,12.2,0.0,90.0,10.9,observed
2025-03-16T00:00:00Z,14.3,0.0,73.0,11.5,observed
2025-03-16T01:00:00Z,13.8,0.0,87.0,15.3,observed
2025-03-16T02:00:00Z,14.8,0.0,76.0,12.1,observed
2025-03-16T03:00:00Z,14.8,0.0,75.0,7.5,observed
2025-03-16T04:00:00Z,16.5,0.0,65.0,8.2,observed
2025-03-16T05:00:00Z,18.5,0.0,72.0,8.8,observed
2025-03-16T06:00:00Z,19.0,0.0,65.0,7.4,observed
2025-03-16T07:00:00Z,20.6,0.0,62.0,10.0,observed
2025-03-16T08:00:00Z,22.1,0.0,62.0,6.6,observed
2025-03-16T09:00:00Z,22.9,0.0,56.0,12.3,observed
2025-03-16T10:00:00Z,24.3,0.0,55.0,10.6,observed
16/03/2025 11:00,24.4,0.0,51.0,4.9,observed
2025-03-16T12:00:00Z,24.8,0.0,55.0,13.0,observed
2025-03-16T13:00:00Z,24.8,0.0,53.0,8.8,observed
2025-03-16T15:00:00Z,23.6,0.0,53.0,8.6,observed
2025-03-16T16:00:00Z,21.6,0.0,60.0,12.4,observed
2025-03-16T17:00:00Z,20.7,0.0,64.0,4.8,observed
2025-03-16T18:00:00Z,20.3,0.0,64.0,12.0,observed
2025-03-16T19:00:00Z,19.1,0.0,72.0,10.9,observed
16/03/2025 20:00,16.8,0.0,75.0,13.8,observed
2025-03-16T21:00:00Z,15.4,0.0,,15.4,observed
2025-03-16T23:00:00Z,12.6,0.0,86.0,14.0,observed
2025-03-17T00:00:00Z,13.5,0.0,78.0,4.5,observed
2025-03-17T01:00:00Z,13.9,0.0,80.0,14.7,observed
2025-03-17T02:00:00Z,13.9,0.0,73.0,5.0,observed
2025-03-17T03:00:00Z,15.6,0.0,75.0,5.8,observed
2025-03-17T04:00:00Z,16.9,0.0,80.0,7.8,observed
2025-03-17T05:00:00Z,17.2,0.0,76.0,5.0,observed
2025-03-17T06:00:00Z,18.3,0.0,68.0,3.8,observed
2025-03-17T07:00:00Z,19.7,0.0,67.0,6.4,observed
2025-03-17T08:00:00Z,21.3,0.0,55.0,7.1,observed
2025-03-17T09:00:00Z,23.2,0.0,56.0,11.8,observed
17/03/2025 10:00,23.2,0.0,,14.3,observed
17/03/2025 11:00,24.8,0.0,51.0,6.0,observed
2025-03-17T12:00:00Z,25.2,0.0,40.0,7.1,observed
2025-03-17T13:00:00Z,24.0,0.0,58.0,13.1,observed
2025-03-17T14:00:00Z,24.2,0.0,45.0,15.9,observed
2025-03-17T15:00:00Z,22.6,0.0,61.0,16.6,observed
2025-03-17T16:00:00Z,21.1,0.0,61.0,10.0,observed
2025-03-17T17:00:00Z,20.0,0.0,64.0,9.6,observed
2025-03-17T18:00:00Z,18.9,0.0,66.0,9.4,observed
2025-03-17T19:00:00Z,16.8,0.0,73.0,7.0,observed
2025-03-17T20:00:00Z,16.5,0.0,69.0,13.5,observed
2025-03-17T21:00:00Z,16.5,0.0,71.0,9.1,observed
2025-03-17T22:00:00Z,14.9,0.0,79.0,5.2,observed
2025-03-17T23:00:00Z,14.4,0.0,70.0,8.8,observed
18/03/2025 00:00,14.2,0.0,80.0,8.7,observed
2025-03-18T01:00:00Z,14.8,-9999.0,78.0,11.2,observed
18/03/2025 02:00,15.2,0.0,,12.1,observed
2025-03-18T03:00:00Z,16.1,0.0,85.0,6.8,observed
2025-03-18T04:00:00Z,16.5,0.0,78.0,5.5,observed
2025-03-18T05:00:00Z,18.9,0.0,61.0,9.2,observed
2025-03-18T06:00:00Z,20.4,0.0,66.0,8.8,observed
2025-03-18T07:00:00Z,20.7,0.0,59.0,6.7,observed
2025-03-18T08:00:00Z,23.4,0.0,58.0,10.4,observed
2025-03-18T09:00:00Z,23.7,0.0,62.0,7.3,observed
2025-03-18T10:00:00Z,23.6,0.0,65.0,8.3,observed
2025-03-18T11:00:00Z,25.7,0.0,51.0,13.5,observed
2025-03-18T12:00:00Z,25.5,0.0,52.0,12.2,observed
2025-03-18T13:00:00Z,25.7,0.0,51.0,6.3,observed
2025-03-18T14:00:00Z,25.3,0.0,53.0,9.8,observed
2025-03-18T15:00:00Z,23.7,0.0,60.0,9.1,observed
2025-03-18T17:00:00Z,21.8,0.0,62.0,7.3,observed
2025-03-18T18:00:00Z,19.5,0.0,67.0,8.4,observed
2025-03-18T19:00:00Z,18.2,0.0,65.0,11.6,observed
2025-03-18T20:00:00Z,16.5,0.0,65.0,10.0,observed
2025-03-18T21:00:00Z,17.1,0.0,69.0,10.6,observed
2025-03-18T22:00:00Z,15.4,0.0,72.0,9.5,observed
2025-03-18T23:00:00Z,16.0,0.0,75.0,12.6,observed
2025-03-19T00:00:00Z,15.3,0.0,78.0,14.8,observed
2025-03-19T01:00:00Z,15.8,0.0,69.0,18.1,observed
2025-03-19T02:00:00Z,15.6,0.0,76.0,15.6,observed
2025-03-19T03:00:00Z,16.7,0.0,73.0,9.2,observed
2025-03-19T04:00:00Z,18.3,0.0,65.0,5.4,observed
2025-03-19T05:00:00Z,18.8,0.0,57.0,14.5,observed
2025-03-19T06:00:00Z,20.2,0.0,64.0,8.8,observed
2025-03-19T07:00:00Z,21.5,0.0,57.0,19.3,observed
19/03/2025 08:00,24.0,0.0,44.0,6.3,observed
2025-03-19T09:00:00Z,23.5,0.0,50.0,12.3,observed
2025-03-19T10:00:00Z,25.5,0.0,47.0,6.3,observed
2025-03-19T11:00:00Z,25.6,0.0,42.0,15.5,observed
2025-03-19T12:00:00Z,25.5,0.0,53.0,12.4,observed
2025-03-19T13:00:00Z,25.4,0.0,58.0,6.9,observed
2025-03-19T14:00:00Z,25.5,0.0,63.0,11.3,observed
2025-03-19T15:00:00Z,24.1,0.0,56.0,5.8,observed
2025-03-19T16:00:00Z,23.2,0.0,57.0,9.8,observed
2025-03-19T17:00:00Z,22.6,0.0,64.0,11.6,observed
2025-03-19T18:00:00Z,20.0,0.0,54.0,11.5,observed
2025-03-19T19:00:00Z,18.8,0.0,62.0,12.0,observed
2025-03-19T20:00:00Z,17.0,0.0,71.0,6.7,observed
2025-03-19T21:00:00Z,15.8,0.0,73.0,10.6,observed
2025-03-19T22:00:00Z,15.6,0.0,73.0,16.1,observed
2025-03-19T23:00:00Z,15.4,0.0,73.0,11.3,observed
2025-03-20T00:00:00Z,14.2,0.0,86.0,5.7,observed
2025-03-20T01:00:00Z,14.3,0.0,78.0,10.1,observed
2025-03-20T02:00:00Z,14.4,0.0,76.0,6.5,observed
2025-03-20T03:00:00Z,15.1,0.0,72.0,9.8,observed
2025-03-20T04:00:00Z,17.3,0.0,71.0,13.3,observed
2025-03-20T05:00:00Z,18.6,0.0,66.0,12.9,observed
2025-03-20T06:00:00Z,19.5,0.0,63.0,13.6,observed
2025-03-20T07:00:00Z,21.1,0.0,70.0,13.7,observed
2025-03-20T08:00:00Z,23.0,0.0,56.0,13.0,observed
2025-03-20T09:00:00Z,23.7,0.0,57.0,12.0,observed
20/03/2025 10:00,24.4,0.0,51.0,13.4,observed
2025-03-20T11:00:00Z,25.0,0.0,56.0,15.7,observed
2025-03-20T12:00:00Z,25.2,0.0,47.0,6.3,observed
2025-03-20T13:00:00Z,25.1,0.0,51.0,14.5,observed
2025-03-20T14:00:00Z,24.2,0.0,57.0,10.8,observed
2025-03-20T15:00:00Z,24.1,0.0,61.0,9.6,observed
2025-03-20T16:00:00Z,22.7,0.0,54.0,12.6,observed
2025-03-20T17:00:00Z,21.3,0.0,65.0,20.3,observed
2025-03-20T18:00:00Z,18.7,0.0,66.0,11.8,observed
20/03/2025 19:00,18.8,0.0,59.0,9.0,observed
2025-03-20T20:00:00Z,17.0,0.0,70.0,14.4,observed
2025-03-20T21:00:00Z,17.2,0.0,70.0,5.5,observed
2025-03-20T22:00:00Z,16.3,0.0,63.0,13.4,observed
2025-03-20T23:00:00Z,15.5,0.0,67.0,23.3,observed
2025-03-21T00:00:00Z,15.2,0.0,76.0,10.7,observed
2025-03-21T01:00:00Z,15.3,0.0,86.0,8.8,observed
2025-03-21T02:00:00Z,16.4,0.0,75.0,6.1,observed
2025-03-21T03:00:00Z,16.2,0.0,,5.9,observed
2025-03-21T04:00:00Z,19.0,0.0,64.0,6.6,observed
2025-03-21T05:00:00Z,19.3,0.0,55.0,10.7,observed
2025-03-21T06:00:00Z,21.0,0.0,61.0,6.3,observed
2025-03-21T07:00:00Z,22.0,0.0,60.0,9.0,observed
2025-03-21T08:00:00Z,23.0,0.0,62.0,6.8,observed
2025-03-21T09:00:00Z,24.5,0.0,53.0,11.3,observed
2025-03-21T10:00:00Z,25.4,0.0,52.0,6.7,observed
2025-03-21T11:00:00Z,25.9,0.0,50.0,22.0,observed
2025-03-21T12:00:00Z,26.5,0.0,48.0,10.3,observed
2025-03-21T13:00:00Z,25.8,0.0,50.0,14.1,observed
2025-03-21T14:00:00Z,25.0,0.0,58.0,5.4,observed
2025-03-21T15:00:00Z,24.7,0.0,51.0,8.2,observed
2025-03-21T16:00:00Z,22.6,0.0,63.0,10.7,observed
2025-03-21T17:00:00Z,21.8,0.0,57.0,7.8,observed
2025-03-21T18:00:00Z,20.6,0.0,69.0,8.7,observed
2025-03-21T19:00:00Z,19.1,0.0,68.0,9.6,observed
2025-03-21T20:00:00Z,17.7,0.0,66.0,6.3,observed
21/03/2025 21:00,18.0,0.0,66.0,17.5,observed
2025-03-21T21:00:00Z,19.2,0.0,66.0,17.5,observed
2025-03-21T22:00:00Z,16.8,0.0,77.0,11.6,observed
2025-03-21T23:00:00Z,16.7,0.0,64.0,14.9,observed
2025-03-22T00:00:00Z,16.7,0.0,68.0,16.4,observed
2025-03-22T01:00:00Z,15.8,0.0,79.0,6.0,observed
2025-03-22T02:00:00Z,16.3,0.0,77.0,7.8,observed
2025-03-22T03:00:00Z,17.2,0.0,69.0,14.8,observed
2025-03-22T04:00:00Z,18.8,0.0,60.0,15.3,observed
2025-03-22T05:00:00Z,19.4,0.0,65.0,14.0,observed
2025-03-22T15:00:00Z,25.2,0.0,57.0,5.0,observed
22/03/2025 16:00,24.3,0.0,60.0,6.3,observed
2025-03-22T17:00:00Z,23.6,0.0,50.0,6.5,observed
2025-03-22T18:00:00Z,21.4,0.0,57.0,9.8,observed
2025-03-22T19:00:00Z,20.6,0.0,63.0,11.9,observed
2025-03-22T20:00:00Z,18.7,0.0,68.0,8.9,observed
2025-03-22T21:00:00Z,17.5,0.0,64.0,8.3,observed
2025-03-22T22:00:00Z,16.3,0.0,76.0,9.4,observed
2025-03-22T23:00:00Z,15.5,0.0,80.0,14.5,observed
2025-03-23T00:00:00Z,16.1,0.0,71.0,19.8,observed
2025-03-23T01:00:00Z,16.5,0.0,74.0,8.6,observed
2025-03-23T02:00:00Z,16.2,0.0,73.0,14.8,observed
2025-03-23T03:00:00Z,17.8,0.0,67.0,5.4,observed
2025-03-23T04:00:00Z,19.1,0.0,69.0,16.4,observed
2025-03-23T05:00:00Z,20.5,0.0,,13.1,observed
2025-03-23T06:00:00Z,22.1,0.0,59.0,9.9,observed
2025-03-23T07:00:00Z,22.6,0.0,59.0,24.0,observed
2025-03-23T08:00:00Z,24.5,0.0,57.0,8.9,observed
2025-03-23T09:00:00Z,24.7,0.0,60.0,7.3,observed
2025-03-23T09:00:00Z,24.3,0.0,60.0,7.3,observed
2025-03-23T10:00:00Z,26.1,0.0,52.0,8.9,observed
2025-03-23T11:00:00Z,26.7,0.0,47.0,14.0,observed
2025-03-23T12:00:00Z,,0.0,40.0,20.1,observed
2025-03-23T13:00:00Z,26.4,0.0,54.0,8.1,observed
2025-03-23T14:00:00Z,26.3,0.0,42.0,13.7,observed
2025-03-23T15:00:00Z,25.8,0.0,47.0,13.4,observed
2025-03-23T16:00:00Z,24.0,0.0,61.0,3.8,observed
2025-03-23T17:00:00Z,22.4,0.0,61.0,4.4,observed
2025-03-23T18:00:00Z,20.6,0.0,63.0,8.7,observed
2025-03-23T19:00:00Z,20.0,0.0,70.0,9.3,observed
2025-03-23T20:00:00Z,17.7,0.0,72.0,16.9,observed
2025-03-23T21:00:00Z,16.6,0.0,74.0,14.8,observed
2025-03-23T22:00:00Z,16.7,0.0,72.0,7.2,observed
2025-03-23T23:00:00Z,15.5,0.0,69.0,16.6,observed
2025-03-24T00:00:00Z,15.8,0.0,78.0,9.5,observed
2025-03-24T01:00:00Z,15.8,-9999.0,82.0,12.5,observed
2025-03-24T02:00:00Z,16.3,0.0,82.0,15.9,observed
2025-03-24T03:00:00Z,17.0,-9999.0,75.0,11.9,observed
2025-03-24T04:00:00Z,19.0,0.0,66.0,4.1,observed
24/03/2025 05:00,19.7,0.0,65.0,4.9,observed
2025-03-24T06:00:00Z,21.5,0.0,61.0,11.6,observed
2025-03-24T07:00:00Z,23.2,0.0,59.0,8.8,observed
2025-03-24T08:00:00Z,24.7,0.0,56.0,17.3,observed
2025-03-24T09:00:00Z,25.8,0.0,49.0,10.6,observed
2025-03-24T10:00:00Z,25.9,0.0,41.0,12.5,observed
2025-03-24T11:00:00Z,26.7,0.2,41.0,8.7,observed
2025-03-24T12:00:00Z,26.9,0.0,44.0,11.5,observed
2025-03-24T13:00:00Z,25.1,2.1,,11.3,observed
2025-03-24T14:00:00Z,24.5,2.5,64.0,13.3,observed
2025-03-24T15:00:00Z,24.6,0.0,60.0,5.9,observed
2025-03-24T16:00:00Z,23.4,0.0,50.0,8.2,observed
2025-03-24T17:00:00Z,22.4,0.0,52.0,20.1,observed
2025-03-24T18:00:00Z,20.8,0.0,58.0,10.6,observed
2025-03-24T19:00:00Z,19.3,0.0,63.0,6.4,observed
2025-03-24T20:00:00Z,17.1,0.0,68.0,11.9,observed
2025-03-24T21:00:00Z,15.3,0.0,79.0,18.0,observed
2025-03-24T22:00:00Z,13.8,0.0,,9.5,observed
2025-03-24T23:00:00Z,12.5,0.0,81.0,7.2,observed
25/03/2025 00:00,13.7,0.0,81.0,10.6,observed
2025-03-25T01:00:00Z,12.5,0.0,81.0,8.2,observed
2025-03-25T02:00:00Z,13.7,0.0,81.0,20.0,observed
2025-03-25T03:00:00Z,15.5,0.0,71.0,7.6,observed
2025-03-25T04:00:00Z,16.6,0.0,74.0,15.8,observed
2025-03-25T05:00:00Z,17.2,0.0,69.0,5.6,observed
2025-03-25T07:00:00Z,20.4,0.0,62.0,12.6,observed
2025-03-25T08:00:00Z,21.9,0.0,64.0,9.3,observed
25/03/2025 09:00,23.1,0.0,53.0,7.6,observed
2025-03-25T10:00:00Z,24.4,0.0,54.0,10.0,observed
2025-03-25T11:00:00Z,24.1,0.0,53.0,8.4,observed
2025-03-25T12:00:00Z,24.5,0.0,54.0,4.2,observed
2025-03-25T13:00:00Z,23.6,0.0,57.0,6.2,observed
25/03/2025 14:00,24.1,0.0,50.0,9.0,observed
2025-03-25T15:00:00Z,22.5,0.0,61.0,14.6,observed
2025-03-25T16:00:00Z,21.6,0.0,61.0,7.1,observed
2025-03-25T17:00:00Z,20.5,0.0,65.0,5.2,observed
2025-03-25T18:00:00Z,19.3,0.0,65.0,12.8,observed
2025-03-25T19:00:00Z,18.5,0.0,68.0,14.0,observed
2025-03-25T20:00:00Z,15.8,0.0,72.0,17.5,observed
2025-03-25T21:00:00Z,14.7,0.0,75.0,5.0,observed
2025-03-25T22:00:00Z,14.7,0.0,81.0,6.7,observed
2025-03-25T23:00:00Z,13.7,0.0,80.0,12.4,observed
2025-03-26T00:00:00Z,14.4,0.0,86.0,10.3,observed
2025-03-26T01:00:00Z,14.7,0.0,73.0,8.3,observed
2025-03-26T02:00:00Z,14.1,0.0,85.0,11.7,observed
26/03/2025 03:00,15.2,0.0,75.0,6.9,observed
2025-03-26T04:00:00Z,16.4,0.0,76.0,15.7,observed
2025-03-26T05:00:00Z,16.5,0.0,74.0,11.9,observed
2025-03-26T06:00:00Z,19.7,0.0,68.0,13.7,observed
2025-03-26T07:00:00Z,21.1,0.0,68.0,8.9,observed
2025-03-26T08:00:00Z,23.2,0.0,55.0,17.4,observed
2025-03-26T09:00:00Z,22.7,0.0,56.0,13.9,observed
2025-03-26T10:00:00Z,24.5,0.0,53.0,7.2,observed
2025-03-26T11:00:00Z,24.8,0.0,52.0,6.4,observed
2025-03-26T12:00:00Z,23.8,0.0,59.0,7.3,observed
2025-03-26T13:00:00Z,25.3,0.0,54.0,10.4,observed
2025-03-26T14:00:00Z,24.7,0.0,,14.3,observed
26/03/2025 15:00,22.6,0.0,60.0,13.4,observed
2025-03-26T16:00:00Z,,0.0,49.0,19.3,observed
2025-03-26T17:00:00Z,20.4,0.0,72.0,9.0,observed
2025-03-26T18:00:00Z,19.4,0.0,79.0,6.4,observed
2025-03-26T19:00:00Z,17.4,0.0,74.0,6.3,observed
2025-03-26T20:00:00Z,15.1,0.0,78.0,18.0,observed
2025-03-26T21:00:00Z,15.7,0.0,75.0,16.8,observed
2025-03-26T22:00:00Z,15.5,0.0,79.0,7.7,observed
2025-03-26T23:00:00Z,14.4,0.0,73.0,10.9,observed
2025-03-27T00:00:00Z,14.0,0.0,85.0,9.0,observed
2025-03-27T01:00:00Z,15.6,0.0,85.0,11.2,observed
2025-03-27T02:00:00Z,14.8,0.0,78.0,9.2,observed
2025-03-27T03:00:00Z,15.5,0.0,74.0,16.7,observed
2025-03-27T04:00:00Z,16.8,0.0,68.0,10.3,observed
2025-03-27T05:00:00Z,19.7,0.0,72.0,11.4,observed
2025-03-27T06:00:00Z,20.5,0.0,69.0,12.7,observed
2025-03-27T07:00:00Z,21.6,0.0,62.0,9.5,observed
2025-03-27T08:00:00Z,20.3,2.5,78.0,8.7,observed
2025-03-27T09:00:00Z,23.5,0.0,68.0,12.5,observed
2025-03-27T10:00:00Z,25.9,0.0,50.0,10.5,observed
2025-03-27T11:00:00Z,24.0,3.5,74.0,12.3,observed
2025-03-27T12:00:00Z,25.8,0.3,57.0,7.2,observed
2025-03-27T13:00:00Z,23.9,0.8,74.0,7.4,observed
2025-03-27T14:00:00Z,24.7,0.0,56.0,18.0,observed
2025-03-27T15:00:00Z,21.4,6.4,73.0,16.3,observed
2025-03-27T16:00:00Z,22.3,0.0,61.0,11.9,observed
2025-03-27T17:00:00Z,19.4,8.5,80.0,14.8,observed
2025-03-27T18:00:00Z,20.0,0.0,54.0,11.4,observed
2025-03-27T19:00:00Z,17.9,2.2,90.0,7.8,observed
2025-03-27T20:00:00Z,17.4,0.0,65.0,13.8,observed
2025-03-27T21:00:00Z,17.7,0.0,69.0,12.2,observed
2025-03-27T22:00:00Z,16.1,0.0,71.0,9.9,observed
2025-03-27T23:00:00Z,16.5,0.0,73.0,9.2,observed
2025-03-28T00:00:00Z,16.2,0.0,69.0,8.7,observed
2025-03-28T01:00:00Z,16.5,0.0,70.0,12.2,observed
2025-03-28T02:00:00Z,16.2,0.0,70.0,7.1,observed
28/03/2025 03:00,17.6,0.0,70.0,10.2,observed
2025-03-28T04:00:00Z,18.2,0.0,69.0,13.8,observed
2025-03-28T05:00:00Z,19.7,0.0,62.0,9.4,observed
2025-03-28T06:00:00Z,22.4,0.0,60.0,4.3,observed
2025-03-28T07:00:00Z,22.9,0.0,65.0,15.7,observed
2025-03-28T08:00:00Z,21.7,4.0,83.0,7.4,observed
2025-03-28T09:00:00Z,25.1,0.0,,16.6,observed
2025-03-28T10:00:00Z,26.3,0.0,41.0,8.8,observed
2025-03-28T11:00:00Z,27.1,0.0,48.0,7.3,observed
2025-03-28T12:00:00Z,27.2,0.0,48.0,6.0,observed
2025-03-28T13:00:00Z,25.9,0.0,50.0,6.1,observed
2025-03-28T14:00:00Z,25.4,0.0,52.0,3.4,observed
2025-03-28T15:00:00Z,26.5,0.0,54.0,9.6,observed
2025-03-28T17:00:00Z,23.7,0.0,63.0,14.6,observed
2025-03-28T18:00:00Z,21.4,0.0,63.0,4.4,observed
2025-03-28T19:00:00Z,20.6,0.0,70.0,11.9,observed
2025-03-28T20:00:00Z,18.3,0.0,65.0,5.6,observed
2025-03-28T21:00:00Z,17.1,0.0,75.0,5.2,observed
2025-03-28T22:00:00Z,15.5,0.0,73.0,13.5,observed
2025-03-28T23:00:00Z,14.9,0.0,76.0,8.1,observed
2025-03-29T00:00:00Z,13.5,0.0,80.0,8.9,observed
2025-03-29T01:00:00Z,14.9,0.0,77.0,5.0,observed
2025-03-29T02:00:00Z,15.0,0.0,76.0,15.6,observed
2025-03-29T03:00:00Z,16.1,0.0,82.0,5.7,observed
2025-03-29T04:00:00Z,17.6,0.0,76.0,6.1,observed
2025-03-29T05:00:00Z,,0.0,76.0,17.4,observed
2025-03-29T06:00:00Z,20.0,0.0,59.0,15.2,observed
29/03/2025 07:00,20.9,0.0,53.0,10.1,observed
2025-03-29T08:00:00Z,22.5,0.0,58.0,16.2,observed
2025-03-29T09:00:00Z,23.9,0.0,51.0,12.2,observed
2025-03-29T10:00:00Z,24.0,0.0,48.0,17.0,observed
2025-03-29T11:00:00Z,24.2,0.0,58.0,12.2,observed
2025-03-29T12:00:00Z,25.2,-9999.0,,6.0,observed
2025-03-29T13:00:00Z,25.7,0.0,54.0,18.1,observed
2025-03-29T14:00:00Z,24.6,0.0,,8.6,observed
2025-03-29T15:00:00Z,23.8,0.0,52.0,6.5,observed
2025-03-29T16:00:00Z,23.0,0.0,60.0,9.7,observed
2025-03-29T17:00:00Z,21.4,0.0,57.0,22.9,observed
2025-03-29T18:00:00Z,19.5,0.0,70.0,13.0,observed
29/03/2025 19:00,18.7,0.0,60.0,6.7,observed
2025-03-29T20:00:00Z,17.1,0.0,77.0,20.6,observed
29/03/2025 21:00,16.3,0.0,,15.0,observed
2025-03-29T22:00:00Z,15.0,0.0,82.0,9.5,observed
2025-03-29T23:00:00Z,14.4,0.0,82.0,8.5,observed
2025-03-30T00:00:00Z,14.3,0.0,84.0,20.8,observed
30/03/2025 01:00,14.7,0.0,78.0,8.3,observed
2025-03-30T02:00:00Z,15.3,0.0,74.0,10.2,observed
2025-03-30T03:00:00Z,16.3,0.0,77.0,4.2,observed
2025-03-30T04:00:00Z,17.1,0.0,68.0,3.8,observed
2025-03-30T05:00:00Z,17.8,0.0,70.0,11.7,observed
2025-03-30T06:00:00Z,19.8,0.0,57.0,17.1,observed
2025-03-30T07:00:00Z,21.5,0.0,62.0,6.5,observed
2025-03-30T08:00:00Z,22.7,0.0,56.0,7.9,observed
2025-03-30T09:00:00Z,23.9,0.0,59.0,10.1,observed
2025-03-30T11:00:00Z,22.7,4.9,77.0,7.5,observed
2025-03-30T12:00:00Z,22.1,3.6,70.0,11.8,observed
2025-03-30T13:00:00Z,24.1,12.3,64.0,16.9,observed
2025-03-30T14:00:00Z,24.9,0.0,48.0,4.2,observed
2025-03-30T15:00:00Z,22.0,2.2,80.0,8.7,observed
30/03/2025 16:00,20.7,1.1,72.0,17.4,observed
2025-03-30T17:00:00Z,18.3,0.7,85.0,8.3,observed
2025-03-30T18:00:00Z,20.0,0.0,64.0,14.0,observed
2025-03-30T19:00:00Z,18.3,0.0,69.0,7.4,observed
2025-03-30T20:00:00Z,16.5,0.0,73.0,7.5,observed
2025-03-30T21:00:00Z,16.2,0.0,69.0,10.3,observed
30/03/2025 22:00,16.7,0.0,75.0,18.3,observed
2025-03-30T23:00:00Z,15.1,0.0,83.0,10.1,observed
2025-03-31T00:00:00Z,15.0,0.0,78.0,8.1,observed
2025-03-31T01:00:00Z,15.7,0.0,81.0,8.9,observed
2025-03-31T02:00:00Z,16.1,0.0,75.0,7.4,observed
2025-03-31T03:00:00Z,16.9,0.0,67.0,9.3,observed
2025-03-31T04:00:00Z,17.8,0.0,75.0,14.7,observed
2025-03-31T05:00:00Z,20.1,0.0,68.0,8.9,observed
2025-03-31T06:00:00Z,20.6,0.0,66.0,15.1,observed
2025-03-31T07:00:00Z,21.6,0.0,,10.6,observed
2025-03-31T08:00:00Z,23.1,0.0,63.0,16.4,observed
2025-03-31T09:00:00Z,24.6,0.0,56.0,19.3,observed
2025-03-31T10:00:00Z,25.6,0.0,52.0,15.7,observed
2025-03-31T11:00:00Z,25.6,0.0,58.0,9.4,observed
2025-03-31T12:00:00Z,26.1,0.0,54.0,5.7,observed
2025-03-31T13:00:00Z,25.7,0.0,52.0,7.8,observed
2025-03-31T14:00:00Z,24.5,0.0,47.0,10.5,observed
2025-03-31T15:00:00Z,23.7,0.0,56.0,4.6,observed
31/03/2025 16:00,24.4,0.0,,6.3,observed
2025-03-31T17:00:00Z,22.6,0.0,55.0,14.3,observed
2025-03-31T18:00:00Z,20.2,0.0,64.0,11.3,observed
2025-03-31T19:00:00Z,18.9,0.0,75.0,10.5,observed
2025-03-31T20:00:00Z,18.1,0.0,63.0,11.4,observed
2025-03-31T21:00:00Z,16.5,0.0,71.0,17.1,observed
2025-03-31T22:00:00Z,15.2,0.0,76.0,15.6,observed
31/03/2025 23:00,14.5,0.0,79.0,10.3,observed
2025-04-01T00:00:00Z,13.4,0.0,85.0,5.8,observed
2025-04-01T01:00:00Z,14.4,0.0,83.0,7.9,observed
2025-04-01T02:00:00Z,15.8,0.0,73.0,9.9,observed
2025-04-01T03:00:00Z,16.1,0.0,75.0,12.5,observed
2025-04-01T04:00:00Z,17.1,0.0,66.0,9.1,observed
2025-04-01T05:00:00Z,19.3,0.0,70.0,4.2,observed
2025-04-01T06:00:00Z,20.5,0.0,60.0,11.5,observed
2025-04-01T07:00:00Z,20.4,0.0,62.0,8.7,observed
2025-04-01T08:00:00Z,22.6,0.0,58.0,13.8,observed
2025-04-01T09:00:00Z,23.6,0.0,56.0,9.4,observed
2025-04-01T10:00:00Z,25.1,0.0,55.0,9.4,observed
2025-04-01T11:00:00Z,22.2,0.7,78.0,5.4,observed
2025-04-01T12:00:00Z,25.5,-9999.0,54.0,8.9,observed
2025-04-01T13:00:00Z,24.4,0.0,55.0,13.9,observed
2025-04-01T14:00:00Z,22.4,1.9,75.0,6.6,observed
2025-04-01T15:00:00Z,21.8,1.9,72.0,8.5,observed
2025-04-01T16:00:00Z,20.2,5.1,81.0,11.7,observed
2025-04-01T17:00:00Z,21.3,0.0,54.0,5.3,observed
2025-04-01T18:00:00Z,20.4,0.0,68.0,17.9,observed
2025-04-01T19:00:00Z,18.5,0.0,63.0,10.5,observed
2025-04-01T20:00:00Z,16.5,0.0,62.0,12.3,observed
2025-04-01T21:00:00Z,15.7,0.0,73.0,7.9,observed
2025-04-01T22:00:00Z,15.2,0.0,87.0,16.3,observed
01/04/2025 23:00,15.3,0.0,71.0,12.6,observed
2025-04-02T00:00:00Z,14.6,0.0,87.0,8.9,observed
2025-04-02T01:00:00Z,14.5,0.0,80.0,11.7,observed
2025-04-02T02:00:00Z,15.4,0.0,67.0,10.1,observed
2025-04-02T03:00:00Z,16.5,0.0,78.0,9.5,observed
2025-04-02T04:00:00Z,17.2,0.0,69.0,10.3,observed
02/04/2025 05:00,18.9,0.0,70.0,8.7,observed
2025-04-02T06:00:00Z,20.7,-9999.0,54.0,15.3,observed
2025-04-02T07:00:00Z,22.2,0.0,65.0,14.9,observed
2025-04-02T08:00:00Z,23.1,0.0,66.0,7.7,observed
2025-04-02T09:00:00Z,24.3,0.0,43.0,4.5,observed
02/04/2025 10:00,24.3,0.0,62.0,13.8,observed
2025-04-02T11:00:00Z,25.7,0.0,58.0,12.5,observed
2025-04-02T12:00:00Z,26.2,0.0,51.0,11.1,observed
2025-04-02T13:00:00Z,25.3,0.0,52.0,14.2,observed
2025-04-02T14:00:00Z,25.3,0.0,55.0,7.0,observed
2025-04-02T15:00:00Z,22.5,4.4,80.0,10.4,observed
2025-04-02T16:00:00Z,22.0,0.0,54.0,11.8,observed
02/04/2025 17:00,20.1,5.1,79.0,3.5,observed
2025-04-02T18:00:00Z,20.4,0.0,65.0,10.4,observed
2025-04-02T19:00:00Z,19.0,0.0,64.0,10.8,observed
2025-04-02T20:00:00Z,17.3,0.0,71.0,9.4,observed
2025-04-02T22:00:00Z,12.4,-9999.0,87.0,11.4,observed
2025-04-02T23:00:00Z,11.8,0.0,88.0,15.5,observed
2025-04-03T00:00:00Z,12.0,0.0,80.0,7.4,observed
2025-04-03T01:00:00Z,10.9,0.0,88.0,11.9,observed
2025-04-03T02:00:00Z,12.4,0.0,87.0,5.1,observed
2025-04-03T03:00:00Z,12.5,0.0,84.0,11.2,observed
2025-04-03T04:00:00Z,13.5,0.0,71.0,5.9,observed
2025-04-03T05:00:00Z,16.4,0.0,66.0,12.7,observed
2025-04-03T06:00:00Z,16.7,0.0,67.0,5.4,observed
2025-04-03T07:00:00Z,19.2,0.0,63.0,10.0,observed
03/04/2025 08:00,20.1,0.0,66.0,6.8,observed
2025-04-03T09:00:00Z,20.5,0.0,58.0,10.8,observed
2025-04-03T10:00:00Z,21.3,0.0,66.0,7.2,observed
03/04/2025 11:00,23.1,0.0,48.0,16.6,observed
2025-04-03T12:00:00Z,23.1,0.0,57.0,9.2,observed
2025-04-03T13:00:00Z,22.8,0.0,59.0,7.7,observed
2025-04-03T14:00:00Z,22.3,0.0,69.0,11.5,observed
2025-04-03T15:00:00Z,21.5,0.0,58.0,13.7,observed
2025-04-03T16:00:00Z,20.4,0.0,56.0,13.2,observed
2025-04-03T17:00:00Z,18.8,0.0,77.0,10.5,observed
03/04/2025 18:00,16.8,0.0,65.0,5.0,observed
2025-04-03T19:00:00Z,15.3,0.0,,13.2,observed
2025-04-03T20:00:00Z,15.1,0.0,83.0,7.0,observed
2025-04-03T21:00:00Z,14.6,0.0,75.0,18.9,observed
2025-04-03T22:00:00Z,13.9,0.0,80.0,19.3,observed
2025-04-03T23:00:00Z,13.1,0.0,75.0,10.9,observed
2025-04-04T00:00:00Z,13.0,0.0,81.0,10.0,observed
2025-04-04T01:00:00Z,13.3,0.0,87.0,10.8,observed
2025-04-04T02:00:00Z,13.3,0.0,80.0,9.1,observed
2025-04-04T03:00:00Z,14.7,0.0,72.0,9.8,observed
2025-04-04T04:00:00Z,15.0,0.0,68.0,6.8,observed
2025-04-04T05:00:00Z,16.0,0.0,74.0,20.1,observed
04/04/2025 06:00,17.7,0.0,69.0,7.3,observed
2025-04-04T07:00:00Z,20.1,0.0,61.0,12.5,observed
2025-04-04T08:00:00Z,21.2,0.0,56.0,3.9,observed
2025-04-04T09:00:00Z,22.0,0.0,60.0,11.2,observed
2025-04-04T09:00:00Z,21.3,0.0,60.0,11.2,observed
2025-04-04T10:00:00Z,22.6,0.0,54.0,8.3,observed
04/04/2025 11:00,24.1,0.0,52.0,15.4,observed
2025-04-04T12:00:00Z,22.7,0.0,52.0,17.4,observed
2025-04-04T13:00:00Z,23.7,0.0,62.0,13.2,observed
04/04/2025 14:00,23.5,0.0,60.0,14.6,observed
2025-04-04T15:00:00Z,22.8,0.0,63.0,13.2,observed
2025-04-04T16:00:00Z,21.0,0.0,64.0,18.7,observed
2025-04-04T17:00:00Z,19.9,0.0,68.0,7.5,observed
2025-04-04T18:00:00Z,18.1,0.0,69.0,6.3,observed
2025-04-04T19:00:00Z,16.8,0.0,72.0,16.0,observed
04/04/2025 20:00,15.5,0.0,87.0,17.1,observed
2025-04-04T21:00:00Z,13.0,0.0,81.0,14.3,observed
2025-04-04T22:00:00Z,11.7,0.0,92.0,7.3,observed
04/04/2025 23:00,11.2,0.0,77.0,9.9,observed
2025-04-05T00:00:00Z,11.1,0.0,76.0,7.2,observed
2025-04-05T01:00:00Z,11.2,0.0,88.0,18.2,observed
2025-04-05T02:00:00Z,12.9,0.0,87.0,10.3,observed
2025-04-05T03:00:00Z,13.7,0.0,78.0,3.9,observed
2025-04-05T04:00:00Z,13.6,0.0,85.0,13.3,observed
2025-04-05T05:00:00Z,14.8,0.0,79.0,10.1,observed
2025-04-05T06:00:00Z,17.5,0.0,76.0,12.5,observed
2025-04-05T07:00:00Z,18.5,0.0,62.0,15.6,observed
2025-04-05T08:00:00Z,20.5,0.0,58.0,4.0,observed
2025-04-05T09:00:00Z,20.9,0.0,68.0,6.7,observed
2025-04-05T10:00:00Z,21.4,0.0,64.0,19.4,observed
05/04/2025 11:00,22.3,0.0,56.0,10.4,observed
2025-04-05T12:00:00Z,23.3,0.0,53.0,10.8,observed
2025-04-05T13:00:00Z,22.1,0.0,68.0,11.4,observed
2025-04-05T14:00:00Z,23.3,0.0,57.0,7.6,observed
2025-04-05T15:00:00Z,20.9,0.0,60.0,14.2,observed
2025-04-05T16:00:00Z,19.0,0.0,69.0,9.4,observed
2025-04-05T17:00:00Z,18.6,0.0,57.0,25.4,observed
2025-04-05T18:00:00Z,17.3,0.0,66.0,9.9,observed
2025-04-05T19:00:00Z,15.0,0.0,68.0,13.5,observed
2025-04-05T20:00:00Z,13.8,0.0,79.0,12.8,observed
2025-04-05T21:00:00Z,12.1,0.0,90.0,17.2,observed
05/04/2025 22:00,11.2,0.0,87.0,8.5,observed
05/04/2025 23:00,10.9,0.0,91.0,6.5,observed
2025-04-06T00:00:00Z,10.4,0.0,85.0,6.3,observed
2025-04-06T01:00:00Z,10.6,0.0,83.0,13.2,observed
2025-04-06T02:00:00Z,11.2,0.0,84.0,13.2,observed
2025-04-06T03:00:00Z,12.2,0.0,82.0,10.4,observed
2025-04-06T04:00:00Z,12.7,0.0,83.0,23.6,observed
2025-04-06T05:00:00Z,14.6,0.0,84.0,9.7,observed
2025-04-06T06:00:00Z,16.1,0.0,86.0,10.1,observed
2025-04-06T07:00:00Z,17.8,0.0,73.0,8.7,observed
2025-04-06T08:00:00Z,18.9,0.0,73.0,8.9,observed
2025-04-06T09:00:00Z,19.3,0.0,69.0,6.0,observed
06/04/2025 10:00,20.9,0.0,68.0,5.1,observed
06/04/2025 11:00,21.4,0.0,65.0,6.5,observed
2025-04-06T12:00:00Z,,0.0,67.0,8.7,observed
2025-04-06T13:00:00Z,21.7,0.0,66.0,4.5,observed
2025-04-06T14:00:00Z,20.7,0.0,67.0,14.7,observed
2025-04-06T15:00:00Z,19.3,0.0,77.0,6.1,observed
2025-04-06T16:00:00Z,18.8,0.0,68.0,15.9,observed
2025-04-06T17:00:00Z,17.2,0.0,80.0,6.8,observed
2025-04-06T18:00:00Z,16.0,0.0,76.0,12.0,observed
2025-04-06T19:00:00Z,14.2,0.0,76.0,8.3,observed
2025-04-06T20:00:00Z,13.3,0.0,80.0,9.5,observed
2025-04-06T21:00:00Z,13.4,0.0,77.0,9.1,observed
2025-04-06T22:00:00Z,11.9,0.0,84.0,7.7,observed
2025-04-06T23:00:00Z,11.0,0.0,89.0,10.2,observed
2025-04-07T00:00:00Z,11.4,0.0,86.0,10.8,observed
2025-04-07T01:00:00Z,10.8,0.0,87.0,10.4,observed
2025-04-07T02:00:00Z,11.9,0.0,90.0,9.0,observed
2025-04-07T03:00:00Z,13.7,0.0,80.0,16.1,observed
2025-04-07T04:00:00Z,13.7,0.0,73.0,8.8,observed
2025-04-07T05:00:00Z,14.8,0.0,74.0,5.4,observed
07/04/2025 06:00,16.7,0.0,71.0,10.1,observed
07/04/2025 07:00,17.5,0.0,74.0,13.4,observed
2025-04-07T09:00:00Z,20.7,0.0,65.0,9.8,observed
2025-04-07T10:00:00Z,21.2,0.0,60.0,7.9,observed
2025-04-07T11:00:00Z,23.1,0.0,52.0,16.6,observed
2025-04-07T12:00:00Z,22.8,0.0,53.0,9.3,observed
2025-04-07T13:00:00Z,22.0,0.0,52.0,18.1,observed
2025-04-07T14:00:00Z,20.9,0.0,65.0,9.1,observed
2025-04-07T15:00:00Z,20.3,0.0,64.0,13.4,observed
2025-04-07T16:00:00Z,18.1,0.0,67.0,15.0,observed
2025-04-07T17:00:00Z,18.0,0.0,69.0,13.1,observed
2025-04-07T18:00:00Z,17.3,0.0,62.0,8.0,observed
2025-04-07T19:00:00Z,15.3,0.0,80.0,8.7,observed
2025-04-07T20:00:00Z,15.0,0.0,82.0,11.5,observed
07/04/2025 21:00,13.4,0.0,83.0,7.0,observed
2025-04-07T22:00:00Z,12.4,0.0,82.0,11.3,observed
2025-04-07T23:00:00Z,12.1,0.0,83.0,12.4,observed
2025-04-08T00:00:00Z,11.1,0.0,87.0,11.7,observed
2025-04-08T01:00:00Z,11.5,0.0,93.0,13.7,observed
2025-04-08T02:00:00Z,12.8,0.0,78.0,11.4,observed
2025-04-08T03:00:00Z,13.3,0.0,79.0,11.8,observed
2025-04-08T04:00:00Z,13.5,0.0,72.0,7.9,observed
2025-04-08T05:00:00Z,15.3,0.0,77.0,12.8,observed
2025-04-08T06:00:00Z,16.5,0.0,74.0,17.1,observed
2025-04-08T07:00:00Z,18.1,0.0,69.0,5.2,observed
2025-04-08T08:00:00Z,20.3,0.0,67.0,19.1,observed
2025-04-08T09:00:00Z,20.5,0.0,67.0,13.5,observed
2025-04-08T10:00:00Z,22.1,0.0,61.0,9.9,observed
2025-04-08T11:00:00Z,22.7,0.0,60.0,14.9,observed
2025-04-08T12:00:00Z,22.2,0.0,53.0,10.3,observed
2025-04-08T14:00:00Z,21.6,0.0,58.0,8.4,observed
2025-04-08T15:00:00Z,18.1,3.0,82.0,7.6,observed
08/04/2025 16:00,17.7,1.4,87.0,8.9,observed
2025-04-08T17:00:00Z,17.8,0.0,65.0,10.3,observed
2025-04-08T19:00:00Z,15.9,0.0,77.0,8.9,observed
2025-04-08T20:00:00Z,14.2,0.0,77.0,9.4,observed
2025-04-08T21:00:00Z,14.9,0.0,77.0,6.3,observed
2025-04-08T22:00:00Z,13.3,0.0,72.0,8.1,observed
2025-04-08T23:00:00Z,12.0,0.0,83.0,12.3,observed
2025-04-09T00:00:00Z,12.5,0.0,84.0,8.7,observed
2025-04-09T01:00:00Z,12.1,0.0,83.0,19.3,observed
2025-04-09T02:00:00Z,13.2,0.0,86.0,13.5,observed
2025-04-09T03:00:00Z,13.6,0.0,85.0,10.1,observed
2025-04-09T04:00:00Z,15.5,0.0,78.0,6.4,observed
2025-04-09T05:00:00Z,15.6,0.0,67.0,9.7,observed
2025-04-09T06:00:00Z,16.8,0.0,77.0,9.8,observed
2025-04-09T07:00:00Z,17.6,0.0,,12.2,observed
2025-04-09T08:00:00Z,19.9,0.0,63.0,12.1,observed
09/04/2025 09:00,20.8,0.0,58.0,24.8,observed
2025-04-09T10:00:00Z,21.8,0.0,65.0,10.0,observed
2025-04-09T11:00:00Z,22.7,0.0,54.0,8.1,observed
2025-04-09T12:00:00Z,23.4,0.0,59.0,11.3,observed
2025-04-09T13:00:00Z,22.9,0.0,49.0,5.3,observed
2025-04-09T14:00:00Z,22.1,0.0,57.0,16.0,observed
2025-04-09T15:00:00Z,21.4,0.0,57.0,13.2,observed
2025-04-09T16:00:00Z,20.2,0.0,66.0,15.1,observed
2025-04-09T17:00:00Z,19.3,0.0,71.0,10.4,observed
2025-04-09T18:00:00Z,18.0,0.0,65.0,14.3,observed
2025-04-09T19:00:00Z,17.3,0.0,66.0,5.8,observed
2025-04-09T20:00:00Z,15.0,0.0,86.0,13.2,observed
2025-04-09T21:00:00Z,12.9,0.0,89.0,4.6,observed
2025-04-09T22:00:00Z,10.7,0.0,90.0,9.2,observed
2025-04-09T23:00:00Z,10.3,0.0,93.0,12.3,observed
2025-04-10T00:00:00Z,10.4,0.0,87.0,8.4,observed
2025-04-10T01:00:00Z,10.5,0.0,84.0,5.4,observed
2025-04-10T02:00:00Z,10.1,0.0,84.0,7.5,observed
2025-04-10T03:00:00Z,12.3,0.0,89.0,4.0,observed
2025-04-10T04:00:00Z,12.5,0.0,88.0,10.7,observed
2025-04-10T05:00:00Z,13.8,0.0,77.0,12.2,observed
2025-04-10T06:00:00Z,16.7,0.0,74.0,4.7,observed
2025-04-10T07:00:00Z,15.9,0.0,,9.9,observed
2025-04-10T08:00:00Z,17.5,0.0,72.0,4.6,observed
2025-04-10T09:00:00Z,19.6,0.0,62.0,14.4,observed
2025-04-10T10:00:00Z,19.3,0.0,69.0,9.8,observed
2025-04-10T11:00:00Z,21.4,0.0,58.0,6.1,observed
2025-04-10T12:00:00Z,21.6,0.0,57.0,22.9,observed
2025-04-10T13:00:00Z,22.3,0.0,60.0,5.0,observed
2025-04-10T14:00:00Z,20.2,0.0,56.0,13.9,observed
2025-04-10T15:00:00Z,19.7,0.0,64.0,9.9,observed
2025-04-10T16:00:00Z,18.3,0.0,65.0,19.1,observed
2025-04-10T17:00:00Z,17.5,0.0,77.0,10.4,observed
2025-04-10T18:00:00Z,15.6,0.0,76.0,5.9,observed
2025-04-10T19:00:00Z,14.9,0.0,84.0,8.4,observed
10/04/2025 20:00,13.9,0.0,77.0,9.0,observed
2025-04-10T21:00:00Z,11.1,0.0,85.0,9.1,observed
2025-04-10T22:00:00Z,11.2,0.0,89.0,11.1,observed
2025-04-10T23:00:00Z,10.8,0.0,93.0,8.5,observed
2025-04-11T00:00:00Z,9.9,0.0,90.0,7.3,observed
2025-04-11T01:00:00Z,10.8,0.0,82.0,7.5,observed
2025-04-11T02:00:00Z,11.8,0.0,88.0,4.5,observed
2025-04-11T03:00:00Z,12.5,0.0,84.0,19.6,observed
2025-04-11T04:00:00Z,13.3,0.0,84.0,18.7,observed
2025-04-11T05:00:00Z,14.8,0.0,74.0,11.1,observed
2025-04-11T06:00:00Z,15.4,0.0,78.0,7.0,observed
2025-04-11T07:00:00Z,16.9,0.0,71.0,4.9,observed
2025-04-11T08:00:00Z,19.0,0.0,63.0,7.0,observed
2025-04-11T09:00:00Z,19.9,0.0,63.0,6.0,observed
2025-04-11T10:00:00Z,21.1,0.0,63.0,9.0,observed
2025-04-11T11:00:00Z,20.9,0.0,62.0,6.9,observed
2025-04-11T12:00:00Z,22.1,0.0,60.0,8.3,observed
2025-04-11T13:00:00Z,20.9,0.0,64.0,7.0,observed
2025-04-11T14:00:00Z,20.3,0.0,56.0,10.2,observed
2025-04-11T15:00:00Z,20.9,0.0,66.0,12.4,observed
11/04/2025 16:00,18.0,0.0,73.0,9.9,observed
2025-04-11T17:00:00Z,16.7,0.0,73.0,7.6,observed
11/04/2025 18:00,15.0,0.0,80.0,9.8,observed
2025-04-11T19:00:00Z,14.0,0.0,82.0,9.6,observed
2025-04-11T20:00:00Z,13.3,0.0,,14.9,observed
2025-04-11T21:00:00Z,14.5,0.0,83.0,14.6,observed
11/04/2025 22:00,13.7,0.0,81.0,6.6,observed
2025-04-11T23:00:00Z,12.6,0.0,90.0,15.0,observed
2025-04-12T00:00:00Z,13.1,0.0,78.0,13.8,observed
12/04/2025 01:00,12.8,0.0,83.0,17.5,observed
2025-04-12T02:00:00Z,13.1,0.0,84.0,8.4,observed
2025-04-12T03:00:00Z,14.4,0.0,71.0,9.6,observed
2025-04-12T04:00:00Z,15.3,0.0,77.0,12.8,observed
2025-04-12T05:00:00Z,17.8,0.0,73.0,8.5,observed
12/04/2025 06:00,18.3,0.0,71.0,10.9,observed
2025-04-12T07:00:00Z,19.2,0.0,68.0,12.7,observed
2025-04-12T08:00:00Z,21.7,0.0,65.0,4.9,observed
2025-04-12T09:00:00Z,22.4,0.0,60.0,5.6,observed
2025-04-12T10:00:00Z,23.2,0.0,61.0,12.4,observed
2025-04-12T11:00:00Z,23.1,0.0,61.0,15.0,observed
2025-04-12T12:00:00Z,24.3,0.0,63.0,14.3,observed
2025-04-12T13:00:00Z,22.8,0.0,56.0,5.2,observed
2025-04-12T14:00:00Z,22.5,0.0,51.0,4.8,observed
2025-04-12T15:00:00Z,22.7,0.0,55.0,4.9,observed
2025-04-12T16:00:00Z,21.2,0.0,60.0,3.6,observed
2025-04-12T17:00:00Z,20.4,0.0,62.0,6.6,observed
2025-04-12T18:00:00Z,18.2,0.0,63.0,9.9,observed
2025-04-12T19:00:00Z,17.1,0.0,69.0,10.8,observed
2025-04-12T20:00:00Z,16.4,0.0,68.0,11.5,observed
2025-04-12T21:00:00Z,14.8,0.0,86.0,6.7,observed
2025-04-12T22:00:00Z,13.1,0.0,83.0,10.5,observed
2025-04-12T23:00:00Z,13.8,0.0,87.0,14.0,observed
2025-04-13T00:00:00Z,13.9,0.0,84.0,9.4,observed
2025-04-13T02:00:00Z,13.9,0.0,77.0,14.9,observed
2025-04-13T03:00:00Z,14.0,0.0,74.0,8.2,observed
2025-04-13T04:00:00Z,16.3,0.0,74.0,4.9,observed
2025-04-13T05:00:00Z,16.5,0.0,78.0,6.0,observed
2025-04-13T06:00:00Z,17.7,0.0,76.0,7.7,observed
2025-04-13T07:00:00Z,20.1,0.0,65.0,14.2,observed
2025-04-13T08:00:00Z,21.6,0.0,49.0,11.1,observed
2025-04-13T09:00:00Z,21.9,0.0,54.0,9.4,observed
2025-04-13T10:00:00Z,23.4,0.0,55.0,13.3,observed
2025-04-13T11:00:00Z,23.2,0.0,58.0,9.3,observed
2025-04-13T12:00:00Z,24.6,0.1,45.0,9.6,observed
2025-04-13T13:00:00Z,21.2,0.9,82.0,13.1,observed
2025-04-13T14:00:00Z,24.1,0.2,50.0,13.1,observed
2025-04-13T15:00:00Z,21.6,0.0,62.0,9.4,observed
2025-04-13T16:00:00Z,21.2,0.3,68.0,10.6,observed
2025-04-13T17:00:00Z,20.0,0.0,65.0,5.2,observed
2025-04-13T18:00:00Z,,0.0,68.0,5.1,observed
2025-04-13T19:00:00Z,17.6,0.1,77.0,5.5,observed
2025-04-13T20:00:00Z,15.2,0.0,75.0,17.3,observed
13/04/2025 21:00,13.9,0.0,75.0,7.7,observed
13/04/2025 22:00,13.0,0.0,74.0,10.0,observed
2025-04-13T23:00:00Z,12.5,0.0,86.0,7.6,observed
2025-04-14T00:00:00Z,12.2,0.0,82.0,5.6,observed
2025-04-14T01:00:00Z,12.2,0.0,98.0,5.7,observed
14/04/2025 02:00,13.1,0.0,83.0,4.9,observed
2025-04-14T03:00:00Z,14.0,0.0,82.0,3.4,observed
2025-04-14T04:00:00Z,14.8,0.0,78.0,11.2,observed
2025-04-14T05:00:00Z,16.6,0.0,64.0,8.6,observed
14/04/2025 06:00,16.7,0.0,68.0,7.6,observed
14/04/2025 07:00,20.4,0.0,66.0,10.4,observed
2025-04-14T08:00:00Z,20.5,0.2,61.0,10.9,observed
2025-04-14T09:00:00Z,21.3,0.0,70.0,16.9,observed
2025-04-14T10:00:00Z,20.7,0.6,78.0,18.0,observed
2025-04-14T11:00:00Z,20.4,0.9,79.0,8.9,observed
2025-04-14T12:00:00Z,21.4,1.7,77.0,16.0,observed
2025-04-14T13:00:00Z,21.4,3.2,84.0,4.6,observed
2025-04-14T14:00:00Z,22.9,0.0,63.0,7.7,observed
14/04/2025 15:00,,0.0,53.0,12.9,observed
2025-04-14T16:00:00Z,21.0,0.0,67.0,5.3,observed
2025-04-14T17:00:00Z,17.7,1.1,86.0,16.2,observed
2025-04-14T18:00:00Z,15.7,3.9,88.0,10.7,observed
2025-04-14T19:00:00Z,15.7,0.0,72.0,13.8,observed
2025-04-14T20:00:00Z,15.0,0.0,86.0,4.0,observed
2025-04-14T21:00:00Z,14.4,0.0,75.0,11.0,observed
2025-04-14T22:00:00Z,13.8,0.0,78.0,12.5,observed
2025-04-14T23:00:00Z,12.8,0.0,78.0,10.6,observed
2025-04-15T00:00:00Z,13.0,0.0,82.0,11.3,observed
2025-04-15T01:00:00Z,12.7,0.0,83.0,15.3,observed
2025-04-15T02:00:00Z,13.0,0.0,82.0,11.1,observed
2025-04-15T03:00:00Z,15.3,0.0,71.0,7.5,observed
2025-04-15T04:00:00Z,15.2,0.0,74.0,12.6,observed
15/04/2025 05:00,17.7,0.0,64.0,5.4,observed
2025-04-15T06:00:00Z,18.9,0.0,66.0,14.8,observed
2025-04-15T07:00:00Z,20.8,0.0,61.0,17.3,observed
2025-04-15T08:00:00Z,19.3,4.4,75.0,18.1,observed
2025-04-15T09:00:00Z,23.4,0.0,58.0,8.6,observed
2025-04-15T10:00:00Z,24.0,0.0,52.0,11.3,observed
2025-04-15T11:00:00Z,24.2,0.1,58.0,20.1,observed
2025-04-15T12:00:00Z,24.2,0.0,52.0,12.1,observed
2025-04-15T13:00:00Z,24.5,0.0,53.0,7.5,observed
2025-04-15T14:00:00Z,21.7,2.2,80.0,10.4,observed
15/04/2025 15:00,19.6,0.9,84.0,5.9,observed
2025-04-15T16:00:00Z,21.7,0.0,69.0,15.8,observed
2025-04-15T17:00:00Z,20.3,0.0,66.0,4.4,observed
2025-04-15T18:00:00Z,18.3,0.0,74.0,11.7,observed
2025-04-15T18:00:00Z,17.6,0.0,74.0,11.7,observed
15/04/2025 19:00,17.8,0.0,67.0,11.2,observed
15/04/2025 20:00,16.2,0.0,76.0,6.9,observed
2025-04-15T21:00:00Z,15.8,0.0,67.0,22.5,observed
2025-04-15T22:00:00Z,13.3,0.0,82.0,6.5,observed
2025-04-15T23:00:00Z,13.3,0.0,82.0,17.4,observed
2025-04-16T00:00:00Z,12.9,0.0,78.0,10.4,observed
2025-04-16T01:00:00Z,13.6,0.0,88.0,15.0,observed
2025-04-16T02:00:00Z,14.5,0.0,85.0,10.0,observed
2025-04-16T03:00:00Z,14.2,0.0,87.0,17.0,observed
2025-04-16T04:00:00Z,15.4,0.0,84.0,6.9,observed
2025-04-16T05:00:00Z,17.2,0.0,81.0,16.9,observed
2025-04-16T06:00:00Z,18.8,0.0,69.0,7.3,observed
2025-04-16T07:00:00Z,20.1,0.0,64.0,11.2,observed
2025-04-16T08:00:00Z,21.7,0.0,66.0,13.9,observed
16/04/2025 09:00,22.2,0.0,61.0,9.9,observed
2025-04-16T10:00:00Z,22.6,0.0,63.0,6.9,observed
2025-04-16T11:00:00Z,23.4,0.0,65.0,10.8,observed
2025-04-16T12:00:00Z,24.3,0.0,57.0,14.1,observed
2025-04-16T13:00:00Z,23.6,0.0,52.0,5.0,observed
2025-04-16T14:00:00Z,23.1,0.0,52.0,15.0,observed
2025-04-16T15:00:00Z,22.6,0.0,57.0,5.5,observed
2025-04-16T18:00:00Z,19.0,0.0,71.0,9.8,observed
2025-04-16T19:00:00Z,17.0,0.0,72.0,18.4,observed
16/04/2025 20:00,16.2,0.0,75.0,9.1,observed
2025-04-16T21:00:00Z,14.5,0.0,77.0,11.9,observed
2025-04-16T22:00:00Z,15.7,0.0,71.0,14.0,observed
2025-04-16T23:00:00Z,14.2,0.0,79.0,14.9,observed
2025-04-17T00:00:00Z,13.8,0.0,74.0,16.7,observed
2025-04-17T01:00:00Z,13.7,0.0,81.0,16.5,observed
2025-04-17T02:00:00Z,14.9,0.0,74.0,10.1,observed
17/04/2025 03:00,15.8,0.0,73.0,8.2,observed
2025-04-17T04:00:00Z,16.8,0.0,71.0,14.8,observed
2025-04-17T05:00:00Z,17.9,0.0,66.0,15.6,observed
2025-04-17T06:00:00Z,20.3,0.0,65.0,8.9,observed
2025-04-17T07:00:00Z,20.3,0.0,73.0,4.8,observed
2025-04-17T08:00:00Z,22.7,0.0,52.0,12.4,observed
2025-04-17T09:00:00Z,23.6,0.0,56.0,13.4,observed
2025-04-17T10:00:00Z,23.9,0.0,57.0,14.8,observed
2025-04-17T11:00:00Z,24.5,0.0,63.0,7.7,observed
2025-04-17T12:00:00Z,24.9,0.0,65.0,9.7,observed
2025-04-17T13:00:00Z,25.0,0.0,54.0,12.5,observed
2025-04-17T14:00:00Z,24.7,0.0,57.0,8.5,observed
2025-04-17T15:00:00Z,23.8,0.0,60.0,8.6,observed
2025-04-17T16:00:00Z,22.1,0.0,64.0,10.9,observed
2025-04-17T17:00:00Z,21.8,0.0,55.0,11.2,observed
2025-04-17T18:00:00Z,20.0,0.0,61.0,7.6,observed
2025-04-17T19:00:00Z,18.0,0.0,73.0,8.7,observed
2025-04-17T20:00:00Z,16.6,0.0,76.0,5.6,observed
2025-04-17T21:00:00Z,15.8,0.0,86.0,7.1,observed
2025-04-17T22:00:00Z,14.2,0.0,78.0,5.4,observed
2025-04-17T23:00:00Z,13.5,0.0,82.0,19.0,observed
2025-04-18T00:00:00Z,13.9,0.0,81.0,14.6,observed
2025-04-18T01:00:00Z,14.4,0.0,81.0,8.0,observed
2025-04-18T02:00:00Z,14.8,0.0,79.0,8.1,observed
2025-04-18T03:00:00Z,15.0,0.0,76.0,10.8,observed
2025-04-18T04:00:00Z,16.4,0.0,75.0,6.2,observed
2025-04-18T05:00:00Z,18.0,0.0,70.0,8.5,observed
2025-04-18T06:00:00Z,19.0,0.0,69.0,8.5,observed
2025-04-18T07:00:00Z,20.9,0.0,62.0,4.4,observed
18/04/2025 08:00,21.4,0.0,61.0,13.7,observed
2025-04-18T09:00:00Z,23.0,0.0,57.0,8.3,observed
2025-04-18T10:00:00Z,23.5,0.0,62.0,16.4,observed
2025-04-18T11:00:00Z,24.8,0.0,43.0,8.7,observed
2025-04-18T12:00:00Z,25.2,0.0,45.0,13.5,observed
2025-04-18T13:00:00Z,24.6,0.0,56.0,10.7,observed
2025-04-18T14:00:00Z,24.9,0.0,60.0,12.6,observed
2025-04-18T15:00:00Z,23.3,0.0,49.0,9.8,observed
2025-04-18T16:00:00Z,22.6,0.0,68.0,8.7,observed
2025-04-18T17:00:00Z,20.1,0.0,70.0,3.7,observed
2025-04-18T18:00:00Z,19.0,0.0,69.0,11.1,observed
2025-04-18T19:00:00Z,17.2,0.0,67.0,7.1,observed
2025-04-18T20:00:00Z,16.2,0.0,66.0,11.3,observed
2025-04-18T21:00:00Z,17.0,0.0,65.0,11.6,observed
2025-04-18T22:00:00Z,16.2,0.0,71.0,7.1,observed
2025-04-18T23:00:00Z,15.7,0.0,77.0,9.3,observed
2025-04-19T00:00:00Z,15.2,0.0,79.0,12.7,observed
2025-04-19T01:00:00Z,15.1,0.0,78.0,6.5,observed
2025-04-19T02:00:00Z,15.2,0.0,80.0,10.2,observed
2025-04-19T03:00:00Z,17.1,0.0,72.0,7.0,observed
2025-04-19T04:00:00Z,17.7,0.0,65.0,8.5,observed
2025-04-19T05:00:00Z,19.6,0.0,68.0,15.3,observed
19/04/2025 06:00,21.4,0.0,64.0,15.7,observed
19/04/2025 07:00,21.7,0.0,66.0,8.0,observed
2025-04-19T08:00:00Z,23.4,0.0,57.0,9.1,observed
2025-04-19T09:00:00Z,25.5,0.0,55.0,11.3,observed
2025-04-19T10:00:00Z,26.4,0.0,47.0,11.1,observed
2025-04-19T12:00:00Z,26.7,0.0,51.0,4.0,observed
2025-04-19T13:00:00Z,25.5,0.0,47.0,8.7,observed
2025-04-19T14:00:00Z,26.1,0.0,48.0,15.3,observed
2025-04-19T15:00:00Z,24.4,0.0,60.0,9.3,observed
19/04/2025 16:00,23.8,0.0,59.0,10.6,observed
2025-04-19T17:00:00Z,22.3,0.0,66.0,13.8,observed
2025-04-19T18:00:00Z,20.8,0.0,66.0,7.0,observed
2025-04-19T19:00:00Z,19.7,0.0,75.0,8.4,observed
2025-04-19T20:00:00Z,18.2,0.0,68.0,16.6,observed
19/04/2025 21:00,16.3,0.0,74.0,16.2,observed
2025-04-19T22:00:00Z,15.5,0.0,75.0,9.3,observed
2025-04-19T23:00:00Z,15.7,0.0,81.0,9.7,observed
20/04/2025 00:00,13.6,0.0,83.0,9.0,observed
2025-04-20T01:00:00Z,15.1,0.0,72.0,16.3,observed
2025-04-20T02:00:00Z,15.8,0.0,75.0,6.3,observed
2025-04-20T03:00:00Z,16.6,0.0,80.0,7.1,observed
2025-04-20T04:00:00Z,17.3,0.0,81.0,16.2,observed
2025-04-20T05:00:00Z,19.9,0.0,65.0,20.7,observed
2025-04-20T06:00:00Z,20.2,0.0,71.0,17.7,observed
2025-04-20T07:00:00Z,22.3,0.0,57.0,9.2,observed
20/04/2025 08:00,23.2,0.0,49.0,12.5,observed
20/04/2025 09:00,24.6,0.0,55.0,8.0,observed
2025-04-20T10:00:00Z,25.0,0.0,50.0,6.3,observed
2025-04-20T11:00:00Z,26.3,0.0,49.0,5.9,observed
2025-04-20T12:00:00Z,25.5,0.0,44.0,18.2,observed
2025-04-20T13:00:00Z,26.1,0.0,54.0,5.1,observed
2025-04-20T14:00:00Z,25.5,0.0,50.0,9.8,observed
2025-04-20T15:00:00Z,24.4,0.0,62.0,9.1,observed
2025-04-20T16:00:00Z,22.9,0.0,51.0,23.7,observed
2025-04-20T17:00:00Z,21.6,0.0,69.0,4.6,observed
2025-04-20T18:00:00Z,19.1,0.0,67.0,20.8,observed
2025-04-20T19:00:00Z,19.1,0.0,69.0,9.6,observed
2025-04-20T20:00:00Z,18.1,0.0,65.0,16.7,observed
2025-04-20T21:00:00Z,16.3,0.0,81.0,9.6,observed
2025-04-20T22:00:00Z,15.8,0.0,76.0,3.8,observed
2025-04-20T23:00:00Z,14.3,0.0,79.0,14.8,observed
2025-04-21T00:00:00Z,14.6,0.0,73.0,12.5,observed
2025-04-21T01:00:00Z,14.7,0.0,84.0,13.3,observed
21/04/2025 02:00,14.6,0.0,70.0,7.6,observed
2025-04-21T03:00:00Z,16.4,0.0,74.0,6.5,observed
2025-04-21T04:00:00Z,17.1,0.0,78.0,10.9,observed
2025-04-21T05:00:00Z,18.2,0.0,63.0,11.1,observed
2025-04-21T06:00:00Z,21.0,0.0,57.0,9.8,observed
21/04/2025 07:00,20.4,0.0,69.0,12.4,observed
2025-04-21T08:00:00Z,22.8,0.0,59.0,6.5,observed
2025-04-21T09:00:00Z,24.1,0.0,58.0,12.7,observed
2025-04-21T10:00:00Z,25.6,0.0,50.0,17.6,observed
2025-04-21T11:00:00Z,25.7,0.0,51.0,5.3,observed
2025-04-21T12:00:00Z,23.7,1.9,65.0,14.0,observed
21/04/2025 13:00,23.7,0.9,69.0,11.3,observed
21/04/2025 14:00,22.5,3.8,69.0,8.9,observed
2025-04-21T15:00:00Z,23.8,0.0,61.0,12.3,observed
2025-04-21T16:00:00Z,23.2,0.0,57.0,4.6,observed
2025-04-21T17:00:00Z,21.4,0.0,57.0,5.4,observed
2025-04-21T18:00:00Z,20.3,0.0,64.0,8.3,observed
2025-04-21T19:00:00Z,18.6,0.0,74.0,16.9,observed
2025-04-21T20:00:00Z,16.9,0.0,61.0,12.6,observed
2025-04-21T21:00:00Z,14.7,0.0,85.0,16.9,observed
2025-04-21T22:00:00Z,14.9,0.0,87.0,22.0,observed
2025-04-21T23:00:00Z,12.5,0.0,87.0,11.7,observed
2025-04-22T00:00:00Z,13.3,0.0,78.0,5.4,observed
2025-04-22T01:00:00Z,13.0,0.0,81.0,5.6,observed
2025-04-22T02:00:00Z,13.3,0.0,79.0,19.2,observed
2025-04-22T03:00:00Z,14.3,0.0,81.0,8.1,observed
2025-04-22T04:00:00Z,16.3,0.0,68.0,7.5,observed
22/04/2025 05:00,17.5,0.0,70.0,7.2,observed
2025-04-22T06:00:00Z,18.3,0.0,69.0,9.0,observed
2025-04-22T07:00:00Z,19.5,0.0,71.0,12.5,observed
2025-04-22T08:00:00Z,20.5,0.0,63.0,21.7,observed
2025-04-22T09:00:00Z,21.5,0.0,55.0,4.2,observed
2025-04-22T10:00:00Z,22.8,0.0,58.0,7.4,observed
2025-04-22T11:00:00Z,23.8,0.0,61.0,10.8,observed
2025-04-22T12:00:00Z,23.7,0.0,55.0,22.8,observed
2025-04-22T13:00:00Z,23.9,0.0,55.0,11.9,observed
2025-04-22T14:00:00Z,23.6,0.0,61.0,8.4,observed
2025-04-22T15:00:00Z,21.1,0.0,59.0,4.1,observed
2025-04-22T16:00:00Z,21.1,0.0,63.0,9.1,observed
2025-04-22T17:00:00Z,19.6,0.0,72.0,14.8,observed
2025-04-22T18:00:00Z,18.5,0.0,70.0,9.2,observed
2025-04-22T19:00:00Z,16.4,0.0,72.0,9.7,observed
2025-04-22T20:00:00Z,15.3,0.0,81.0,11.1,observed
2025-04-22T21:00:00Z,13.5,0.0,87.0,8.8,observed
2025-04-22T22:00:00Z,12.5,0.0,82.0,8.7,observed
2025-04-22T23:00:00Z,11.5,0.0,80.0,7.2,observed
2025-04-23T00:00:00Z,12.4,0.0,79.0,10.3,observed
2025-04-23T01:00:00Z,12.6,0.0,82.0,8.5,observed
2025-04-23T02:00:00Z,12.2,0.0,77.0,11.4,observed
2025-04-23T03:00:00Z,13.9,0.0,80.0,11.2,observed
2025-04-23T03:00:00Z,12.3,0.0,80.0,11.2,observed
2025-04-23T04:00:00Z,16.1,0.0,,4.4,observed
2025-04-23T05:00:00Z,17.0,0.0,74.0,13.1,observed
2025-04-23T06:00:00Z,17.8,0.0,67.0,5.8,observed
23/04/2025 07:00,18.8,0.0,72.0,12.6,observed
2025-04-23T08:00:00Z,20.9,0.0,68.0,11.7,observed
2025-04-23T09:00:00Z,18.9,3.2,77.0,10.4,observed
2025-04-23T10:00:00Z,22.6,0.2,57.0,10.9,observed
2025-04-23T11:00:00Z,22.8,0.0,53.0,6.6,observed
2025-04-23T12:00:00Z,23.0,0.1,55.0,3.9,observed
2025-04-23T13:00:00Z,23.4,0.0,60.0,17.5,observed
2025-04-23T14:00:00Z,22.3,0.0,51.0,17.3,observed
2025-04-23T15:00:00Z,21.1,0.0,66.0,6.4,observed
2025-04-23T16:00:00Z,20.4,0.0,68.0,6.0,observed
23/04/2025 17:00,18.9,0.0,67.0,11.0,observed
2025-04-23T18:00:00Z,15.6,4.3,93.0,11.2,observed
2025-04-23T18:00:00Z,15.2,4.3,93.0,11.2,observed
2025-04-23T19:00:00Z,16.0,0.0,77.0,7.2,observed
2025-04-23T20:00:00Z,15.3,0.0,82.0,9.5,observed
2025-04-23T21:00:00Z,14.3,0.0,83.0,13.2,observed
2025-04-23T22:00:00Z,15.3,0.0,74.0,14.4,observed
2025-04-23T23:00:00Z,13.5,0.0,79.0,7.4,observed
2025-04-24T00:00:00Z,12.5,0.0,81.0,10.1,observed
2025-04-24T01:00:00Z,13.6,0.0,84.0,17.8,observed
2025-04-24T02:00:00Z,14.5,0.0,79.0,15.5,observed
2025-04-24T03:00:00Z,15.1,0.0,73.0,8.7,observed
2025-04-24T04:00:00Z,17.2,0.0,72.0,4.8,observed
2025-04-24T05:00:00Z,17.6,0.0,68.0,14.2,observed
2025-04-24T06:00:00Z,19.8,0.0,62.0,10.0,observed
2025-04-24T07:00:00Z,19.7,0.0,63.0,7.1,observed
2025-04-24T08:00:00Z,21.4,0.0,61.0,9.9,observed
2025-04-24T09:00:00Z,21.7,0.0,60.0,20.6,observed
2025-04-24T10:00:00Z,24.3,0.0,60.0,21.9,observed
2025-04-24T11:00:00Z,24.2,0.0,53.0,9.0,observed
2025-04-24T12:00:00Z,24.7,0.0,45.0,13.8,observed
2025-04-24T14:00:00Z,24.0,0.0,55.0,8.1,observed
2025-04-24T15:00:00Z,23.0,0.0,51.0,13.0,observed
2025-04-24T16:00:00Z,22.2,0.0,59.0,9.7,observed
24/04/2025 17:00,20.6,0.0,67.0,6.7,observed
2025-04-24T18:00:00Z,18.8,0.0,65.0,9.4,observed
2025-04-24T19:00:00Z,17.2,0.0,74.0,10.0,observed
2025-04-24T20:00:00Z,16.6,0.0,76.0,7.3,observed
2025-04-24T21:00:00Z,13.6,0.0,81.0,5.3,observed
2025-04-24T22:00:00Z,13.8,0.0,75.0,8.1,observed
2025-04-24T23:00:00Z,13.2,0.0,80.0,12.5,observed
2025-04-25T00:00:00Z,13.3,0.0,81.0,7.5,observed
2025-04-25T01:00:00Z,12.6,0.0,91.0,7.6,observed
2025-04-25T02:00:00Z,13.8,0.0,78.0,12.1,observed
2025-04-25T03:00:00Z,13.9,0.0,85.0,12.3,observed
25/04/2025 04:00,15.5,0.0,78.0,9.5,observed
2025-04-25T05:00:00Z,16.7,0.0,62.0,7.6,observed
2025-04-25T06:00:00Z,18.4,0.0,67.0,10.2,observed
2025-04-25T07:00:00Z,20.4,0.0,66.0,10.7,observed
2025-04-25T08:00:00Z,20.3,0.0,60.0,4.5,observed
2025-04-25T09:00:00Z,22.0,0.0,53.0,9.1,observed
2025-04-25T10:00:00Z,23.0,0.0,67.0,14.3,observed
2025-04-25T11:00:00Z,24.4,0.0,52.0,8.1,observed
2025-04-25T12:00:00Z,23.0,0.0,43.0,6.9,observed
2025-04-25T13:00:00Z,23.6,0.0,,16.4,observed
2025-04-25T14:00:00Z,22.5,0.0,59.0,4.4,observed
2025-04-25T15:00:00Z,22.9,0.0,56.0,23.8,observed
2025-04-25T16:00:00Z,21.1,0.0,60.0,21.5,observed
2025-04-25T17:00:00Z,19.5,0.0,65.0,14.9,observed
2025-04-25T18:00:00Z,19.2,0.0,67.0,9.4,observed
25/04/2025 19:00,17.0,0.0,72.0,7.8,observed
2025-04-25T20:00:00Z,15.9,0.0,74.0,11.5,observed
2025-04-25T21:00:00Z,16.8,0.0,68.0,17.2,observed
2025-04-25T22:00:00Z,15.2,0.0,68.0,6.5,observed
2025-04-25T23:00:00Z,13.8,0.0,73.0,7.4,observed
2025-04-26T00:00:00Z,14.1,0.0,82.0,7.7,observed
2025-04-26T01:00:00Z,13.6,0.0,79.0,15.8,observed
2025-04-26T02:00:00Z,15.2,0.0,73.0,8.2,observed
2025-04-26T03:00:00Z,15.9,-9999.0,77.0,6.4,observed
2025-04-26T04:00:00Z,15.6,0.0,85.0,8.4,observed
2025-04-26T05:00:00Z,16.9,0.0,75.0,13.4,observed
2025-04-26T06:00:00Z,19.4,0.0,68.0,6.9,observed
2025-04-26T07:00:00Z,20.7,0.0,67.0,12.2,observed
26/04/2025 08:00,21.9,0.0,63.0,16.9,observed
2025-04-26T09:00:00Z,24.0,0.0,61.0,12.0,observed
2025-04-26T10:00:00Z,24.3,0.0,43.0,15.7,observed
2025-04-26T11:00:00Z,24.2,0.0,57.0,8.7,observed
26/04/2025 12:00,22.0,4.5,78.0,3.7,observed
2025-04-26T13:00:00Z,25.3,0.0,51.0,16.4,observed
2025-04-26T14:00:00Z,24.5,0.0,57.0,14.0,observed
2025-04-26T15:00:00Z,24.5,0.0,47.0,4.5,observed
2025-04-26T16:00:00Z,21.8,0.1,63.0,15.7,observed
2025-04-26T18:00:00Z,19.7,0.0,64.0,6.4,observed
2025-04-26T18:00:00Z,22.0,0.0,64.0,6.4,observed
2025-04-26T19:00:00Z,17.6,0.0,78.0,13.0,observed
2025-04-26T20:00:00Z,17.1,0.0,83.0,4.8,observed
26/04/2025 22:00,12.8,0.0,82.0,10.5,observed
2025-04-26T23:00:00Z,12.1,0.0,82.0,15.3,observed
2025-04-27T00:00:00Z,12.3,0.0,82.0,10.6,observed
2025-04-27T01:00:00Z,12.6,0.0,95.0,18.4,observed
2025-04-27T02:00:00Z,12.8,0.0,86.0,17.0,observed
2025-04-27T03:00:00Z,14.2,0.0,79.0,4.3,observed
2025-04-27T04:00:00Z,14.7,0.0,75.0,3.8,observed
2025-04-27T05:00:00Z,16.6,0.0,79.0,8.2,observed
2025-04-27T06:00:00Z,17.7,0.0,75.0,15.6,observed
2025-04-27T07:00:00Z,19.4,0.0,69.0,8.7,observed
2025-04-27T08:00:00Z,19.9,0.0,62.0,7.0,observed
27/04/2025 09:00,21.4,0.0,66.0,7.4,observed
2025-04-27T10:00:00Z,22.4,0.0,47.0,12.1,observed
27/04/2025 11:00,22.8,0.0,55.0,10.3,observed
2025-04-27T12:00:00Z,23.0,0.0,58.0,5.3,observed
2025-04-27T13:00:00Z,23.4,0.0,58.0,12.7,observed
2025-04-27T14:00:00Z,22.4,0.0,,12.5,observed
2025-04-27T15:00:00Z,21.5,-9999.0,59.0,7.7,observed
2025-04-27T16:00:00Z,20.6,0.0,66.0,11.2,observed
2025-04-27T17:00:00Z,19.4,0.0,83.0,7.3,observed
2025-04-27T17:00:00Z,17.9,0.0,83.0,7.3,observed
2025-04-27T18:00:00Z,17.5,0.0,76.0,5.2,observed
27/04/2025 19:00,16.4,0.0,69.0,8.6,observed
27/04/2025 20:00,15.3,0.0,79.0,18.1,observed
2025-04-27T21:00:00Z,14.5,0.0,80.0,17.0,observed
2025-04-27T22:00:00Z,12.5,0.0,90.0,9.6,observed
2025-04-27T23:00:00Z,11.9,0.0,78.0,5.9,observed
2025-04-28T00:00:00Z,11.9,0.0,85.0,7.4,observed
2025-04-28T01:00:00Z,13.5,0.0,74.0,14.1,observed
2025-04-28T02:00:00Z,13.1,0.0,88.0,6.5,observed
2025-04-28T03:00:00Z,13.9,0.0,78.0,7.1,observed
28/04/2025 04:00,14.8,0.0,83.0,5.9,observed
2025-04-28T05:00:00Z,16.6,0.0,71.0,17.2,observed
2025-04-28T06:00:00Z,19.0,0.0,62.0,21.8,observed
2025-04-28T07:00:00Z,18.7,0.0,64.0,13.2,observed
2025-04-28T08:00:00Z,21.0,0.0,60.0,7.0,observed
2025-04-28T09:00:00Z,22.4,0.0,61.0,7.2,observed
2025-04-28T10:00:00Z,23.1,0.0,61.0,5.4,observed
2025-04-28T11:00:00Z,23.3,0.0,56.0,7.0,observed
28/04/2025 12:00,23.8,0.0,52.0,8.9,observed
2025-04-28T13:00:00Z,23.5,0.0,53.0,9.8,observed
2025-04-28T14:00:00Z,22.8,0.0,57.0,13.7,observed
2025-04-28T15:00:00Z,21.5,0.0,59.0,10.1,observed
2025-04-28T16:00:00Z,20.7,0.0,59.0,9.4,observed
2025-04-28T17:00:00Z,19.3,0.0,65.0,15.5,observed
2025-04-28T18:00:00Z,17.7,0.0,73.0,8.1,observed
2025-04-28T19:00:00Z,16.6,0.0,68.0,9.2,observed
2025-04-28T20:00:00Z,15.3,0.0,77.0,17.9,observed
2025-04-28T21:00:00Z,13.8,0.0,89.0,9.2,observed
2025-04-28T22:00:00Z,14.7,0.0,90.0,18.2,observed
2025-04-28T23:00:00Z,14.1,0.0,84.0,7.7,observed
2025-04-29T00:00:00Z,13.1,-9999.0,85.0,12.6,observed
2025-04-29T01:00:00Z,13.6,0.0,88.0,12.2,observed
2025-04-29T02:00:00Z,13.5,0.0,83.0,11.2,observed
2025-04-29T03:00:00Z,15.5,0.0,73.0,12.7,observed
2025-04-29T04:00:00Z,15.2,0.0,79.0,13.2,observed
2025-04-29T05:00:00Z,17.3,0.0,73.0,10.2,observed
2025-04-29T06:00:00Z,19.5,0.0,75.0,23.1,observed
2025-04-29T07:00:00Z,20.6,0.0,67.0,14.4,observed
29/04/2025 08:00,22.0,0.0,62.0,4.8,observed
2025-04-29T09:00:00Z,22.9,0.0,60.0,9.3,observed
2025-04-29T10:00:00Z,24.1,0.0,46.0,10.2,observed
2025-04-29T11:00:00Z,24.1,0.0,67.0,4.3,observed
2025-04-29T13:00:00Z,24.2,0.5,52.0,11.5,observed
2025-04-29T14:00:00Z,24.4,0.0,59.0,5.7,observed
2025-04-29T15:00:00Z,23.0,0.3,54.0,10.0,observed
29/04/2025 16:00,22.1,0.0,58.0,15.8,observed
2025-04-29T17:00:00Z,20.9,0.0,62.0,9.1,observed
2025-04-29T18:00:00Z,19.6,0.0,,5.7,observed
2025-04-29T19:00:00Z,17.2,0.0,64.0,11.0,observed
2025-04-29T20:00:00Z,15.8,0.0,62.0,14.7,observed
2025-04-29T21:00:00Z,16.2,0.0,76.0,8.7,observed
2025-04-29T22:00:00Z,13.5,0.0,78.0,16.8,observed
2025-04-29T23:00:00Z,13.7,0.0,70.0,11.2,observed
2025-04-30T00:00:00Z,13.5,0.0,71.0,7.4,observed
2025-04-30T01:00:00Z,14.2,0.0,70.0,9.1,observed
2025-04-30T02:00:00Z,13.7,0.0,80.0,16.7,observed
2025-04-30T03:00:00Z,15.1,0.0,76.0,15.7,observed
2025-04-30T04:00:00Z,17.1,0.0,69.0,5.6,observed
30/04/2025 05:00,18.1,0.0,67.0,18.8,observed
2025-04-30T06:00:00Z,19.3,0.0,62.0,10.9,observed
2025-04-30T07:00:00Z,20.1,0.0,65.0,13.2,observed
2025-04-30T08:00:00Z,21.0,0.0,56.0,9.6,observed
2025-04-30T09:00:00Z,23.2,0.0,58.0,12.1,observed
2025-04-30T10:00:00Z,22.9,0.0,59.0,8.6,observed
2025-04-30T11:00:00Z,24.8,0.0,46.0,15.6,observed
2025-04-30T13:00:00Z,23.9,0.0,61.0,6.1,observed
2025-04-30T14:00:00Z,24.1,0.0,58.0,8.7,observed
30/04/2025 15:00,22.3,0.0,59.0,10.6,observed
2025-04-30T16:00:00Z,21.1,0.0,53.0,10.1,observed
2025-04-30T17:00:00Z,20.4,0.0,60.0,13.9,observed
2025-04-30T18:00:00Z,19.1,0.0,59.0,8.1,observed
2025-04-30T19:00:00Z,17.6,0.0,69.0,11.2,observed
2025-04-30T20:00:00Z,17.7,0.0,74.0,6.6,observed
30/04/2025 21:00,15.4,0.0,73.0,7.3,observed
30/04/2025 22:00,13.4,0.0,81.0,15.1,observed
2025-04-30T23:00:00Z,13.6,0.0,79.0,6.2,observed
2025-05-01T00:00:00Z,13.3,0.0,86.0,11.7,observed
2025-05-01T01:00:00Z,13.2,0.0,82.0,13.5,observed
2025-05-01T02:00:00Z,13.7,0.0,79.0,16.6,observed
2025-05-01T03:00:00Z,15.6,0.0,72.0,15.4,observed
2025-05-01T04:00:00Z,15.6,0.0,67.0,14.6,observed
2025-05-01T05:00:00Z,18.3,0.0,66.0,20.8,observed
2025-05-01T06:00:00Z,18.7,0.0,66.0,11.3,observed
2025-05-01T07:00:00Z,,0.0,60.0,5.9,observed
2025-05-01T08:00:00Z,21.6,0.0,63.0,12.6,observed
2025-05-01T09:00:00Z,22.0,0.0,61.0,6.1,observed
2025-05-01T10:00:00Z,24.3,0.0,53.0,12.2,observed
2025-05-01T11:00:00Z,24.8,0.0,57.0,19.9,observed
2025-05-01T12:00:00Z,24.7,0.0,49.0,19.7,observed
01/05/2025 12:00,24.2,0.0,49.0,19.7,observed
2025-05-01T13:00:00Z,23.4,0.0,69.0,11.7,observed
2025-05-01T14:00:00Z,24.4,0.0,49.0,19.5,observed
2025-05-01T15:00:00Z,22.6,0.0,64.0,11.4,observed
2025-05-01T16:00:00Z,21.6,0.0,71.0,12.3,observed
2025-05-01T17:00:00Z,19.3,0.0,74.0,17.3,observed
2025-05-01T18:00:00Z,18.6,0.0,,5.9,observed
2025-05-01T19:00:00Z,17.4,0.0,74.0,6.5,observed
01/05/2025 20:00,16.7,0.0,70.0,13.9,observed
2025-05-01T21:00:00Z,15.5,0.0,77.0,9.3,observed
2025-05-01T22:00:00Z,13.4,0.0,85.0,8.9,observed
2025-05-01T23:00:00Z,14.2,0.0,78.0,12.2,observed
2025-05-02T00:00:00Z,14.0,0.0,76.0,8.9,observed
2025-05-02T01:00:00Z,13.6,0.0,83.0,9.8,observed
2025-05-02T02:00:00Z,14.9,0.0,76.0,15.2,observed
2025-05-02T03:00:00Z,14.8,0.0,81.0,10.1,observed
2025-05-02T04:00:00Z,17.7,0.0,66.0,22.6,observed
2025-05-02T05:00:00Z,18.5,0.0,64.0,15.5,observed
2025-05-02T06:00:00Z,20.6,0.0,65.0,10.6,observed
2025-05-02T08:00:00Z,22.0,0.0,61.0,14.9,observed
2025-05-02T09:00:00Z,21.3,0.8,81.0,10.5,observed
2025-05-02T10:00:00Z,24.1,0.3,56.0,4.3,observed
2025-05-02T11:00:00Z,24.7,0.0,58.0,14.7,observed
2025-05-02T12:00:00Z,25.3,0.0,52.0,11.5,observed
2025-05-02T13:00:00Z,22.8,0.8,64.0,5.0,observed
2025-05-02T14:00:00Z,21.5,21.0,76.0,6.1,observed
02/05/2025 15:00,23.7,0.1,62.0,9.3,observed
2025-05-02T16:00:00Z,20.3,6.1,78.0,5.3,observed
2025-05-02T17:00:00Z,21.0,0.0,57.0,15.9,observed
2025-05-02T19:00:00Z,17.2,0.0,75.0,23.2,observed
02/05/2025 20:00,16.6,0.0,81.0,9.3,observed
2025-05-02T21:00:00Z,16.7,0.0,71.0,18.0,observed
2025-05-02T22:00:00Z,16.9,0.0,74.0,15.2,observed
2025-05-02T23:00:00Z,,0.0,67.0,9.6,observed
2025-05-03T00:00:00Z,14.5,0.0,84.0,10.9,observed
2025-05-03T01:00:00Z,15.5,0.0,71.0,7.7,observed
2025-05-03T02:00:00Z,17.5,0.0,68.0,17.4,observed
2025-05-03T03:00:00Z,17.3,0.0,72.0,3.9,observed
2025-05-03T04:00:00Z,18.6,0.0,62.0,15.3,observed
2025-05-03T05:00:00Z,18.6,0.0,61.0,13.8,observed
2025-05-03T06:00:00Z,21.2,0.0,64.0,8.6,observed
2025-05-03T07:00:00Z,22.3,0.0,58.0,6.1,observed
2025-05-03T08:00:00Z,23.7,0.0,59.0,10.4,observed
2025-05-03T09:00:00Z,25.3,0.0,59.0,9.5,observed
2025-05-03T10:00:00Z,25.2,0.0,50.0,11.0,observed
2025-05-03T11:00:00Z,27.3,0.0,52.0,10.2,observed
2025-05-03T12:00:00Z,26.9,0.0,58.0,4.4,observed
03/05/2025 13:00,25.5,0.0,52.0,10.9,observed
2025-05-03T14:00:00Z,25.6,0.0,57.0,9.9,observed
2025-05-03T15:00:00Z,25.1,0.0,61.0,11.8,observed
03/05/2025 16:00,24.4,0.0,59.0,9.6,observed
2025-05-03T17:00:00Z,22.3,0.0,61.0,4.1,observed
2025-05-03T18:00:00Z,20.5,0.0,64.0,11.8,observed
2025-05-03T19:00:00Z,19.7,0.0,66.0,24.4,observed
2025-05-03T20:00:00Z,18.4,0.0,62.0,8.1,observed
03/05/2025 21:00,16.5,0.0,65.0,11.0,observed
03/05/2025 22:00,15.9,0.0,75.0,4.7,observed
2025-05-03T23:00:00Z,15.3,0.0,74.0,11.4,observed
2025-05-04T00:00:00Z,15.7,0.0,75.0,7.4,observed
2025-05-04T01:00:00Z,14.7,0.0,72.0,4.8,observed
2025-05-04T02:00:00Z,15.4,0.0,86.0,8.2,observed
04/05/2025 03:00,17.5,0.0,69.0,8.1,observed
2025-05-04T04:00:00Z,17.6,0.0,78.0,6.7,observed
2025-05-04T05:00:00Z,20.3,0.0,64.0,10.5,observed
2025-05-04T06:00:00Z,21.1,0.0,64.0,19.6,observed
04/05/2025 07:00,21.8,0.0,70.0,11.9,observed
2025-05-04T08:00:00Z,23.5,0.0,58.0,6.7,observed
2025-05-04T09:00:00Z,24.7,0.0,50.0,7.2,observed
2025-05-04T10:00:00Z,26.8,0.0,53.0,5.9,observed
2025-05-04T11:00:00Z,26.1,0.0,60.0,7.9,observed
2025-05-04T12:00:00Z,26.3,0.0,51.0,14.9,observed
04/05/2025 13:00,26.9,0.0,44.0,7.1,observed
2025-05-04T14:00:00Z,25.3,0.0,57.0,8.5,observed
2025-05-04T15:00:00Z,24.7,0.0,53.0,8.5,observed
2025-05-04T16:00:00Z,23.7,0.0,53.0,5.2,observed
2025-05-04T17:00:00Z,22.8,0.0,56.0,4.1,observed
2025-05-04T18:00:00Z,20.8,0.0,61.0,8.3,observed
2025-05-04T19:00:00Z,19.2,0.0,73.0,8.3,observed
2025-05-04T20:00:00Z,18.4,0.0,66.0,15.2,observed
2025-05-04T21:00:00Z,18.0,0.0,66.0,17.9,observed
2025-05-04T22:00:00Z,16.3,0.0,74.0,7.0,observed
2025-05-04T23:00:00Z,16.2,0.0,69.0,11.8,observed
2025-05-05T00:00:00Z,16.6,0.0,67.0,11.2,observed
2025-05-05T01:00:00Z,16.5,0.0,72.0,9.0,observed
2025-05-05T02:00:00Z,17.5,0.0,64.0,4.9,observed
2025-05-05T03:00:00Z,18.7,0.0,67.0,11.9,observed
2025-05-05T04:00:00Z,19.0,0.0,66.0,7.0,observed
2025-05-05T05:00:00Z,20.1,0.0,63.0,10.0,observed
2025-05-05T06:00:00Z,20.9,0.0,63.0,12.5,observed
05/05/2025 07:00,23.7,0.0,49.0,10.2,observed
2025-05-05T08:00:00Z,23.9,0.0,49.0,8.7,observed
2025-05-05T09:00:00Z,25.4,0.0,54.0,6.5,observed
2025-05-05T10:00:00Z,26.7,0.0,47.0,5.1,observed
2025-05-05T11:00:00Z,26.7,0.0,54.0,14.9,observed
2025-05-05T12:00:00Z,28.0,0.0,37.0,11.2,observed
05/05/2025 13:00,27.4,0.0,53.0,10.6,observed
2025-05-05T14:00:00Z,25.7,0.0,63.0,11.5,observed
2025-05-05T15:00:00Z,25.9,0.0,,4.3,observed
2025-05-05T16:00:00Z,,0.0,53.0,8.3,observed
05/05/2025 17:00,22.1,0.0,62.0,5.1,observed
05/05/2025 18:00,21.0,0.0,61.0,7.4,observed
2025-05-05T19:00:00Z,20.5,0.0,65.0,11.5,observed
05/05/2025 20:00,19.2,0.0,59.0,10.5,observed
2025-05-05T21:00:00Z,17.7,0.0,75.0,7.9,observed
2025-05-05T22:00:00Z,16.4,0.0,72.0,14.9,observed
2025-05-05T23:00:00Z,16.7,0.0,58.0,4.2,observed
06/05/2025 00:00,15.9,0.0,77.0,10.5,observed
2025-05-06T01:00:00Z,17.1,0.0,74.0,8.4,observed
2025-05-06T02:00:00Z,16.6,0.0,70.0,13.9,observed
2025-05-06T03:00:00Z,18.1,0.0,63.0,6.8,observed
2025-05-06T04:00:00Z,19.8,0.0,58.0,18.3,observed
2025-05-06T05:00:00Z,20.6,0.0,64.0,14.3,observed
06/05/2025 05:00,20.6,0.0,64.0,14.3,observed
2025-05-06T06:00:00Z,20.6,0.0,72.0,14.0,observed
2025-05-06T07:00:00Z,22.1,0.0,58.0,8.7,observed
2025-05-06T08:00:00Z,24.5,0.0,55.0,6.3,observed
2025-05-06T09:00:00Z,25.6,0.0,48.0,15.2,observed
2025-05-06T10:00:00Z,26.2,0.0,55.0,16.6,observed
2025-05-06T11:00:00Z,26.8,0.0,50.0,17.4,observed
2025-05-06T12:00:00Z,26.8,0.0,45.0,16.3,observed
2025-05-06T13:00:00Z,27.3,0.0,51.0,8.7,observed
06/05/2025 14:00,26.9,0.0,44.0,6.9,observed
2025-05-06T15:00:00Z,25.8,0.0,39.0,11.3,observed
2025-05-06T16:00:00Z,24.4,0.0,61.0,10.6,observed
2025-05-06T17:00:00Z,23.6,0.0,56.0,19.6,observed
2025-05-06T18:00:00Z,22.0,0.0,,18.3,observed
2025-05-06T19:00:00Z,20.9,0.0,62.0,8.6,observed
06/05/2025 20:00,19.0,0.0,66.0,13.3,observed
2025-05-06T21:00:00Z,17.3,0.0,81.0,7.1,observed
2025-05-06T22:00:00Z,15.0,0.0,76.0,5.5,observed
2025-05-06T23:00:00Z,15.5,0.0,76.0,10.9,observed
2025-05-07T00:00:00Z,14.9,0.0,77.0,10.5,observed
2025-05-07T01:00:00Z,16.2,0.0,75.0,5.2,observed
2025-05-07T02:00:00Z,15.4,0.0,79.0,10.4,observed
07/05/2025 03:00,15.8,0.0,77.0,6.2,observed
07/05/2025 04:00,18.1,0.0,68.0,18.0,observed
2025-05-07T05:00:00Z,18.5,0.0,71.0,8.0,observed
2025-05-07T06:00:00Z,20.3,0.0,65.0,12.0,observed
2025-05-07T07:00:00Z,22.4,0.0,56.0,5.5,observed
2025-05-07T08:00:00Z,22.4,0.0,54.0,9.4,observed
2025-05-07T09:00:00Z,23.6,0.0,58.0,16.7,observed
2025-05-07T10:00:00Z,26.2,0.0,54.0,19.1,observed
2025-05-07T11:00:00Z,26.1,0.0,59.0,15.2,observed
2025-05-07T12:00:00Z,26.6,0.0,55.0,10.4,observed
2025-05-07T13:00:00Z,,0.0,58.0,5.7,observed
2025-05-07T14:00:00Z,25.7,0.0,43.0,17.9,observed
2025-05-07T15:00:00Z,24.0,0.0,53.0,6.7,observed
07/05/2025 16:00,23.2,0.0,49.0,20.3,observed
07/05/2025 17:00,21.1,0.0,57.0,8.7,observed
2025-05-07T18:00:00Z,20.6,0.0,62.0,11.1,observed
2025-05-07T19:00:00Z,19.2,0.0,66.0,15.0,observed
2025-05-07T20:00:00Z,17.7,0.0,61.0,14.8,observed
2025-05-07T21:00:00Z,16.8,0.0,70.0,11.1,observed
2025-05-07T22:00:00Z,,0.0,69.0,9.4,observed
2025-05-08T00:00:00Z,15.2,-9999.0,,7.6,observed
2025-05-08T01:00:00Z,14.8,0.0,74.0,20.6,observed
2025-05-08T02:00:00Z,14.9,0.0,71.0,11.7,observed
2025-05-08T03:00:00Z,16.5,0.0,72.0,11.1,observed
2025-05-08T04:00:00Z,17.3,0.0,80.0,5.9,observed
2025-05-08T05:00:00Z,18.3,0.0,66.0,4.5,observed
2025-05-08T06:00:00Z,20.0,0.0,59.0,14.3,observed
2025-05-08T07:00:00Z,20.7,0.0,,21.9,observed
2025-05-08T08:00:00Z,22.7,0.0,62.0,7.8,observed
2025-05-08T09:00:00Z,23.5,0.0,60.0,15.8,observed
2025-05-08T10:00:00Z,24.9,0.0,58.0,10.5,observed
08/05/2025 11:00,26.3,0.0,44.0,14.3,observed
2025-05-08T12:00:00Z,25.4,0.0,52.0,10.4,observed
08/05/2025 13:00,25.4,0.0,44.0,18.3,observed
2025-05-08T14:00:00Z,25.0,0.0,51.0,5.5,observed
2025-05-08T15:00:00Z,23.8,0.0,57.0,12.3,observed
2025-05-08T17:00:00Z,21.8,0.0,62.0,10.2,observed
2025-05-08T18:00:00Z,19.8,0.0,66.0,6.2,observed
2025-05-08T19:00:00Z,18.1,0.0,71.0,14.9,observed
2025-05-08T20:00:00Z,18.3,0.0,71.0,18.5,observed
2025-05-08T21:00:00Z,17.5,0.0,73.0,8.4,observed
2025-05-08T22:00:00Z,17.0,0.0,71.0,11.3,observed
2025-05-08T23:00:00Z,16.2,0.0,69.0,10.0,observed
2025-05-09T00:00:00Z,15.4,0.0,78.0,17.3,observed
09/05/2025 01:00,16.1,0.0,64.0,15.8,observed
2025-05-09T02:00:00Z,16.9,0.0,79.0,18.2,observed
2025-05-09T03:00:00Z,17.0,0.0,74.0,6.8,observed
2025-05-09T04:00:00Z,17.4,0.0,72.0,5.0,observed
2025-05-09T05:00:00Z,20.7,0.0,70.0,8.4,observed
2025-05-09T06:00:00Z,20.5,0.0,59.0,5.7,observed
2025-05-09T07:00:00Z,22.3,0.0,59.0,10.3,observed
2025-05-09T08:00:00Z,23.9,0.0,63.0,5.0,observed
2025-05-09T09:00:00Z,25.7,0.0,50.0,10.1,observed
2025-05-09T10:00:00Z,25.9,0.0,59.0,18.4,observed
2025-05-09T11:00:00Z,26.8,0.0,41.0,15.6,observed
2025-05-09T12:00:00Z,26.5,0.0,50.0,13.1,observed
2025-05-09T13:00:00Z,26.6,0.0,44.0,11.4,observed
2025-05-09T14:00:00Z,25.9,0.0,48.0,11.2,observed
2025-05-09T15:00:00Z,25.3,0.0,44.0,9.0,observed
2025-05-09T16:00:00Z,24.7,0.0,50.0,10.8,observed
2025-05-09T17:00:00Z,22.6,0.0,59.0,12.6,observed
2025-05-09T18:00:00Z,19.9,0.0,69.0,8.6,observed
2025-05-09T19:00:00Z,20.4,0.0,66.0,11.3,observed
09/05/2025 20:00,18.9,0.0,74.0,6.9,observed
2025-05-09T21:00:00Z,16.8,0.0,71.0,20.8,observed
2025-05-09T22:00:00Z,14.4,0.0,73.0,8.9,observed
09/05/2025 23:00,14.1,0.0,77.0,6.3,observed
2025-05-10T00:00:00Z,14.0,0.0,74.0,7.4,observed
2025-05-10T01:00:00Z,14.0,0.0,80.0,8.9,observed
2025-05-10T02:00:00Z,14.5,0.0,82.0,11.2,observed
2025-05-10T03:00:00Z,15.1,0.0,76.0,12.4,observed
2025-05-10T04:00:00Z,16.7,0.0,72.0,9.0,observed
2025-05-10T06:00:00Z,19.9,0.0,65.0,17.9,observed
2025-05-10T07:00:00Z,19.9,0.0,64.0,5.5,observed
2025-05-10T08:00:00Z,21.7,0.0,56.0,16.5,observed
2025-05-10T09:00:00Z,23.6,0.0,50.0,18.3,observed
2025-05-10T10:00:00Z,24.3,0.0,55.0,12.6,observed
2025-05-10T11:00:00Z,25.2,0.0,55.0,4.9,observed
2025-05-10T12:00:00Z,25.3,0.0,48.0,15.3,observed
2025-05-10T14:00:00Z,24.8,0.0,55.0,16.7,observed
2025-05-10T15:00:00Z,21.2,1.6,,16.2,observed
10/05/2025 16:00,20.1,1.3,79.0,8.8,observed
2025-05-10T17:00:00Z,21.4,0.0,62.0,7.1,observed
2025-05-10T18:00:00Z,18.8,0.0,77.0,7.0,observed
2025-05-10T19:00:00Z,18.2,0.0,68.0,13.8,observed
2025-05-10T20:00:00Z,17.6,0.0,63.0,9.3,observed
2025-05-10T21:00:00Z,14.9,0.0,72.0,9.1,observed
2025-05-10T22:00:00Z,13.3,0.0,77.0,6.6,observed
10/05/2025 23:00,12.7,0.0,77.0,12.3,observed
2025-05-11T00:00:00Z,12.1,0.0,85.0,8.5,observed
2025-05-11T01:00:00Z,12.9,0.0,81.0,5.8,observed
2025-05-11T02:00:00Z,13.4,0.0,84.0,9.1,observed
2025-05-11T04:00:00Z,15.7,0.0,74.0,11.7,observed
2025-05-11T05:00:00Z,16.0,0.0,83.0,15.0,observed
2025-05-11T06:00:00Z,18.6,0.0,78.0,8.3,observed
2025-05-11T07:00:00Z,19.5,0.0,60.0,9.9,observed
2025-05-11T08:00:00Z,21.4,0.0,57.0,12.5,observed
2025-05-11T09:00:00Z,23.4,0.0,52.0,6.9,observed
2025-05-11T10:00:00Z,23.6,0.0,63.0,5.5,observed
2025-05-11T11:00:00Z,24.0,0.0,51.0,5.2,observed
2025-05-11T12:00:00Z,23.7,0.0,57.0,8.0,observed
11/05/2025 13:00,23.9,0.0,53.0,8.4,observed
2025-05-11T14:00:00Z,22.1,0.0,57.0,8.9,observed
2025-05-11T16:00:00Z,20.3,0.0,62.0,9.2,observed
11/05/2025 17:00,19.3,0.0,80.0,6.1,observed
2025-05-11T18:00:00Z,18.3,0.0,66.0,8.8,observed
2025-05-11T19:00:00Z,17.0,0.0,75.0,6.9,observed
2025-05-11T20:00:00Z,15.7,0.0,72.0,12.4,observed
2025-05-11T22:00:00Z,13.6,0.0,85.0,9.7,observed
2025-05-11T23:00:00Z,12.6,0.0,97.0,10.4,observed
2025-05-12T00:00:00Z,12.3,0.0,79.0,10.5,observed
2025-05-12T01:00:00Z,13.4,0.0,84.0,8.2,observed
2025-05-12T02:00:00Z,12.6,0.0,80.0,9.9,observed
2025-05-12T03:00:00Z,14.5,0.0,81.0,13.2,observed
2025-05-12T04:00:00Z,14.9,0.0,79.0,16.9,observed
2025-05-12T05:00:00Z,15.7,0.0,71.0,9.1,observed
2025-05-12T06:00:00Z,17.2,0.0,73.0,20.9,observed
2025-05-12T07:00:00Z,19.2,0.0,66.0,12.5,observed
2025-05-12T08:00:00Z,20.9,0.0,70.0,7.8,observed
12/05/2025 09:00,21.6,0.0,62.0,12.2,observed
2025-05-12T10:00:00Z,22.7,0.0,65.0,15.8,observed
12/05/2025 11:00,23.3,0.0,63.0,6.9,observed
12/05/2025 12:00,23.9,0.0,54.0,12.1,observed
2025-05-12T13:00:00Z,23.2,0.0,51.0,7.2,observed
2025-05-12T14:00:00Z,22.9,0.0,61.0,6.7,observed
2025-05-12T15:00:00Z,23.1,0.0,60.0,12.0,observed
2025-05-12T16:00:00Z,19.9,0.0,64.0,14.1,observed
2025-05-12T17:00:00Z,18.4,0.0,60.0,9.9,observed
2025-05-12T18:00:00Z,18.1,0.0,65.0,12.7,observed
2025-05-12T19:00:00Z,16.6,0.0,68.0,5.3,observed
2025-05-12T20:00:00Z,15.3,0.0,85.0,5.5,observed
2025-05-12T21:00:00Z,10.7,0.0,98.0,11.6,observed
2025-05-12T22:00:00Z,11.3,0.0,93.0,11.7,observed
2025-05-12T23:00:00Z,10.9,0.0,86.0,14.0,observed
13/05/2025 00:00,10.1,0.0,84.0,11.3,observed
13/05/2025 01:00,10.7,0.0,91.0,9.2,observed
2025-05-13T02:00:00Z,11.2,0.0,90.0,3.5,observed
2025-05-13T03:00:00Z,12.9,0.0,81.0,14.4,observed
2025-05-13T04:00:00Z,13.9,0.0,83.0,6.1,observed
2025-05-13T05:00:00Z,14.2,0.0,82.0,12.7,observed
2025-05-13T06:00:00Z,16.5,0.0,75.0,14.3,observed
2025-05-13T07:00:00Z,17.7,0.0,68.0,10.8,observed
2025-05-13T08:00:00Z,18.4,0.0,66.0,11.6,observed
2025-05-13T09:00:00Z,19.5,0.0,74.0,8.3,observed
2025-05-13T10:00:00Z,20.0,0.0,61.0,18.6,observed
2025-05-13T11:00:00Z,22.2,0.0,59.0,12.5,observed
13/05/2025 12:00,21.0,0.0,66.0,9.5,observed
2025-05-13T13:00:00Z,21.5,0.0,71.0,12.6,observed
2025-05-13T14:00:00Z,20.1,0.0,60.0,7.5,observed
2025-05-13T15:00:00Z,19.5,0.0,63.0,12.4,observed
2025-05-13T17:00:00Z,17.7,0.0,,9.4,observed
2025-05-13T18:00:00Z,16.5,0.0,71.0,7.6,observed
2025-05-13T19:00:00Z,13.6,0.0,79.0,8.0,observed
2025-05-13T20:00:00Z,14.5,0.0,73.0,8.9,observed
2025-05-13T21:00:00Z,13.7,-9999.0,81.0,8.2,observed
2025-05-13T22:00:00Z,11.9,0.0,92.0,12.4,observed
2025-05-13T23:00:00Z,11.9,0.0,,13.7,observed
2025-05-14T00:00:00Z,11.6,0.0,83.0,8.2,observed
2025-05-14T02:00:00Z,12.1,0.0,79.0,11.6,observed
2025-05-14T03:00:00Z,13.5,0.0,79.0,7.0,observed
14/05/2025 04:00,,0.0,69.0,15.5,observed
2025-05-14T05:00:00Z,15.0,0.0,70.0,9.0,observed
2025-05-14T06:00:00Z,16.4,0.0,61.0,11.7,observed
2025-05-14T07:00:00Z,19.4,0.0,59.0,10.0,observed
2025-05-14T08:00:00Z,19.4,0.0,62.0,7.2,observed
14/05/2025 09:00,20.2,0.0,66.0,9.7,observed
2025-05-14T10:00:00Z,21.7,0.0,61.0,9.8,observed
2025-05-14T11:00:00Z,22.3,0.0,52.0,8.8,observed
14/05/2025 12:00,22.6,0.0,55.0,15.0,observed
2025-05-14T13:00:00Z,23.0,0.0,57.0,14.3,observed
2025-05-14T14:00:00Z,21.4,0.0,60.0,14.7,observed
2025-05-14T15:00:00Z,19.8,0.0,76.0,8.9,observed
2025-05-14T16:00:00Z,19.6,0.0,71.0,9.6,observed
2025-05-14T17:00:00Z,17.4,0.0,69.0,16.4,observed
2025-05-14T18:00:00Z,17.3,0.0,67.0,13.7,observed
2025-05-14T19:00:00Z,14.5,0.0,82.0,4.8,observed
2025-05-14T20:00:00Z,14.4,0.0,76.0,10.0,observed
2025-05-14T21:00:00Z,15.3,0.0,78.0,16.7,observed
14/05/2025 22:00,14.4,0.0,79.0,3.5,observed
2025-05-14T23:00:00Z,12.9,0.0,76.0,11.2,observed
2025-05-15T00:00:00Z,12.7,0.0,87.0,14.6,observed
2025-05-15T01:00:00Z,,0.0,79.0,12.1,observed
15/05/2025 02:00,13.1,0.0,74.0,13.6,observed
2025-05-15T03:00:00Z,15.1,0.0,84.0,6.0,observed
2025-05-15T04:00:00Z,15.4,0.0,71.0,13.6,observed
2025-05-15T05:00:00Z,16.9,0.0,71.0,10.3,observed
2025-05-15T06:00:00Z,17.8,0.0,74.0,7.4,observed
2025-05-15T07:00:00Z,19.2,0.0,70.0,9.8,observed
15/05/2025 08:00,21.1,0.0,56.0,8.3,observed
2025-05-15T09:00:00Z,22.0,0.0,60.0,12.3,observed
2025-05-15T10:00:00Z,23.2,0.0,52.0,10.0,observed
2025-05-15T11:00:00Z,24.7,0.0,56.0,6.8,observed
2025-05-15T12:00:00Z,24.0,0.0,51.0,14.8,observed
2025-05-15T13:00:00Z,23.6,0.0,61.0,14.8,observed
2025-05-15T14:00:00Z,22.4,0.0,68.0,6.0,observed
2025-05-15T15:00:00Z,21.5,0.0,57.0,11.3,observed
2025-05-15T16:00:00Z,19.9,0.0,63.0,15.2,observed
2025-05-15T17:00:00Z,19.5,0.0,68.0,13.1,observed
2025-05-15T18:00:00Z,18.1,0.0,67.0,18.2,observed
2025-05-15T19:00:00Z,16.5,0.0,76.0,6.3,observed
2025-05-15T20:00:00Z,15.8,0.0,73.0,13.8,observed
2025-05-15T21:00:00Z,14.7,0.0,75.0,7.8,observed
2025-05-15T22:00:00Z,12.6,0.0,85.0,12.7,observed
2025-05-15T23:00:00Z,13.8,0.0,84.0,14.3,observed
2025-05-16T00:00:00Z,14.6,0.0,80.0,14.3,observed
2025-05-16T01:00:00Z,13.8,0.0,73.0,9.6,observed
2025-05-16T02:00:00Z,13.8,0.0,76.0,6.2,observed
2025-05-16T03:00:00Z,14.9,0.0,67.0,14.2,observed
16/05/2025 04:00,16.4,0.0,65.0,9.5,observed
2025-05-16T05:00:00Z,16.8,0.0,72.0,7.8,observed
2025-05-16T06:00:00Z,19.0,0.0,66.0,28.6,observed
2025-05-16T07:00:00Z,19.9,0.0,67.0,11.2,observed
2025-05-16T08:00:00Z,21.3,0.0,75.0,9.1,observed
2025-05-16T09:00:00Z,22.7,0.0,49.0,11.7,observed
2025-05-16T10:00:00Z,23.8,0.0,54.0,11.7,observed
2025-05-16T11:00:00Z,22.8,0.0,60.0,10.1,observed
16/05/2025 12:00,24.2,0.0,51.0,13.0,observed
2025-05-16T13:00:00Z,24.4,0.0,52.0,10.9,observed
2025-05-16T14:00:00Z,24.1,0.0,54.0,4.5,observed
2025-05-16T15:00:00Z,21.5,0.0,59.0,5.3,observed
2025-05-16T16:00:00Z,22.0,0.0,54.0,12.6,observed
2025-05-16T17:00:00Z,20.4,0.0,70.0,12.6,observed
2025-05-16T18:00:00Z,18.6,0.0,69.0,11.2,observed
2025-05-16T19:00:00Z,16.7,0.0,75.0,6.0,observed
2025-05-16T20:00:00Z,15.2,0.0,75.0,9.0,observed
2025-05-16T21:00:00Z,13.3,0.0,79.0,15.2,observed
2025-05-16T22:00:00Z,12.1,0.0,80.0,17.6,observed
2025-05-16T23:00:00Z,12.2,0.0,85.0,8.3,observed
2025-05-17T00:00:00Z,12.3,0.0,88.0,8.5,observed
2025-05-17T01:00:00Z,11.5,0.0,77.0,13.4,observed
2025-05-17T02:00:00Z,12.5,0.0,75.0,18.8,observed
2025-05-17T03:00:00Z,12.9,0.0,78.0,8.7,observed
2025-05-17T04:00:00Z,14.3,0.0,81.0,6.8,observed
2025-05-17T05:00:00Z,16.0,0.0,76.0,10.9,observed
2025-05-17T06:00:00Z,17.4,0.0,60.0,13.8,observed
2025-05-17T07:00:00Z,18.5,0.0,74.0,13.5,observed
2025-05-17T08:00:00Z,19.9,0.0,59.0,12.9,observed
2025-05-17T09:00:00Z,20.1,0.0,64.0,4.5,observed
17/05/2025 10:00,22.9,0.0,58.0,8.5,observed
17/05/2025 11:00,22.3,0.0,61.0,11.4,observed
2025-05-17T12:00:00Z,20.2,2.1,83.0,4.7,observed
2025-05-17T13:00:00Z,21.7,0.0,64.0,11.7,observed
2025-05-17T14:00:00Z,18.5,2.3,96.0,5.1,observed
17/05/2025 15:00,21.3,0.0,67.0,10.0,observed
2025-05-17T16:00:00Z,17.7,3.0,75.0,8.6,observed
17/05/2025 17:00,19.7,0.0,68.0,8.4,observed
2025-05-17T18:00:00Z,17.2,0.0,73.0,8.3,observed
2025-05-17T19:00:00Z,15.6,0.0,79.0,9.2,observed
2025-05-17T20:00:00Z,14.3,0.0,,6.3,observed
2025-05-17T21:00:00Z,12.2,0.0,90.0,22.0,observed
2025-05-17T22:00:00Z,11.3,0.0,75.0,14.4,observed
2025-05-17T23:00:00Z,10.8,0.0,98.0,18.1,observed
18/05/2025 00:00,9.7,0.0,94.0,13.3,observed
2025-05-18T01:00:00Z,10.8,0.0,96.0,12.2,observed
2025-05-18T02:00:00Z,10.4,0.0,83.0,12.8,observed
2025-05-18T03:00:00Z,12.2,0.0,89.0,12.8,observed
2025-05-18T04:00:00Z,12.9,0.0,83.0,7.9,observed
2025-05-18T05:00:00Z,14.5,0.0,74.0,5.7,observed
2025-05-18T06:00:00Z,15.0,0.0,86.0,6.1,observed
2025-05-18T07:00:00Z,16.4,0.0,72.0,9.0,observed
2025-05-18T08:00:00Z,18.1,0.0,68.0,9.3,observed
2025-05-18T09:00:00Z,16.9,2.6,93.0,14.6,observed
2025-05-18T10:00:00Z,20.1,0.0,65.0,7.4,observed
2025-05-18T11:00:00Z,21.1,0.0,73.0,11.7,observed
2025-05-18T12:00:00Z,21.7,0.0,67.0,5.3,observed
2025-05-18T13:00:00Z,20.7,0.0,61.0,17.7,observed
18/05/2025 14:00,19.3,2.0,76.0,20.9,observed
2025-05-18T15:00:00Z,18.2,1.1,80.0,12.0,observed
18/05/2025 16:00,19.0,0.0,72.0,5.7,observed
2025-05-18T17:00:00Z,17.2,0.0,79.0,7.8,observed
2025-05-18T18:00:00Z,16.0,0.0,68.0,12.1,observed
2025-05-18T19:00:00Z,14.9,-9999.0,73.0,11.9,observed
2025-05-18T20:00:00Z,13.0,0.0,80.0,4.2,observed
2025-05-18T21:00:00Z,12.4,0.0,75.0,5.2,observed
2025-05-18T22:00:00Z,12.7,0.0,81.0,7.8,observed
2025-05-18T23:00:00Z,11.9,0.0,89.0,4.6,observed
2025-05-19T00:00:00Z,10.9,0.0,81.0,6.9,observed
2025-05-19T01:00:00Z,11.3,0.0,83.0,7.8,observed
2025-05-19T02:00:00Z,12.2,0.0,79.0,6.4,observed
19/05/2025 03:00,13.0,0.0,84.0,5.1,observed
2025-05-19T04:00:00Z,14.0,0.0,82.0,5.2,observed
2025-05-19T05:00:00Z,15.0,0.0,79.0,11.8,observed
2025-05-19T06:00:00Z,17.2,0.0,72.0,9.9,observed
2025-05-19T07:00:00Z,19.2,0.0,57.0,12.2,observed
2025-05-19T08:00:00Z,18.7,0.0,61.0,11.3,observed
2025-05-19T09:00:00Z,22.4,0.0,55.0,5.0,observed
2025-05-19T10:00:00Z,21.9,0.0,60.0,13.4,observed
2025-05-19T11:00:00Z,21.8,0.0,56.0,15.3,observed
2025-05-19T12:00:00Z,22.5,0.0,67.0,17.3,observed
19/05/2025 13:00,21.3,0.0,57.0,5.6,observed
2025-05-19T14:00:00Z,21.4,0.0,58.0,7.0,observed
2025-05-19T15:00:00Z,20.9,0.0,63.0,9.4,observed
2025-05-19T16:00:00Z,18.7,0.0,62.0,21.3,observed
2025-05-19T17:00:00Z,18.5,0.0,65.0,3.7,observed
2025-05-19T18:00:00Z,16.2,0.0,72.0,12.3,observed
19/05/2025 19:00,16.0,0.0,74.0,13.7,observed
2025-05-19T20:00:00Z,13.0,0.0,89.0,9.5,observed
2025-05-19T22:00:00Z,14.3,0.0,76.0,5.1,observed
2025-05-19T23:00:00Z,12.9,0.0,85.0,21.5,observed
2025-05-20T00:00:00Z,12.4,0.0,84.0,7.2,observed
2025-05-20T01:00:00Z,13.3,0.0,74.0,5.0,observed
2025-05-20T02:00:00Z,13.1,0.0,89.0,13.8,observed
2025-05-20T03:00:00Z,13.3,0.0,77.0,12.6,observed
20/05/2025 04:00,16.5,0.0,71.0,5.3,observed
2025-05-20T06:00:00Z,18.2,0.0,61.0,5.5,observed
20/05/2025 07:00,18.8,0.0,74.0,9.8,observed
2025-05-20T08:00:00Z,20.9,0.0,69.0,9.6,observed
2025-05-20T09:00:00Z,22.7,0.0,64.0,8.1,observed
2025-05-20T10:00:00Z,23.2,0.0,53.0,5.3,observed
2025-05-20T11:00:00Z,23.2,0.0,57.0,19.4,observed
20/05/2025 12:00,22.8,0.0,62.0,6.4,observed
2025-05-20T13:00:00Z,23.6,0.0,60.0,20.5,observed
2025-05-20T14:00:00Z,23.2,0.0,54.0,7.8,observed
2025-05-20T15:00:00Z,22.0,0.0,59.0,11.1,observed
2025-05-20T16:00:00Z,20.6,0.0,59.0,15.7,observed
2025-05-20T17:00:00Z,18.6,0.0,69.0,12.3,observed
2025-05-20T18:00:00Z,17.8,0.0,63.0,16.7,observed
2025-05-20T19:00:00Z,16.7,0.0,78.0,12.2,observed
20/05/2025 20:00,15.4,0.0,72.0,7.8,observed
2025-05-20T21:00:00Z,15.1,0.0,77.0,7.0,observed
2025-05-20T22:00:00Z,15.5,0.0,70.0,5.4,observed
2025-05-20T23:00:00Z,13.9,0.0,87.0,3.8,observed
2025-05-21T00:00:00Z,13.7,0.0,85.0,8.9,observed
2025-05-21T01:00:00Z,13.9,0.0,74.0,8.9,observed
2025-05-21T02:00:00Z,14.9,0.0,71.0,12.8,observed
2025-05-21T03:00:00Z,15.1,0.0,75.0,17.8,observed
2025-05-21T04:00:00Z,16.4,0.0,72.0,17.3,observed
2025-05-21T05:00:00Z,17.8,0.0,69.0,21.7,observed
2025-05-21T06:00:00Z,19.0,0.0,73.0,15.2,observed
2025-05-21T07:00:00Z,21.8,0.0,57.0,7.8,observed
2025-05-21T08:00:00Z,22.3,0.0,58.0,5.8,observed
2025-05-21T09:00:00Z,20.6,4.9,76.0,9.1,observed
2025-05-21T10:00:00Z,22.8,3.6,74.0,11.8,observed
2025-05-21T11:00:00Z,23.8,0.0,56.0,7.1,observed
2025-05-21T12:00:00Z,25.2,0.0,53.0,7.9,observed
2025-05-21T13:00:00Z,22.1,2.4,75.0,12.8,observed
2025-05-21T14:00:00Z,22.6,8.8,70.0,6.3,observed
2025-05-21T15:00:00Z,23.9,0.0,50.0,18.1,observed
2025-05-21T16:00:00Z,22.2,0.0,62.0,12.7,observed
2025-05-21T17:00:00Z,20.8,0.0,65.0,6.1,observed
2025-05-21T18:00:00Z,19.9,0.0,71.0,5.3,observed
21/05/2025 19:00,18.1,0.0,67.0,7.3,observed
2025-05-21T20:00:00Z,16.3,0.0,80.0,12.5,observed
2025-05-21T21:00:00Z,14.9,0.0,75.0,18.3,observed
2025-05-21T22:00:00Z,14.7,0.0,78.0,13.6,observed
2025-05-21T23:00:00Z,13.0,0.0,79.0,9.3,observed
2025-05-21T23:00:00Z,12.9,0.0,79.0,9.3,observed
2025-05-22T00:00:00Z,13.1,0.0,81.0,19.2,observed
2025-05-22T01:00:00Z,13.4,0.0,78.0,15.1,observed
2025-05-22T02:00:00Z,14.4,0.0,78.0,7.8,observed
2025-05-22T03:00:00Z,14.9,0.0,76.0,8.5,observed
2025-05-22T04:00:00Z,16.7,0.0,81.0,6.1,observed
2025-05-22T05:00:00Z,18.2,0.0,62.0,14.4,observed
2025-05-22T06:00:00Z,18.7,0.0,70.0,12.2,observed
2025-05-22T07:00:00Z,20.5,0.0,63.0,10.6,observed
2025-05-22T08:00:00Z,21.7,0.0,68.0,10.6,observed
2025-05-22T09:00:00Z,23.1,0.0,66.0,11.7,observed
2025-05-22T10:00:00Z,21.8,4.6,80.0,6.2,observed
2025-05-22T11:00:00Z,24.5,0.0,55.0,12.8,observed
2025-05-22T12:00:00Z,24.3,0.0,50.0,14.6,observed
2025-05-22T13:00:00Z,21.8,0.9,68.0,10.6,observed
2025-05-22T14:00:00Z,24.2,0.0,58.0,13.0,observed
22/05/2025 15:00,,2.6,72.0,6.6,observed
2025-05-22T16:00:00Z,20.0,1.1,81.0,9.8,observed
2025-05-22T17:00:00Z,20.6,0.0,66.0,11.3,observed
2025-05-22T18:00:00Z,19.7,-9999.0,67.0,14.5,observed
2025-05-22T19:00:00Z,16.8,0.0,77.0,15.3,observed
2025-05-22T20:00:00Z,17.0,0.0,64.0,10.2,observed
2025-05-22T21:00:00Z,14.1,0.0,77.0,13.3,observed
2025-05-22T22:00:00Z,12.8,0.0,85.0,11.7,observed
2025-05-22T23:00:00Z,11.6,0.0,73.0,19.3,observed
2025-05-23T00:00:00Z,12.0,0.0,,15.8,observed
2025-05-23T01:00:00Z,12.7,0.0,80.0,9.2,observed
2025-05-23T02:00:00Z,12.4,0.0,84.0,15.9,observed
2025-05-23T03:00:00Z,13.8,0.0,76.0,16.0,observed
2025-05-23T04:00:00Z,14.9,0.0,82.0,6.3,observed
2025-05-23T05:00:00Z,16.3,0.0,81.0,12.5,observed
2025-05-23T06:00:00Z,17.6,0.0,64.0,10.2,observed
2025-05-23T07:00:00Z,19.0,0.0,65.0,11.0,observed
2025-05-23T08:00:00Z,18.5,1.1,86.0,24.3,observed
2025-05-23T10:00:00Z,22.6,0.0,61.0,15.2,observed
2025-05-23T11:00:00Z,20.8,0.7,87.0,5.6,observed
2025-05-23T12:00:00Z,20.3,5.7,75.0,16.1,observed
2025-05-23T13:00:00Z,20.4,0.7,71.0,12.3,observed
2025-05-23T14:00:00Z,22.8,0.0,52.0,8.1,observed
2025-05-23T15:00:00Z,18.4,1.0,81.0,3.7,observed
2025-05-23T16:00:00Z,17.4,2.7,85.0,10.4,observed
2025-05-23T17:00:00Z,19.0,0.0,68.0,9.6,observed
2025-05-23T18:00:00Z,17.2,0.0,73.0,17.2,observed
2025-05-23T18:00:00Z,16.5,0.0,73.0,17.2,observed
2025-05-23T19:00:00Z,16.1,0.0,64.0,5.8,observed
2025-05-23T20:00:00Z,14.2,0.0,81.0,7.8,observed
2025-05-23T21:00:00Z,13.6,0.0,75.0,12.4,observed
2025-05-23T22:00:00Z,13.5,0.0,83.0,11.1,observed
2025-05-23T23:00:00Z,13.0,0.0,,9.1,observed
2025-05-24T00:00:00Z,11.9,0.0,82.0,14.3,observed
2025-05-24T01:00:00Z,13.2,0.0,87.0,10.2,observed
2025-05-24T02:00:00Z,13.3,0.0,83.0,9.4,observed
2025-05-24T03:00:00Z,14.5,0.0,75.0,7.1,observed
2025-05-24T04:00:00Z,15.3,0.0,69.0,11.2,observed
2025-05-24T05:00:00Z,16.9,0.0,76.0,5.8,observed
2025-05-24T06:00:00Z,18.5,0.0,69.0,10.6,observed
2025-05-24T07:00:00Z,19.5,0.0,76.0,12.5,observed
2025-05-24T08:00:00Z,20.3,0.0,64.0,17.4,observed
2025-05-24T10:00:00Z,23.3,0.0,54.0,5.5,observed
2025-05-24T11:00:00Z,22.5,0.0,51.0,5.7,observed
2025-05-24T12:00:00Z,24.7,0.1,54.0,9.3,observed
2025-05-24T13:00:00Z,21.9,3.4,75.0,13.4,observed
2025-05-24T13:00:00Z,21.6,4.3,75.0,13.4,observed
2025-05-24T14:00:00Z,23.7,0.0,55.0,6.9,observed
2025-05-24T15:00:00Z,22.3,0.0,65.0,15.4,observed
2025-05-24T16:00:00Z,21.0,0.0,52.0,8.9,observed
2025-05-24T17:00:00Z,20.3,0.0,66.0,14.2,observed
2025-05-24T18:00:00Z,18.2,0.0,74.0,9.9,observed
2025-05-24T20:00:00Z,15.7,0.0,71.0,9.4,observed
2025-05-24T21:00:00Z,14.2,0.0,78.0,10.1,observed
2025-05-24T22:00:00Z,11.3,0.0,89.0,8.3,observed
24/05/2025 23:00,11.7,0.0,82.0,15.0,observed
2025-05-25T00:00:00Z,11.6,0.0,91.0,21.7,observed
2025-05-25T01:00:00Z,12.2,0.0,74.0,22.1,observed
2025-05-25T02:00:00Z,12.1,0.0,79.0,13.6,observed
2025-05-25T03:00:00Z,13.7,0.0,74.0,9.0,observed
2025-05-25T04:00:00Z,14.7,0.0,79.0,9.0,observed
25/05/2025 05:00,16.6,0.0,73.0,14.4,observed
2025-05-25T06:00:00Z,17.5,0.0,70.0,8.8,observed
2025-05-25T07:00:00Z,18.5,0.0,69.0,13.8,observed
2025-05-25T08:00:00Z,19.8,0.0,59.0,8.2,observed
2025-05-25T09:00:00Z,21.7,0.0,61.0,25.9,observed
2025-05-25T10:00:00Z,22.1,0.0,64.0,11.7,observed
2025-05-25T11:00:00Z,23.1,0.0,52.0,8.5,observed
2025-05-25T12:00:00Z,,-9999.0,53.0,12.6,observed
2025-05-25T13:00:00Z,22.6,0.0,68.0,22.3,observed
2025-05-25T15:00:00Z,22.0,0.0,42.0,14.1,observed
2025-05-25T16:00:00Z,20.5,0.0,71.0,8.9,observed
2025-05-25T17:00:00Z,19.7,0.0,62.0,13.1,observed
2025-05-25T18:00:00Z,17.2,0.0,76.0,18.2,observed
2025-05-25T19:00:00Z,16.0,0.0,78.0,9.7,observed
25/05/2025 20:00,15.6,0.0,69.0,12.0,observed
2025-05-25T21:00:00Z,12.1,0.0,83.0,8.6,observed
2025-05-25T22:00:00Z,10.8,0.0,81.0,9.5,observed
2025-05-25T23:00:00Z,11.2,0.0,94.0,11.1,observed
26/05/2025 00:00,11.0,0.0,85.0,14.0,observed
2025-05-26T01:00:00Z,10.8,0.0,84.0,6.7,observed
2025-05-26T02:00:00Z,12.8,0.0,75.0,17.1,observed
2025-05-26T03:00:00Z,12.9,0.0,79.0,8.7,observed
2025-05-26T04:00:00Z,13.3,0.0,85.0,3.7,observed
26/05/2025 05:00,15.1,0.0,71.0,17.4,observed
2025-05-26T06:00:00Z,16.8,0.0,73.0,10.3,observed
2025-05-26T07:00:00Z,18.0,0.0,77.0,13.7,observed
26/05/2025 08:00,18.0,0.0,74.0,7.6,observed
2025-05-26T09:00:00Z,20.3,0.0,50.0,11.3,observed
2025-05-26T10:00:00Z,20.6,0.0,70.0,6.4,observed
26/05/2025 11:00,21.3,0.0,57.0,8.0,observed
2025-05-26T12:00:00Z,22.4,0.0,62.0,7.2,observed
2025-05-26T13:00:00Z,22.6,0.0,65.0,8.8,observed
2025-05-26T14:00:00Z,22.2,0.0,48.0,18.9,observed
2025-05-26T15:00:00Z,20.1,0.0,67.0,9.7,observed
2025-05-26T16:00:00Z,19.3,0.0,71.0,17.3,observed
2025-05-26T17:00:00Z,18.0,0.0,68.0,12.8,observed
2025-05-26T18:00:00Z,17.8,0.0,74.0,13.6,observed
2025-05-26T19:00:00Z,14.4,0.0,77.0,10.5,observed
2025-05-26T20:00:00Z,13.6,0.0,74.0,7.8,observed
2025-05-26T21:00:00Z,14.3,0.0,81.0,12.9,observed
2025-05-26T22:00:00Z,12.4,0.0,78.0,6.4,observed
2025-05-26T23:00:00Z,12.4,0.0,86.0,4.9,observed
2025-05-27T00:00:00Z,13.2,0.0,78.0,8.9,observed
2025-05-27T01:00:00Z,12.4,0.0,86.0,7.5,observed
2025-05-27T02:00:00Z,13.2,0.0,73.0,8.8,observed
2025-05-27T03:00:00Z,14.3,0.0,80.0,11.3,observed
2025-05-27T04:00:00Z,15.7,0.0,75.0,9.0,observed
2025-05-27T05:00:00Z,16.8,0.0,78.0,8.1,observed
2025-05-27T06:00:00Z,18.1,0.0,70.0,8.4,observed
2025-05-27T07:00:00Z,19.8,0.0,67.0,11.2,observed
2025-05-27T08:00:00Z,22.0,0.0,66.0,10.5,observed
27/05/2025 09:00,23.6,0.0,60.0,16.4,observed
2025-05-27T10:00:00Z,23.6,0.0,72.0,8.8,observed
2025-05-27T11:00:00Z,23.3,0.0,51.0,9.9,observed
2025-05-27T12:00:00Z,24.4,0.0,50.0,9.6,observed
27/05/2025 13:00,24.3,0.0,56.0,12.0,observed
2025-05-27T14:00:00Z,22.5,0.0,63.0,16.9,observed
2025-05-27T15:00:00Z,21.6,0.0,60.0,9.9,observed
2025-05-27T16:00:00Z,21.2,0.0,58.0,13.3,observed
2025-05-27T17:00:00Z,20.4,0.0,65.0,14.1,observed
2025-05-27T18:00:00Z,18.3,0.0,69.0,9.2,observed
2025-05-27T19:00:00Z,15.9,0.0,76.0,12.0,observed
2025-05-27T20:00:00Z,16.5,0.0,82.0,6.1,observed
27/05/2025 21:00,12.6,0.0,80.0,14.0,observed
2025-05-27T22:00:00Z,12.3,0.0,77.0,3.7,observed
2025-05-27T23:00:00Z,11.7,0.0,83.0,8.9,observed
2025-05-28T00:00:00Z,12.2,0.0,81.0,9.6,observed
2025-05-28T01:00:00Z,11.2,0.0,88.0,9.8,observed
2025-05-28T02:00:00Z,11.2,0.0,92.0,6.0,observed
2025-05-28T03:00:00Z,12.8,0.0,79.0,18.2,observed
2025-05-28T04:00:00Z,14.1,0.0,81.0,14.4,observed
2025-05-28T05:00:00Z,15.6,0.0,75.0,14.3,observed
2025-05-28T06:00:00Z,17.0,0.0,,10.9,observed
2025-05-28T08:00:00Z,19.5,0.0,72.0,19.5,observed
2025-05-28T09:00:00Z,20.9,0.0,65.0,7.1,observed
2025-05-28T10:00:00Z,20.7,0.0,67.0,9.7,observed
2025-05-28T11:00:00Z,22.4,0.0,54.0,5.8,observed
2025-05-28T12:00:00Z,22.8,0.0,44.0,14.8,observed
2025-05-28T13:00:00Z,22.7,0.0,52.0,10.5,observed
2025-05-28T14:00:00Z,20.8,0.0,62.0,16.5,observed
2025-05-28T15:00:00Z,21.2,0.0,63.0,7.3,observed
2025-05-28T16:00:00Z,20.5,0.0,59.0,5.1,observed
2025-05-28T17:00:00Z,18.7,0.0,77.0,4.9,observed
2025-05-28T18:00:00Z,17.3,0.0,66.0,9.1,observed
2025-05-28T19:00:00Z,15.7,0.0,75.0,9.2,observed
2025-05-28T20:00:00Z,14.0,0.0,78.0,14.4,observed
2025-05-28T21:00:00Z,14.5,0.0,71.0,16.2,observed
28/05/2025 22:00,13.0,0.0,79.0,11.0,observed
2025-05-28T23:00:00Z,14.1,0.0,79.0,7.4,observed
2025-05-29T00:00:00Z,12.1,0.0,88.0,10.8,observed
2025-05-29T01:00:00Z,13.0,0.0,78.0,5.2,observed
29/05/2025 02:00,13.8,0.0,84.0,13.3,observed
2025-05-29T03:00:00Z,14.8,0.0,76.0,18.6,observed
2025-05-29T04:00:00Z,16.9,0.0,75.0,15.4,observed
2025-05-29T05:00:00Z,16.4,0.0,83.0,4.1,observed
2025-05-29T06:00:00Z,18.9,0.0,62.0,11.9,observed
2025-05-29T07:00:00Z,19.6,0.0,72.0,9.8,observed
29/05/2025 08:00,21.7,0.0,58.0,10.5,observed
2025-05-29T09:00:00Z,20.2,8.7,81.0,15.8,observed
2025-05-29T10:00:00Z,22.5,0.0,64.0,10.0,observed
2025-05-29T11:00:00Z,21.5,10.8,69.0,6.2,observed
2025-05-29T12:00:00Z,20.9,1.1,83.0,15.1,observed
29/05/2025 12:00,20.2,1.0,83.0,15.1,observed
2025-05-29T13:00:00Z,24.3,0.0,56.0,19.4,observed
29/05/2025 14:00,20.7,2.5,68.0,5.6,observed
2025-05-29T15:00:00Z,21.0,0.3,56.0,8.0,observed
2025-05-29T16:00:00Z,21.4,0.0,67.0,18.3,observed
2025-05-29T17:00:00Z,17.3,5.1,95.0,9.6,observed
2025-05-29T18:00:00Z,15.9,9.2,87.0,18.6,observed
2025-05-29T19:00:00Z,17.3,0.0,71.0,15.0,observed
2025-05-29T20:00:00Z,15.5,0.0,78.0,10.3,observed
2025-05-29T21:00:00Z,14.0,0.0,82.0,11.5,observed
2025-05-29T22:00:00Z,12.6,0.0,85.0,13.0,observed
2025-05-29T23:00:00Z,12.9,0.0,81.0,12.4,observed
2025-05-30T00:00:00Z,11.9,0.0,80.0,9.6,observed
2025-05-30T01:00:00Z,12.7,0.0,86.0,9.0,observed
2025-05-30T02:00:00Z,13.3,0.0,85.0,8.0,observed
30/05/2025 04:00,14.8,0.0,82.0,12.1,observed
2025-05-30T05:00:00Z,15.9,0.0,67.0,9.4,observed
2025-05-30T06:00:00Z,16.5,0.0,71.0,8.9,observed
2025-05-30T07:00:00Z,18.7,0.0,73.0,8.7,observed
2025-05-30T08:00:00Z,20.8,0.0,69.0,9.3,observed
2025-05-30T09:00:00Z,21.6,0.0,66.0,17.7,observed
2025-05-30T10:00:00Z,22.7,0.0,59.0,5.0,observed
2025-05-30T11:00:00Z,22.9,0.0,57.0,5.8,observed
2025-05-30T12:00:00Z,22.8,0.0,58.0,12.4,observed
2025-05-30T13:00:00Z,23.0,0.0,53.0,13.7,observed
2025-05-30T14:00:00Z,22.5,0.0,57.0,8.2,observed
2025-05-30T15:00:00Z,21.1,0.0,54.0,12.8,observed
2025-05-30T16:00:00Z,20.4,0.0,67.0,7.1,observed
2025-05-30T17:00:00Z,19.1,0.0,76.0,13.0,observed
2025-05-30T18:00:00Z,17.0,0.0,73.0,12.9,observed
30/05/2025 19:00,15.2,0.0,79.0,13.8,observed
2025-05-30T20:00:00Z,14.2,0.0,77.0,12.3,observed
2025-05-30T21:00:00Z,15.2,0.0,70.0,14.1,observed
2025-05-30T22:00:00Z,13.7,0.0,81.0,14.5,observed
30/05/2025 23:00,14.2,0.0,68.0,8.7,observed
2025-05-31T00:00:00Z,12.9,0.0,74.0,18.8,observed
2025-05-31T01:00:00Z,13.7,0.0,83.0,8.3,observed
2025-05-31T02:00:00Z,13.5,0.0,77.0,13.5,observed
2025-05-31T03:00:00Z,13.3,0.0,76.0,9.7,observed
2025-05-31T04:00:00Z,16.3,0.0,70.0,8.3,observed
2025-05-31T05:00:00Z,16.7,0.0,82.0,17.0,observed
2025-05-31T06:00:00Z,18.2,0.0,69.0,10.6,observed
2025-05-31T06:00:00Z,18.5,0.0,69.0,10.6,observed
31/05/2025 07:00,20.1,0.0,61.0,13.4,observed
2025-05-31T08:00:00Z,20.3,0.0,66.0,19.8,observed
2025-05-31T09:00:00Z,22.1,0.0,,9.0,observed
2025-05-31T10:00:00Z,23.4,0.0,54.0,19.4,observed
2025-05-31T11:00:00Z,23.3,0.0,47.0,7.0,observed
2025-05-31T12:00:00Z,23.9,0.0,48.0,12.6,observed
2025-05-31T13:00:00Z,22.8,0.0,56.0,16.2,observed
2025-05-31T14:00:00Z,23.4,0.0,60.0,13.5,observed
2025-05-31T15:00:00Z,22.0,-9999.0,63.0,17.4,observed
2025-05-31T16:00:00Z,20.8,0.0,61.0,14.9,observed
2025-05-31T17:00:00Z,20.2,0.0,66.0,9.5,observed
31/05/2025 18:00,18.4,0.0,74.0,10.5,observed
2025-05-31T19:00:00Z,16.7,0.0,77.0,7.6,observed
2025-05-31T19:00:00Z,17.1,0.0,77.0,7.6,observed
2025-05-31T20:00:00Z,16.5,0.0,77.0,19.1,observed
2025-05-31T21:00:00Z,14.4,0.0,71.0,11.5,observed
2025-05-31T22:00:00Z,14.4,0.0,78.0,18.1,observed
2025-05-31T23:00:00Z,13.2,0.0,82.0,5.7,observed
2025-06-01T00:00:00Z,13.7,0.0,83.0,7.4,observed
2025-06-01T01:00:00Z,13.8,0.0,75.0,8.0,observed
2025-06-01T02:00:00Z,13.8,0.0,78.0,21.0,observed
2025-06-01T03:00:00Z,14.5,0.0,81.0,5.9,observed
2025-06-01T04:00:00Z,15.6,0.0,71.0,7.4,observed
2025-06-01T04:00:00Z,14.9,0.0,71.0,7.4,observed
2025-06-01T05:00:00Z,17.4,0.0,75.0,10.1,observed
2025-06-01T06:00:00Z,16.8,0.0,69.0,6.1,observed
01/06/2025 07:00,19.2,0.0,74.0,4.9,observed
2025-06-01T08:00:00Z,20.1,0.0,61.0,9.9,observed
2025-06-01T09:00:00Z,21.4,0.0,63.0,7.4,observed
2025-06-01T11:00:00Z,21.3,0.0,60.0,16.8,observed
2025-06-01T12:00:00Z,21.6,0.0,63.0,8.6,observed
2025-06-01T13:00:00Z,21.3,0.0,55.0,9.3,observed
2025-06-01T14:00:00Z,22.0,0.0,59.0,6.4,observed
2025-06-01T15:00:00Z,20.5,0.0,64.0,16.5,observed
2025-06-01T16:00:00Z,20.1,0.0,66.0,7.4,observed
2025-06-01T17:00:00Z,19.1,0.0,74.0,8.1,observed
2025-06-01T18:00:00Z,17.8,0.0,74.0,5.2,observed
2025-06-01T20:00:00Z,15.5,0.0,78.0,8.6,observed
2025-06-01T21:00:00Z,15.4,0.0,71.0,10.3,observed
2025-06-01T22:00:00Z,14.3,0.0,76.0,11.9,observed
2025-06-01T23:00:00Z,14.3,0.0,77.0,14.6,observed
2025-06-02T00:00:00Z,13.5,0.0,75.0,12.9,observed
2025-06-02T01:00:00Z,14.1,0.0,82.0,6.5,observed
2025-06-02T02:00:00Z,14.4,0.0,74.0,13.3,observed
2025-06-02T03:00:00Z,15.3,0.0,76.0,11.1,observed
2025-06-02T04:00:00Z,16.9,0.0,77.0,5.9,observed
2025-06-02T05:00:00Z,17.0,0.0,69.0,11.0,observed
2025-06-02T06:00:00Z,18.6,0.0,69.0,7.6,observed
2025-06-02T07:00:00Z,18.8,0.0,75.0,6.6,observed
2025-06-02T08:00:00Z,20.2,0.0,64.0,10.3,observed
2025-06-02T08:00:00Z,20.4,0.0,64.0,10.3,observed
2025-06-02T09:00:00Z,21.0,0.0,67.0,12.2,observed
2025-06-02T09:00:00Z,22.1,0.0,67.0,12.2,observed
02/06/2025 10:00,21.2,0.0,50.0,12.7,observed
2025-06-02T11:00:00Z,19.8,0.7,80.0,12.0,observed
2025-06-02T12:00:00Z,22.8,0.0,53.0,18.1,observed
2025-06-02T13:00:00Z,19.3,6.8,81.0,9.8,observed
2025-06-02T14:00:00Z,20.5,1.6,74.0,12.3,observed
2025-06-02T15:00:00Z,18.2,0.9,86.0,14.8,observed
2025-06-02T16:00:00Z,18.6,3.2,86.0,9.1,observed
2025-06-02T17:00:00Z,16.9,2.0,91.0,8.1,observed
2025-06-02T18:00:00Z,16.6,7.1,89.0,8.4,observed
02/06/2025 19:00,18.1,0.0,64.0,18.3,observed
2025-06-02T20:00:00Z,16.3,0.0,72.0,8.7,observed
2025-06-02T21:00:00Z,14.2,0.0,82.0,9.1,observed
2025-06-02T22:00:00Z,14.4,0.0,92.0,4.7,observed
2025-06-02T23:00:00Z,14.2,0.0,70.0,9.2,observed
2025-06-03T00:00:00Z,13.6,0.0,78.0,14.5,observed
2025-06-03T00:00:00Z,12.9,0.0,78.0,14.5,observed
2025-06-03T01:00:00Z,13.9,0.0,81.0,11.4,observed
2025-06-03T02:00:00Z,14.5,0.0,77.0,11.0,observed
03/06/2025 03:00,14.3,0.0,80.0,7.7,observed
2025-06-03T04:00:00Z,15.8,0.0,82.0,8.8,observed
2025-06-03T05:00:00Z,17.2,0.0,68.0,16.6,observed
2025-06-03T06:00:00Z,17.4,0.0,64.0,14.1,observed
2025-06-03T07:00:00Z,18.9,0.0,68.0,9.5,observed
2025-06-03T08:00:00Z,18.5,0.0,64.0,12.7,observed
2025-06-03T09:00:00Z,20.1,0.0,60.0,13.0,observed
03/06/2025 10:00,18.2,1.0,78.0,11.9,observed
2025-06-03T11:00:00Z,20.0,4.9,72.0,7.0,observed
2025-06-03T12:00:00Z,22.7,0.0,64.0,9.4,observed
2025-06-03T13:00:00Z,19.0,1.8,87.0,13.8,observed
2025-06-03T14:00:00Z,18.8,3.3,76.0,13.0,observed
2025-06-03T15:00:00Z,20.6,0.0,66.0,12.9,observed
2025-06-03T16:00:00Z,19.5,0.0,66.0,5.9,observed
2025-06-03T17:00:00Z,18.5,0.4,63.0,19.8,observed
2025-06-03T18:00:00Z,14.7,3.6,94.0,4.0,observed
2025-06-03T19:00:00Z,13.6,1.0,100.0,10.9,observed
2025-06-03T20:00:00Z,15.2,0.0,71.0,6.7,observed
2025-06-03T21:00:00Z,14.0,0.0,83.0,17.8,observed
2025-06-03T22:00:00Z,14.3,0.0,68.0,10.8,observed
2025-06-03T23:00:00Z,14.1,0.0,78.0,19.9,observed
04/06/2025 00:00,14.4,0.0,73.0,17.2,observed
04/06/2025 01:00,13.4,0.0,88.0,8.7,observed
2025-06-04T02:00:00Z,14.5,0.0,72.0,4.8,observed
2025-06-04T03:00:00Z,14.6,0.0,82.0,7.4,observed
2025-06-04T04:00:00Z,15.7,0.0,73.0,6.9,observed
2025-06-04T05:00:00Z,16.8,0.0,74.0,5.1,observed
2025-06-04T06:00:00Z,18.3,0.0,65.0,11.7,observed
2025-06-04T07:00:00Z,19.4,0.0,58.0,12.1,observed
2025-06-04T08:00:00Z,19.6,0.0,73.0,17.0,observed
2025-06-04T09:00:00Z,21.5,0.0,60.0,12.6,observed
2025-06-04T10:00:00Z,21.7,0.0,60.0,7.8,observed
2025-06-04T11:00:00Z,22.3,0.0,62.0,14.4,observed
2025-06-04T12:00:00Z,20.6,3.4,70.0,4.6,observed
04/06/2025 13:00,22.5,0.0,59.0,9.3,observed
2025-06-04T14:00:00Z,21.6,0.0,62.0,7.1,observed
2025-06-04T15:00:00Z,18.3,1.3,88.0,8.8,observed
2025-06-04T16:00:00Z,18.6,1.7,90.0,15.0,observed
2025-06-04T17:00:00Z,18.6,0.0,65.0,21.5,observed
2025-06-04T18:00:00Z,18.2,0.0,77.0,10.9,observed
2025-06-04T20:00:00Z,16.2,0.0,74.0,12.3,observed
2025-06-04T21:00:00Z,13.0,0.0,78.0,11.5,observed
2025-06-04T22:00:00Z,13.0,0.0,77.0,9.2,observed
2025-06-04T23:00:00Z,11.4,0.0,89.0,8.3,observed
2025-06-05T00:00:00Z,11.9,0.0,83.0,9.6,observed
2025-06-05T01:00:00Z,11.8,0.0,88.0,14.8,observed
2025-06-05T02:00:00Z,12.8,0.0,72.0,14.5,observed
2025-06-05T03:00:00Z,13.5,0.0,86.0,15.2,observed
2025-06-05T04:00:00Z,15.0,0.0,83.0,11.8,observed
2025-06-05T05:00:00Z,15.6,0.0,74.0,18.9,observed
2025-06-05T06:00:00Z,15.6,0.0,81.0,5.7,observed
2025-06-05T07:00:00Z,17.1,0.0,78.0,10.3,observed
2025-06-05T08:00:00Z,18.9,0.0,62.0,15.0,observed
2025-06-05T10:00:00Z,20.1,0.0,64.0,15.8,observed
2025-06-05T11:00:00Z,20.8,0.0,67.0,14.8,observed
2025-06-05T12:00:00Z,21.2,0.0,52.0,8.9,observed
2025-06-05T13:00:00Z,20.5,0.0,69.0,10.4,observed
2025-06-05T14:00:00Z,18.9,0.0,66.0,7.9,observed
2025-06-05T15:00:00Z,19.0,0.0,73.0,10.6,observed
05/06/2025 16:00,18.1,0.0,69.0,8.9,observed
2025-06-05T17:00:00Z,17.1,0.0,67.0,13.9,observed
2025-06-05T18:00:00Z,16.3,0.0,70.0,14.6,observed
2025-06-05T19:00:00Z,15.6,0.0,68.0,9.1,observed
2025-06-05T20:00:00Z,14.6,0.0,,8.5,observed
05/06/2025 21:00,12.6,0.0,91.0,9.4,observed
2025-06-05T22:00:00Z,10.7,0.0,81.0,4.7,observed
2025-06-05T22:00:00Z,11.2,0.0,81.0,4.7,observed
2025-06-05T23:00:00Z,9.4,0.0,84.0,13.0,observed
2025-06-06T00:00:00Z,11.3,0.0,90.0,10.6,observed
2025-06-06T01:00:00Z,10.4,0.0,96.0,10.6,observed
2025-06-06T02:00:00Z,10.9,0.0,83.0,8.9,observed
2025-06-06T03:00:00Z,11.6,0.0,84.0,19.6,observed
2025-06-06T04:00:00Z,12.9,0.0,73.0,10.2,observed
2025-06-06T05:00:00Z,13.5,0.0,75.0,11.5,observed
2025-06-06T06:00:00Z,15.2,0.0,80.0,9.8,observed
2025-06-06T07:00:00Z,15.9,0.0,77.0,8.8,observed
2025-06-06T08:00:00Z,17.0,0.0,78.0,11.7,observed
2025-06-06T09:00:00Z,18.7,0.0,65.0,10.7,observed
2025-06-06T10:00:00Z,19.2,0.0,67.0,3.7,observed
06/06/2025 11:00,19.8,0.0,61.0,9.5,observed
2025-06-06T12:00:00Z,18.3,0.0,67.0,7.8,observed
2025-06-06T13:00:00Z,18.8,0.0,,14.0,observed
2025-06-06T14:00:00Z,19.0,0.0,71.0,5.4,observed
2025-06-06T15:00:00Z,17.5,0.0,,8.4,observed
06/06/2025 16:00,16.8,0.0,73.0,5.3,observed
2025-06-06T17:00:00Z,16.0,0.0,73.0,9.6,observed
06/06/2025 18:00,15.0,0.0,76.0,13.1,observed
2025-06-06T19:00:00Z,14.3,0.0,73.0,14.4,observed
2025-06-06T20:00:00Z,12.4,0.0,84.0,8.8,observed
2025-06-06T21:00:00Z,11.3,0.0,89.0,15.7,observed
2025-06-06T22:00:00Z,11.1,0.0,80.0,19.7,observed
06/06/2025 23:00,10.9,0.0,91.0,14.4,observed
2025-06-07T00:00:00Z,9.9,0.0,95.0,19.5,observed
2025-06-07T01:00:00Z,10.7,0.0,95.0,8.8,observed
2025-06-07T02:00:00Z,10.7,0.0,89.0,12.9,observed
2025-06-07T03:00:00Z,,0.0,87.0,17.2,observed
07/06/2025 04:00,13.1,0.5,72.0,16.2,observed
2025-06-07T05:00:00Z,13.1,0.0,83.0,12.0,observed
2025-06-07T06:00:00Z,14.2,0.0,74.0,15.9,observed
2025-06-07T07:00:00Z,15.0,0.0,73.0,18.7,observed
2025-06-07T08:00:00Z,17.1,0.0,73.0,6.2,observed
2025-06-07T09:00:00Z,17.8,0.0,62.0,10.6,observed
2025-06-07T10:00:00Z,19.0,0.0,65.0,7.7,observed
2025-06-07T11:00:00Z,18.6,0.0,71.0,10.7,observed
2025-06-07T12:00:00Z,19.0,0.0,,14.1,observed
2025-06-07T13:00:00Z,19.6,0.0,61.0,12.7,observed
07/06/2025 14:00,18.4,0.0,68.0,11.3,observed
2025-06-07T15:00:00Z,18.1,0.0,56.0,10.9,observed
2025-06-07T16:00:00Z,17.2,0.0,72.0,9.6,observed
2025-06-07T17:00:00Z,15.5,0.0,69.0,4.2,observed
2025-06-07T18:00:00Z,14.6,0.0,80.0,12.8,observed
2025-06-07T19:00:00Z,13.6,0.0,84.0,6.3,observed
2025-06-07T20:00:00Z,11.6,0.0,85.0,16.7,observed
2025-06-07T21:00:00Z,12.9,0.0,78.0,10.1,observed
2025-06-07T22:00:00Z,12.7,0.0,84.0,10.6,observed
2025-06-07T23:00:00Z,12.3,0.0,91.0,6.2,observed
2025-06-08T00:00:00Z,11.4,0.0,91.0,21.7,observed
08/06/2025 01:00,11.9,0.0,83.0,11.8,observed
2025-06-08T02:00:00Z,12.7,0.0,85.0,6.0,observed
2025-06-08T03:00:00Z,12.3,0.0,79.0,12.6,observed
2025-06-08T04:00:00Z,13.7,0.0,81.0,13.0,observed
2025-06-08T05:00:00Z,15.4,0.0,75.0,7.7,observed
2025-06-08T06:00:00Z,16.3,0.0,74.0,10.6,observed
2025-06-08T07:00:00Z,16.9,0.0,72.0,9.5,observed
2025-06-08T08:00:00Z,17.9,0.0,64.0,6.1,observed
2025-06-08T09:00:00Z,18.8,0.0,64.0,8.5,observed
2025-06-08T10:00:00Z,19.2,0.0,73.0,21.2,observed
2025-06-08T11:00:00Z,20.3,0.0,68.0,6.2,observed
2025-06-08T12:00:00Z,19.9,0.0,66.0,12.8,observed
2025-06-08T13:00:00Z,20.3,0.0,66.0,4.6,observed
2025-06-08T14:00:00Z,20.4,0.0,63.0,9.4,observed
2025-06-08T15:00:00Z,18.5,0.0,73.0,15.0,observed
2025-06-08T16:00:00Z,17.9,0.0,73.0,7.6,observed
2025-06-08T17:00:00Z,17.2,0.0,68.0,10.8,observed
2025-06-08T18:00:00Z,16.8,0.0,76.0,11.9,observed
2025-06-08T19:00:00Z,15.3,0.0,85.0,13.0,observed
2025-06-08T20:00:00Z,14.0,0.0,,11.0,observed
2025-06-08T21:00:00Z,13.4,0.0,77.0,5.8,observed
08/06/2025 22:00,13.3,0.0,72.0,5.0,observed
2025-06-08T23:00:00Z,12.4,0.0,74.0,8.8,observed
2025-06-09T00:00:00Z,11.9,0.0,87.0,12.2,observed
2025-06-09T01:00:00Z,13.2,0.0,78.0,7.0,observed
09/06/2025 02:00,13.2,0.0,82.0,15.1,observed
09/06/2025 03:00,12.6,0.0,89.0,7.3,observed
09/06/2025 04:00,14.0,0.0,82.0,8.1,observed
2025-06-09T05:00:00Z,14.7,0.0,76.0,15.5,observed
2025-06-09T06:00:00Z,16.3,0.0,73.0,6.6,observed
2025-06-09T07:00:00Z,17.4,0.0,76.0,9.4,observed
09/06/2025 08:00,19.1,0.0,68.0,18.3,observed
2025-06-09T10:00:00Z,20.3,0.0,54.0,8.2,observed
2025-06-09T11:00:00Z,21.0,0.0,66.0,9.7,observed
2025-06-09T12:00:00Z,20.6,0.0,56.0,13.3,observed
2025-06-09T13:00:00Z,21.4,0.0,60.0,14.3,observed
2025-06-09T14:00:00Z,20.1,0.0,66.0,15.6,observed
2025-06-09T15:00:00Z,20.0,0.0,56.0,8.3,observed
2025-06-09T16:00:00Z,18.1,0.0,69.0,3.2,observed
2025-06-09T17:00:00Z,17.8,0.0,74.0,10.0,observed
2025-06-09T18:00:00Z,16.7,0.0,70.0,8.2,observed
2025-06-09T19:00:00Z,14.9,0.0,81.0,5.5,observed
2025-06-09T20:00:00Z,14.9,0.0,82.0,5.9,observed
2025-06-09T21:00:00Z,13.2,0.0,,14.3,observed
2025-06-09T22:00:00Z,12.6,0.0,71.0,12.9,observed
2025-06-09T23:00:00Z,13.5,0.0,87.0,8.0,observed
2025-06-10T00:00:00Z,13.8,0.0,93.0,11.4,observed
2025-06-10T01:00:00Z,13.2,0.0,84.0,6.3,observed
2025-06-10T02:00:00Z,13.3,0.0,88.0,15.1,observed
2025-06-10T03:00:00Z,14.9,0.0,75.0,10.4,observed
2025-06-10T04:00:00Z,14.7,0.0,,16.5,observed
2025-06-10T05:00:00Z,16.3,0.0,77.0,14.6,observed
2025-06-10T06:00:00Z,16.6,0.0,69.0,15.1,observed
2025-06-10T07:00:00Z,17.9,0.0,61.0,3.5,observed
2025-06-10T08:00:00Z,19.9,0.0,57.0,6.7,observed
2025-06-10T09:00:00Z,19.4,0.0,68.0,13.3,observed
2025-06-10T10:00:00Z,21.6,0.0,73.0,10.1,observed
10/06/2025 11:00,20.7,0.0,63.0,8.5,observed
2025-06-10T12:00:00Z,21.1,0.0,67.0,13.0,observed
2025-06-10T13:00:00Z,21.9,0.0,53.0,8.7,observed
2025-06-10T14:00:00Z,21.2,0.0,65.0,12.0,observed
2025-06-10T15:00:00Z,20.0,0.0,73.0,16.5,observed
2025-06-10T16:00:00Z,19.6,0.0,66.0,7.3,observed
2025-06-10T17:00:00Z,18.4,0.0,68.0,15.7,observed
2025-06-10T18:00:00Z,16.7,0.0,74.0,5.8,observed
2025-06-10T19:00:00Z,16.3,0.0,62.0,13.7,observed
2025-06-10T20:00:00Z,15.2,0.0,90.0,9.4,observed
2025-06-10T21:00:00Z,14.9,0.0,75.0,13.7,observed
2025-06-10T22:00:00Z,14.1,0.0,81.0,11.0,observed
2025-06-10T23:00:00Z,14.4,0.0,74.0,8.3,observed
2025-06-11T00:00:00Z,12.7,0.0,85.0,11.6,observed
2025-06-11T01:00:00Z,13.9,0.0,75.0,6.8,observed
2025-06-11T02:00:00Z,13.8,0.0,72.0,14.9,observed
2025-06-11T03:00:00Z,14.1,0.0,80.0,11.7,observed
2025-06-11T04:00:00Z,16.1,0.0,75.0,9.3,observed
2025-06-11T05:00:00Z,16.8,0.0,77.0,7.3,observed
2025-06-11T06:00:00Z,17.7,0.0,68.0,11.9,observed
2025-06-11T07:00:00Z,18.7,0.0,62.0,7.6,observed
2025-06-11T08:00:00Z,20.3,0.0,74.0,17.9,observed
2025-06-11T09:00:00Z,18.6,1.1,75.0,4.5,observed
2025-06-11T10:00:00Z,18.9,9.1,82.0,5.4,observed
2025-06-11T11:00:00Z,21.7,0.0,61.0,21.4,observed
2025-06-11T12:00:00Z,22.1,0.0,56.0,6.4,observed
2025-06-11T13:00:00Z,18.7,3.7,77.0,11.1,observed
2025-06-11T14:00:00Z,21.1,0.0,59.0,6.4,observed
11/06/2025 15:00,17.7,0.8,81.0,16.6,observed
2025-06-11T16:00:00Z,20.2,0.0,61.0,12.3,observed
2025-06-11T17:00:00Z,18.0,0.0,62.0,12.2,observed
2025-06-11T18:00:00Z,18.2,0.0,60.0,18.5,observed
2025-06-11T19:00:00Z,16.9,0.0,74.0,7.3,observed
2025-06-11T20:00:00Z,15.8,0.0,85.0,8.7,observed
2025-06-11T21:00:00Z,14.3,0.0,79.0,6.5,observed
2025-06-11T22:00:00Z,12.0,0.0,83.0,18.4,observed
2025-06-11T23:00:00Z,12.2,0.0,83.0,9.3,observed
2025-06-12T00:00:00Z,11.6,0.0,84.0,20.0,observed
2025-06-12T01:00:00Z,13.5,0.0,75.0,9.5,observed
2025-06-12T02:00:00Z,13.2,0.0,79.0,5.4,observed
2025-06-12T03:00:00Z,13.6,0.0,71.0,12.1,observed
2025-06-12T04:00:00Z,14.2,0.0,78.0,7.3,observed
2025-06-12T05:00:00Z,14.9,0.0,76.0,11.4,observed
2025-06-12T06:00:00Z,16.1,0.0,76.0,9.2,observed
2025-06-12T07:00:00Z,17.6,0.0,70.0,10.4,observed
2025-06-12T08:00:00Z,19.8,0.0,61.0,11.4,observed
2025-06-12T09:00:00Z,19.7,0.0,69.0,5.8,observed
2025-06-12T10:00:00Z,20.7,0.0,67.0,6.7,observed
2025-06-12T11:00:00Z,20.6,0.0,64.0,8.7,observed
12/06/2025 12:00,,0.0,61.0,6.2,observed
2025-06-12T13:00:00Z,19.4,11.5,95.0,10.3,observed
2025-06-12T14:00:00Z,20.7,0.0,61.0,13.6,observed
2025-06-12T15:00:00Z,20.0,0.0,65.0,8.7,observed
2025-06-12T17:00:00Z,17.2,0.0,72.0,17.4,observed
2025-06-12T18:00:00Z,17.4,0.0,77.0,6.8,observed
2025-06-12T19:00:00Z,16.0,0.0,70.0,9.8,observed
2025-06-12T20:00:00Z,14.6,0.0,82.0,10.4,observed
2025-06-12T21:00:00Z,15.7,0.0,82.0,6.2,observed
2025-06-12T22:00:00Z,14.1,0.0,82.0,14.3,observed
2025-06-12T23:00:00Z,13.1,0.0,,14.9,observed
2025-06-13T00:00:00Z,12.4,0.0,82.0,12.7,observed
2025-06-13T01:00:00Z,12.2,0.0,86.0,17.4,observed
2025-06-13T02:00:00Z,13.8,0.0,81.0,6.8,observed
2025-06-13T03:00:00Z,15.0,0.0,69.0,10.0,observed
2025-06-13T04:00:00Z,15.2,0.0,78.0,7.6,observed
13/06/2025 05:00,17.3,0.0,76.0,8.3,observed
2025-06-13T06:00:00Z,17.2,0.0,68.0,13.7,observed
2025-06-13T08:00:00Z,19.1,0.0,64.0,18.9,observed
2025-06-13T09:00:00Z,20.4,0.1,65.0,9.7,observed
2025-06-13T10:00:00Z,21.2,0.0,58.0,17.0,observed
2025-06-13T11:00:00Z,20.8,0.0,62.0,7.7,observed
2025-06-13T12:00:00Z,21.6,0.0,54.0,9.3,observed
2025-06-13T13:00:00Z,18.5,4.6,83.0,7.2,observed
2025-06-13T14:00:00Z,21.2,0.0,57.0,15.0,observed
2025-06-13T15:00:00Z,20.7,0.0,68.0,8.4,observed
2025-06-13T16:00:00Z,16.3,1.4,90.0,12.0,observed
2025-06-13T17:00:00Z,16.3,3.1,92.0,8.3,observed
2025-06-13T18:00:00Z,16.7,0.0,79.0,7.2,observed
2025-06-13T19:00:00Z,17.1,0.0,71.0,9.5,observed
2025-06-13T20:00:00Z,15.5,0.0,75.0,6.2,observed
2025-06-13T21:00:00Z,12.8,0.0,74.0,6.3,observed
2025-06-13T22:00:00Z,12.3,0.0,83.0,13.2,observed
2025-06-13T23:00:00Z,12.7,0.0,89.0,12.8,observed
2025-06-14T00:00:00Z,12.7,0.0,77.0,6.2,observed
2025-06-14T01:00:00Z,13.2,0.0,82.0,11.5,observed
2025-06-14T02:00:00Z,13.4,0.0,83.0,6.8,observed
2025-06-14T03:00:00Z,13.6,0.0,84.0,11.9,observed
2025-06-14T04:00:00Z,14.8,0.0,84.0,14.8,observed
2025-06-14T05:00:00Z,15.8,0.0,70.0,10.2,observed
2025-06-14T06:00:00Z,16.9,0.0,69.0,7.3,observed
2025-06-14T07:00:00Z,18.5,0.0,65.0,18.9,observed
2025-06-14T08:00:00Z,18.7,0.0,67.0,11.7,observed
2025-06-14T09:00:00Z,19.3,0.0,72.0,18.1,observed
2025-06-14T10:00:00Z,19.8,0.0,67.0,12.0,observed
14/06/2025 11:00,20.7,0.0,59.0,8.4,observed
2025-06-14T12:00:00Z,21.1,0.0,70.0,14.2,observed
2025-06-14T13:00:00Z,20.5,0.0,63.0,13.8,observed
2025-06-14T14:00:00Z,19.8,0.0,77.0,11.2,observed
2025-06-14T15:00:00Z,19.7,0.0,61.0,12.4,observed
2025-06-14T16:00:00Z,18.9,0.0,75.0,7.8,observed
14/06/2025 17:00,17.3,0.0,62.0,7.8,observed
2025-06-14T18:00:00Z,17.6,0.0,69.0,11.6,observed
2025-06-14T19:00:00Z,15.7,0.0,77.0,6.5,observed
2025-06-14T20:00:00Z,15.1,0.0,77.0,6.8,observed
2025-06-14T21:00:00Z,13.1,0.0,83.0,10.3,observed
2025-06-14T22:00:00Z,11.2,0.0,88.0,8.8,observed
2025-06-14T23:00:00Z,11.8,0.0,80.0,10.5,observed
2025-06-15T00:00:00Z,11.1,0.0,92.0,5.1,observed
2025-06-15T01:00:00Z,11.7,0.0,88.0,11.7,observed
2025-06-15T02:00:00Z,11.5,0.0,88.0,13.9,observed
2025-06-15T03:00:00Z,13.2,0.0,73.0,5.7,observed
2025-06-15T04:00:00Z,13.4,0.0,76.0,3.6,observed
2025-06-15T05:00:00Z,14.3,0.0,87.0,11.3,observed
2025-06-15T06:00:00Z,15.9,0.0,78.0,5.6,observed
2025-06-15T07:00:00Z,17.6,0.0,,6.3,observed
15/06/2025 08:00,17.8,0.0,71.0,10.4,observed
2025-06-15T09:00:00Z,18.1,0.0,66.0,9.2,observed
2025-06-15T11:00:00Z,19.6,0.0,69.0,15.6,observed
2025-06-15T12:00:00Z,19.9,0.0,76.0,5.3,observed
15/06/2025 13:00,19.5,0.0,59.0,7.1,observed
2025-06-15T14:00:00Z,19.2,0.0,61.0,8.5,observed
2025-06-15T15:00:00Z,18.9,0.0,72.0,9.5,observed
2025-06-15T16:00:00Z,18.4,0.0,72.0,14.7,observed
2025-06-15T17:00:00Z,16.5,0.0,70.0,20.1,observed
2025-06-15T18:00:00Z,15.9,0.0,70.0,13.0,observed
2025-06-15T19:00:00Z,14.5,0.0,84.0,13.1,observed
2025-06-15T20:00:00Z,14.7,0.0,79.0,11.7,observed
2025-06-15T21:00:00Z,13.4,0.0,78.0,10.6,observed
2025-06-15T22:00:00Z,11.5,0.0,91.0,9.9,observed
2025-06-15T23:00:00Z,12.3,0.0,90.0,10.1,observed
2025-06-16T00:00:00Z,12.0,0.0,85.0,11.4,observed
2025-06-16T01:00:00Z,11.4,0.0,92.0,7.0,observed
2025-06-16T02:00:00Z,12.4,0.0,68.0,16.3,observed
16/06/2025 03:00,13.7,0.0,91.0,10.8,observed
2025-06-16T04:00:00Z,15.1,0.0,74.0,10.0,observed
2025-06-16T05:00:00Z,14.6,0.0,86.0,10.3,observed
16/06/2025 06:00,16.1,0.0,68.0,10.8,observed
2025-06-16T07:00:00Z,17.7,0.0,74.0,8.0,observed
2025-06-16T08:00:00Z,18.7,0.0,69.0,10.7,observed
2025-06-16T09:00:00Z,18.8,0.0,59.0,14.5,observed
2025-06-16T10:00:00Z,19.6,0.0,69.0,9.0,observed
16/06/2025 11:00,20.2,0.0,76.0,14.9,observed
2025-06-16T12:00:00Z,20.7,0.0,54.0,5.5,observed
16/06/2025 13:00,21.4,0.0,53.0,11.3,observed
16/06/2025 14:00,19.8,0.0,71.0,13.1,observed
2025-06-16T15:00:00Z,19.3,0.0,73.0,4.2,observed
2025-06-16T16:00:00Z,18.1,0.0,65.0,11.8,observed
2025-06-16T17:00:00Z,17.8,0.0,68.0,17.1,observed
2025-06-16T19:00:00Z,15.1,0.0,68.0,5.6,observed
2025-06-16T20:00:00Z,14.2,0.0,84.0,12.3,observed
2025-06-16T21:00:00Z,13.4,0.0,88.0,12.0,observed
2025-06-16T22:00:00Z,11.9,0.0,80.0,9.0,observed
2025-06-16T23:00:00Z,12.4,0.0,82.0,8.5,observed
2025-06-17T00:00:00Z,11.6,0.0,81.0,6.2,observed
2025-06-17T01:00:00Z,11.7,0.0,82.0,11.0,observed
2025-06-17T02:00:00Z,11.9,0.0,86.0,12.6,observed
2025-06-17T03:00:00Z,12.6,0.0,82.0,6.3,observed
2025-06-17T04:00:00Z,13.8,0.0,84.0,11.1,observed
2025-06-17T05:00:00Z,14.9,0.0,86.0,8.9,observed
2025-06-17T06:00:00Z,16.6,0.0,81.0,9.5,observed
2025-06-17T07:00:00Z,16.9,0.0,63.0,16.1,observed
2025-06-17T08:00:00Z,17.8,0.0,64.0,14.2,observed
2025-06-17T09:00:00Z,17.2,0.6,77.0,6.4,observed
2025-06-17T10:00:00Z,19.6,0.0,65.0,5.9,observed
2025-06-17T11:00:00Z,20.2,0.5,62.0,8.0,observed
2025-06-17T12:00:00Z,20.1,0.0,70.0,6.1,observed
2025-06-17T13:00:00Z,17.6,1.5,74.0,13.1,observed
17/06/2025 14:00,20.1,0.5,64.0,19.7,observed
2025-06-17T15:00:00Z,19.0,0.0,67.0,5.0,observed
2025-06-17T16:00:00Z,17.9,0.1,67.0,7.0,observed
2025-06-17T17:00:00Z,16.3,0.0,75.0,9.6,observed
2025-06-17T18:00:00Z,16.6,0.0,74.0,14.8,observed
2025-06-17T19:00:00Z,15.1,-9999.0,73.0,10.1,observed
2025-06-17T20:00:00Z,13.9,0.0,89.0,16.7,observed
2025-06-17T21:00:00Z,11.8,0.0,81.0,9.3,observed
2025-06-17T22:00:00Z,11.3,0.0,72.0,9.3,observed
2025-06-17T23:00:00Z,12.2,0.0,85.0,11.9,observed
2025-06-18T00:00:00Z,11.1,0.0,83.0,17.4,observed
2025-06-18T01:00:00Z,11.5,0.0,94.0,13.6,observed
18/06/2025 02:00,11.7,0.0,83.0,10.3,observed
2025-06-18T03:00:00Z,12.0,0.0,83.0,16.9,observed
2025-06-18T04:00:00Z,11.8,0.0,75.0,14.9,observed
2025-06-18T05:00:00Z,14.1,0.0,80.0,10.2,observed
2025-06-18T06:00:00Z,15.0,0.0,66.0,9.7,observed
2025-06-18T07:00:00Z,16.0,0.0,71.0,8.2,observed
2025-06-18T08:00:00Z,18.2,0.0,60.0,13.7,observed
2025-06-18T09:00:00Z,17.5,0.0,75.0,15.4,observed
2025-06-18T10:00:00Z,18.7,0.0,62.0,16.7,observed
2025-06-18T11:00:00Z,19.5,0.0,,14.7,observed
18/06/2025 12:00,17.5,1.8,81.0,9.4,observed
2025-06-18T13:00:00Z,18.8,0.0,68.0,10.5,observed
2025-06-18T13:00:00Z,16.9,0.0,68.0,10.5,observed
2025-06-18T14:00:00Z,18.8,0.0,64.0,23.0,observed
2025-06-18T15:00:00Z,17.6,0.0,74.0,8.8,observed
2025-06-18T16:00:00Z,17.9,0.0,68.0,14.7,observed
2025-06-18T17:00:00Z,16.5,0.0,80.0,17.2,observed
2025-06-18T18:00:00Z,14.5,0.5,76.0,8.1,observed
2025-06-18T19:00:00Z,14.9,0.0,69.0,5.3,observed
2025-06-18T20:00:00Z,13.3,0.0,81.0,11.3,observed
2025-06-18T21:00:00Z,11.5,0.0,72.0,16.2,observed
18/06/2025 22:00,12.2,0.0,79.0,7.9,observed
2025-06-18T23:00:00Z,11.2,0.0,91.0,5.6,observed
2025-06-19T00:00:00Z,11.8,0.0,86.0,6.9,observed
2025-06-19T01:00:00Z,10.6,0.0,83.0,10.4,observed
2025-06-19T02:00:00Z,12.2,0.0,82.0,11.8,observed
2025-06-19T03:00:00Z,12.0,0.0,91.0,13.4,observed
2025-06-19T04:00:00Z,13.8,0.0,76.0,12.4,observed
2025-06-19T05:00:00Z,14.8,0.0,89.0,10.3,observed
2025-06-19T06:00:00Z,16.2,0.0,75.0,8.4,observed
2025-06-19T07:00:00Z,16.7,0.0,83.0,6.7,observed
2025-06-19T08:00:00Z,18.3,0.0,75.0,11.1,observed
2025-06-19T09:00:00Z,19.6,0.0,62.0,11.5,observed
2025-06-19T10:00:00Z,19.4,0.0,78.0,6.3,observed
2025-06-19T11:00:00Z,20.0,0.0,59.0,16.8,observed
2025-06-19T12:00:00Z,19.7,0.0,58.0,17.0,observed
2025-06-19T13:00:00Z,19.8,0.0,66.0,17.8,observed
2025-06-19T14:00:00Z,19.5,0.0,58.0,15.8,observed
2025-06-19T15:00:00Z,17.9,0.0,76.0,8.6,observed
2025-06-19T16:00:00Z,17.5,0.0,69.0,8.2,observed
2025-06-19T18:00:00Z,15.5,0.0,74.0,7.3,observed
2025-06-19T19:00:00Z,14.8,0.0,67.0,11.3,observed
19/06/2025 20:00,13.9,0.0,71.0,8.4,observed
2025-06-19T21:00:00Z,13.1,0.0,,11.8,observed
2025-06-19T22:00:00Z,13.0,0.0,81.0,15.1,observed
2025-06-19T23:00:00Z,12.9,0.0,90.0,4.6,observed
2025-06-19T23:00:00Z,12.5,0.0,90.0,4.6,observed
2025-06-20T00:00:00Z,13.2,0.0,86.0,6.1,observed
20/06/2025 01:00,12.6,0.0,75.0,8.7,observed
20/06/2025 03:00,14.1,0.0,76.0,5.2,observed
2025-06-20T04:00:00Z,13.7,0.0,93.0,7.1,observed
2025-06-20T05:00:00Z,15.4,0.0,71.0,10.0,observed
2025-06-20T06:00:00Z,16.0,0.0,73.0,13.4,observed
2025-06-20T07:00:00Z,18.1,0.0,60.0,10.7,observed
20/06/2025 08:00,19.1,0.0,63.0,8.2,observed
2025-06-20T09:00:00Z,19.9,0.0,62.0,8.0,observed
2025-06-20T10:00:00Z,20.9,0.0,57.0,10.9,observed
2025-06-20T11:00:00Z,20.6,0.0,55.0,9.5,observed
2025-06-20T12:00:00Z,20.0,0.0,66.0,16.0,observed
2025-06-20T13:00:00Z,20.9,0.0,67.0,5.1,observed
2025-06-20T14:00:00Z,20.3,0.0,68.0,9.7,observed
2025-06-20T14:00:00Z,21.8,0.0,68.0,9.7,observed
2025-06-20T15:00:00Z,20.0,0.0,66.0,12.3,observed
2025-06-20T16:00:00Z,19.4,0.0,79.0,11.6,observed
2025-06-20T17:00:00Z,17.5,0.0,70.0,7.3,observed
2025-06-20T18:00:00Z,16.6,0.0,71.0,6.5,observed
20/06/2025 19:00,15.6,0.0,78.0,12.2,observed
2025-06-20T20:00:00Z,15.2,0.0,67.0,14.1,observed
2025-06-20T21:00:00Z,13.6,0.0,77.0,8.0,observed
2025-06-20T22:00:00Z,13.1,0.0,87.0,9.9,observed
20/06/2025 23:00,12.2,0.0,77.0,9.3,observed
2025-06-21T00:00:00Z,11.8,0.0,86.0,8.5,observed
2025-06-21T01:00:00Z,13.2,0.0,76.0,13.8,observed
2025-06-21T02:00:00Z,13.2,0.0,78.0,17.5,observed
2025-06-21T03:00:00Z,12.6,0.0,86.0,8.8,observed
2025-06-21T04:00:00Z,15.1,0.0,83.0,7.2,observed
2025-06-21T05:00:00Z,15.3,0.0,76.0,5.9,observed
2025-06-21T07:00:00Z,17.5,0.0,69.0,10.3,observed
2025-06-21T08:00:00Z,18.3,0.0,62.0,11.4,observed
2025-06-21T09:00:00Z,19.6,0.0,71.0,9.0,observed
2025-06-21T10:00:00Z,18.9,0.0,73.0,14.8,observed
2025-06-21T11:00:00Z,21.1,0.0,64.0,14.1,observed
2025-06-21T12:00:00Z,20.9,0.0,59.0,11.3,observed
2025-06-21T13:00:00Z,20.8,0.0,56.0,11.0,observed
2025-06-21T14:00:00Z,19.9,0.0,68.0,8.5,observed
2025-06-21T15:00:00Z,19.6,0.0,67.0,13.8,observed
2025-06-21T16:00:00Z,18.4,0.0,67.0,12.1,observed
2025-06-21T17:00:00Z,18.0,0.0,69.0,8.6,observed
2025-06-21T18:00:00Z,17.0,0.0,73.0,8.9,observed
2025-06-21T19:00:00Z,15.7,0.0,81.0,6.6,observed
2025-06-21T20:00:00Z,14.2,0.0,79.0,11.2,observed
2025-06-21T22:00:00Z,12.2,0.0,85.0,9.8,observed
2025-06-21T23:00:00Z,12.3,0.0,80.0,13.7,observed
2025-06-22T01:00:00Z,11.7,0.0,84.0,8.7,observed
2025-06-22T02:00:00Z,12.9,0.0,74.0,14.9,observed
2025-06-22T03:00:00Z,12.8,0.0,86.0,13.1,observed
2025-06-22T04:00:00Z,13.9,0.0,87.0,12.7,observed
2025-06-22T05:00:00Z,15.5,0.0,73.0,11.5,observed
2025-06-22T06:00:00Z,14.9,0.0,85.0,9.9,observed
2025-06-22T07:00:00Z,16.6,0.0,81.0,14.4,observed
2025-06-22T08:00:00Z,18.1,0.0,,11.5,observed
2025-06-22T09:00:00Z,19.3,0.0,71.0,6.7,observed
2025-06-22T10:00:00Z,19.4,0.0,61.0,7.1,observed
2025-06-22T11:00:00Z,20.4,0.0,64.0,9.4,observed
2025-06-22T12:00:00Z,20.6,0.0,65.0,15.0,observed
2025-06-22T13:00:00Z,20.3,0.0,68.0,8.9,observed
22/06/2025 14:00,18.9,0.0,61.0,9.6,observed
2025-06-22T15:00:00Z,18.6,0.0,66.0,6.0,observed
2025-06-22T16:00:00Z,17.6,0.0,79.0,15.4,observed
2025-06-22T17:00:00Z,16.3,0.0,72.0,5.6,observed
2025-06-22T18:00:00Z,14.9,0.0,78.0,11.9,observed
2025-06-22T19:00:00Z,16.3,0.0,75.0,13.4,observed
2025-06-22T20:00:00Z,14.0,0.0,79.0,7.8,observed
2025-06-22T21:00:00Z,13.2,0.0,80.0,9.6,observed
2025-06-22T22:00:00Z,13.0,0.0,85.0,14.5,observed
2025-06-22T23:00:00Z,12.1,0.0,74.0,10.2,observed
2025-06-23T00:00:00Z,12.5,0.0,78.0,15.1,observed
2025-06-23T01:00:00Z,12.2,0.0,74.0,8.2,observed
2025-06-23T02:00:00Z,13.0,0.0,84.0,10.6,observed
2025-06-23T03:00:00Z,13.5,0.0,74.0,8.1,observed
2025-06-23T04:00:00Z,13.7,0.0,81.0,10.2,observed
2025-06-23T05:00:00Z,15.4,0.0,81.0,15.6,observed
2025-06-23T06:00:00Z,16.6,0.0,71.0,13.4,observed
2025-06-23T07:00:00Z,17.6,0.0,75.0,12.3,observed
2025-06-23T08:00:00Z,19.3,0.0,67.0,18.0,observed
2025-06-23T09:00:00Z,20.1,0.0,56.0,17.3,observed
2025-06-23T10:00:00Z,20.3,0.0,61.0,11.2,observed
2025-06-23T11:00:00Z,20.4,0.0,64.0,9.9,observed
2025-06-23T12:00:00Z,18.5,2.3,81.0,10.7,observed
2025-06-23T13:00:00Z,20.3,0.0,71.0,8.4,observed
2025-06-23T14:00:00Z,19.3,0.0,74.0,17.3,observed
2025-06-23T15:00:00Z,19.5,0.0,58.0,11.4,observed
2025-06-23T16:00:00Z,16.1,-9999.0,87.0,17.4,observed
2025-06-23T17:00:00Z,17.9,0.0,74.0,4.3,observed
2025-06-23T18:00:00Z,14.0,1.6,99.0,13.7,observed
2025-06-23T20:00:00Z,13.4,0.0,72.0,17.1,observed
23/06/2025 21:00,14.5,0.0,82.0,21.2,observed
2025-06-23T22:00:00Z,14.7,0.0,77.0,20.6,observed
2025-06-23T23:00:00Z,13.9,0.0,70.0,9.2,observed
2025-06-24T00:00:00Z,14.0,0.0,78.0,11.2,observed
2025-06-24T01:00:00Z,14.4,0.0,77.0,15.8,observed
2025-06-24T02:00:00Z,14.7,0.0,80.0,8.9,observed
2025-06-24T03:00:00Z,15.1,0.0,74.0,6.6,observed
2025-06-24T04:00:00Z,15.8,0.0,71.0,17.7,observed
2025-06-24T05:00:00Z,16.5,0.0,77.0,14.6,observed
2025-06-24T06:00:00Z,17.5,0.0,70.0,16.0,observed
2025-06-24T07:00:00Z,18.9,0.0,65.0,13.2,observed
2025-06-24T08:00:00Z,20.4,0.0,59.0,5.8,observed
2025-06-24T09:00:00Z,21.5,0.0,69.0,9.9,observed
2025-06-24T10:00:00Z,21.9,0.0,63.0,9.6,observed
2025-06-24T11:00:00Z,22.5,0.0,52.0,11.3,observed
2025-06-24T12:00:00Z,22.4,0.0,59.0,18.9,observed
2025-06-24T13:00:00Z,22.0,0.0,59.0,9.6,observed
2025-06-24T14:00:00Z,22.5,0.0,55.0,12.8,observed
2025-06-24T15:00:00Z,20.4,0.0,65.0,6.3,observed
2025-06-24T16:00:00Z,20.6,0.0,57.0,10.8,observed
2025-06-24T17:00:00Z,19.0,0.0,79.0,20.4,observed
2025-06-24T18:00:00Z,17.9,0.0,74.0,13.0,observed
2025-06-24T19:00:00Z,16.5,0.0,85.0,9.1,observed
2025-06-24T20:00:00Z,15.6,0.0,81.0,8.9,observed
2025-06-24T21:00:00Z,14.4,0.0,74.0,4.8,observed
2025-06-24T22:00:00Z,13.7,0.0,79.0,9.4,observed
2025-06-24T23:00:00Z,11.9,0.0,85.0,7.3,observed
2025-06-25T00:00:00Z,12.6,0.0,78.0,11.3,observed
2025-06-25T01:00:00Z,12.5,0.0,85.0,14.3,observed
2025-06-25T02:00:00Z,12.6,0.0,77.0,5.3,observed
2025-06-25T03:00:00Z,14.3,0.0,76.0,6.0,observed
2025-06-25T04:00:00Z,14.6,0.0,76.0,16.4,observed
25/06/2025 05:00,15.8,0.0,77.0,10.2,observed
25/06/2025 06:00,16.9,0.0,75.0,11.2,observed
2025-06-25T07:00:00Z,18.4,0.0,61.0,13.2,observed
2025-06-25T08:00:00Z,19.8,-9999.0,67.0,9.5,observed
2025-06-25T09:00:00Z,19.6,0.0,73.0,10.2,observed
2025-06-25T10:00:00Z,21.0,0.0,65.0,8.7,observed
2025-06-25T11:00:00Z,21.8,0.0,58.0,6.0,observed
2025-06-25T12:00:00Z,21.0,0.0,67.0,9.0,observed
2025-06-25T13:00:00Z,21.0,0.0,63.0,6.7,observed
2025-06-25T14:00:00Z,21.0,0.0,64.0,10.2,observed
2025-06-25T15:00:00Z,19.9,0.4,61.0,9.3,observed
2025-06-25T16:00:00Z,16.3,4.1,96.0,12.1,observed
2025-06-25T17:00:00Z,18.3,0.0,73.0,20.8,observed
2025-06-25T18:00:00Z,17.1,0.0,68.0,9.9,observed
2025-06-25T19:00:00Z,15.3,0.0,80.0,9.3,observed
2025-06-25T20:00:00Z,14.8,0.0,68.0,9.1,observed
2025-06-25T21:00:00Z,14.1,0.0,85.0,16.3,observed
2025-06-25T22:00:00Z,13.1,0.0,80.0,13.1,observed
2025-06-25T23:00:00Z,12.8,0.0,79.0,16.3,observed
2025-06-26T00:00:00Z,12.6,0.0,82.0,18.0,observed
2025-06-26T01:00:00Z,13.3,0.0,74.0,15.8,observed
2025-06-26T02:00:00Z,14.2,0.0,76.0,10.9,observed
2025-06-26T03:00:00Z,14.7,0.0,84.0,8.9,observed
2025-06-26T04:00:00Z,15.8,0.0,69.0,11.2,observed
2025-06-26T05:00:00Z,15.7,0.0,76.0,8.2,observed
2025-06-26T06:00:00Z,17.0,0.0,69.0,13.7,observed
2025-06-26T07:00:00Z,18.2,0.0,69.0,6.8,observed
2025-06-26T08:00:00Z,20.1,0.0,59.0,5.8,observed
2025-06-26T09:00:00Z,20.7,0.0,66.0,5.5,observed
2025-06-26T10:00:00Z,18.1,1.0,78.0,10.4,observed
2025-06-26T11:00:00Z,20.8,0.0,63.0,12.8,observed
2025-06-26T12:00:00Z,20.7,0.0,64.0,13.6,observed
2025-06-26T13:00:00Z,19.9,5.8,70.0,19.2,observed
26/06/2025 14:00,21.5,0.0,58.0,9.4,observed
2025-06-26T15:00:00Z,17.9,2.9,86.0,11.1,observed
2025-06-26T16:00:00Z,19.2,0.0,,7.3,observed
2025-06-26T17:00:00Z,16.1,3.5,89.0,20.8,observed
2025-06-26T18:00:00Z,17.5,0.0,62.0,10.4,observed
2025-06-26T19:00:00Z,16.8,0.0,80.0,18.6,observed
2025-06-26T20:00:00Z,15.1,0.0,77.0,8.7,observed
26/06/2025 21:00,14.0,0.0,74.0,15.4,observed
2025-06-26T22:00:00Z,13.2,0.0,79.0,10.8,observed
2025-06-26T23:00:00Z,13.3,0.0,84.0,4.3,observed
2025-06-27T00:00:00Z,12.1,0.0,73.0,13.8,observed
2025-06-27T01:00:00Z,12.9,0.0,,10.0,observed
2025-06-27T02:00:00Z,13.2,0.0,79.0,9.3,observed
2025-06-27T03:00:00Z,13.1,0.0,85.0,9.4,observed
2025-06-27T04:00:00Z,13.8,0.0,,5.6,observed
2025-06-27T05:00:00Z,15.7,0.0,71.0,7.6,observed
2025-06-27T06:00:00Z,16.5,0.0,64.0,10.1,observed
2025-06-27T07:00:00Z,18.0,0.0,68.0,12.0,observed
2025-06-27T08:00:00Z,19.0,0.0,60.0,9.6,observed
2025-06-27T09:00:00Z,20.3,0.0,63.0,8.3,observed
2025-06-27T10:00:00Z,20.3,0.0,64.0,6.9,observed
2025-06-27T11:00:00Z,20.5,0.0,63.0,18.6,observed
2025-06-27T12:00:00Z,21.6,0.0,62.0,21.2,observed
2025-06-27T13:00:00Z,21.5,0.0,67.0,14.4,observed
2025-06-27T14:00:00Z,20.3,0.0,69.0,8.1,observed
2025-06-27T15:00:00Z,19.3,0.0,75.0,10.4,observed
2025-06-27T16:00:00Z,19.2,0.0,67.0,6.8,observed
2025-06-27T17:00:00Z,18.2,0.0,67.0,8.1,observed
2025-06-27T18:00:00Z,15.8,0.0,82.0,16.1,observed
2025-06-27T19:00:00Z,15.6,0.0,71.0,4.0,observed
2025-06-27T20:00:00Z,13.6,0.0,74.0,19.6,observed
2025-06-27T21:00:00Z,13.3,0.0,81.0,10.4,observed
2025-06-27T22:00:00Z,12.5,0.0,91.0,8.5,observed
2025-06-27T23:00:00Z,12.6,0.0,84.0,8.7,observed
2025-06-28T00:00:00Z,11.2,0.0,89.0,15.1,observed
2025-06-28T01:00:00Z,12.8,0.0,82.0,7.9,observed
2025-06-28T02:00:00Z,13.0,0.0,88.0,14.2,observed
2025-06-28T03:00:00Z,13.5,0.0,93.0,21.0,observed
28/06/2025 04:00,15.0,0.0,84.0,7.1,observed
2025-06-28T05:00:00Z,16.5,0.0,71.0,11.4,observed
2025-06-28T06:00:00Z,15.7,0.0,76.0,8.6,observed
2025-06-28T07:00:00Z,18.3,0.0,68.0,13.0,observed
2025-06-28T08:00:00Z,19.4,0.0,74.0,5.7,observed
28/06/2025 09:00,19.2,0.0,64.0,8.5,observed
2025-06-28T10:00:00Z,20.2,0.0,60.0,6.5,observed
2025-06-28T11:00:00Z,20.2,0.0,70.0,14.3,observed
2025-06-28T12:00:00Z,20.9,0.0,58.0,4.4,observed
2025-06-28T14:00:00Z,19.3,0.0,71.0,10.8,observed
2025-06-28T15:00:00Z,19.6,0.0,59.0,20.6,observed
2025-06-28T16:00:00Z,19.0,0.0,66.0,8.6,observed
2025-06-28T17:00:00Z,16.9,0.0,77.0,15.1,observed
2025-06-28T18:00:00Z,16.4,0.0,78.0,11.6,observed
2025-06-28T19:00:00Z,15.7,0.0,77.0,8.3,observed
2025-06-28T20:00:00Z,14.8,0.0,76.0,17.0,observed
2025-06-28T21:00:00Z,15.5,0.0,79.0,24.9,observed
2025-06-28T22:00:00Z,13.8,0.0,72.0,12.7,observed
2025-06-28T23:00:00Z,13.8,0.0,80.0,20.4,observed
2025-06-29T00:00:00Z,13.3,0.0,80.0,12.7,observed
2025-06-29T01:00:00Z,13.3,0.0,73.0,17.7,observed
29/06/2025 02:00,14.5,0.0,82.0,20.8,observed
2025-06-29T03:00:00Z,13.6,0.0,81.0,14.7,observed
2025-06-29T04:00:00Z,15.2,0.0,77.0,14.9,observed
2025-06-29T05:00:00Z,16.1,0.0,70.0,5.1,observed
2025-06-29T06:00:00Z,17.0,0.0,78.0,5.0,observed
2025-06-29T07:00:00Z,18.8,0.0,65.0,4.8,observed
2025-06-29T08:00:00Z,19.7,0.0,75.0,19.8,observed
2025-06-29T09:00:00Z,21.0,0.0,,5.1,observed
2025-06-29T10:00:00Z,19.6,4.6,88.0,8.8,observed
2025-06-29T11:00:00Z,18.6,1.3,84.0,17.0,observed
2025-06-29T12:00:00Z,19.6,8.8,78.0,15.0,observed
2025-06-29T13:00:00Z,21.5,0.1,56.0,6.1,observed
2025-06-29T14:00:00Z,21.4,0.0,67.0,12.0,observed
2025-06-29T15:00:00Z,20.4,0.0,56.0,11.3,observed
2025-06-29T16:00:00Z,17.3,7.6,86.0,10.9,observed
2025-06-29T17:00:00Z,16.3,18.8,96.0,7.6,observed
2025-06-29T18:00:00Z,18.2,0.2,74.0,15.4,observed
2025-06-29T19:00:00Z,16.7,0.0,75.0,9.0,observed
29/06/2025 20:00,15.4,0.0,72.0,4.0,observed
2025-06-29T21:00:00Z,15.2,0.0,77.0,12.7,observed
2025-06-29T22:00:00Z,13.3,0.0,87.0,12.0,observed
2025-06-29T23:00:00Z,13.4,-9999.0,84.0,10.1,observed
2025-06-30T00:00:00Z,12.9,0.0,82.0,18.2,observed
2025-06-30T01:00:00Z,12.7,0.0,85.0,10.2,observed
30/06/2025 02:00,11.9,0.0,81.0,11.8,observed
2025-06-30T03:00:00Z,14.2,0.0,83.0,10.0,observed
2025-06-30T04:00:00Z,15.1,0.0,75.0,6.6,observed
2025-06-30T05:00:00Z,15.9,0.0,81.0,11.9,observed
2025-06-30T06:00:00Z,17.0,0.0,69.0,15.4,observed
2025-06-30T07:00:00Z,17.6,0.0,61.0,6.0,observed
2025-06-30T08:00:00Z,19.1,0.0,69.0,9.4,observed
2025-06-30T09:00:00Z,19.8,0.0,73.0,6.8,observed
2025-06-30T10:00:00Z,21.2,0.0,71.0,10.9,observed
2025-06-30T11:00:00Z,20.7,0.0,56.0,12.6,observed
2025-06-30T12:00:00Z,21.1,0.0,61.0,14.0,observed
2025-06-30T13:00:00Z,21.6,0.0,61.0,10.7,observed
2025-06-30T14:00:00Z,20.4,0.0,67.0,11.7,observed
2025-06-30T15:00:00Z,19.7,0.0,65.0,7.7,observed
2025-06-30T16:00:00Z,18.6,0.0,67.0,12.9,observed
2025-06-30T17:00:00Z,18.1,0.0,61.0,7.0,observed
2025-06-30T18:00:00Z,16.9,0.0,71.0,7.3,observed
2025-06-30T19:00:00Z,15.9,0.0,79.0,8.6,observed
2025-06-30T20:00:00Z,15.3,0.0,69.0,5.9,observed
2025-06-30T21:00:00Z,13.7,0.0,80.0,10.9,observed
2025-06-30T22:00:00Z,12.1,0.0,92.0,17.3,observed
2025-06-30T23:00:00Z,11.8,0.0,80.0,13.6,observed
01/07/2025 00:00,11.8,0.0,85.0,7.5,observed
2025-07-01T01:00:00Z,12.2,0.0,87.0,14.9,observed
2025-07-01T02:00:00Z,12.9,0.0,73.0,12.9,observed
2025-07-01T03:00:00Z,14.3,0.0,83.0,27.2,observed
2025-07-01T03:00:00Z,14.4,0.0,83.0,27.2,observed
2025-07-01T04:00:00Z,13.2,0.0,76.0,14.1,observed
2025-07-01T05:00:00Z,15.5,0.0,88.0,5.6,observed
2025-07-01T06:00:00Z,16.7,0.0,82.0,20.2,observed
2025-07-01T07:00:00Z,17.0,0.0,76.0,11.4,observed
2025-07-01T08:00:00Z,19.0,0.0,73.0,12.6,observed
2025-07-01T09:00:00Z,17.1,1.5,84.0,4.7,observed
01/07/2025 10:00,20.3,0.0,60.0,12.8,observed
2025-07-01T11:00:00Z,19.9,0.0,67.0,15.3,observed
2025-07-01T12:00:00Z,17.7,1.9,84.0,13.6,observed
2025-07-01T13:00:00Z,20.1,0.0,61.0,12.3,observed
2025-07-01T14:00:00Z,20.2,0.0,74.0,10.8,observed
2025-07-01T15:00:00Z,16.5,0.9,81.0,6.7,observed
2025-07-01T16:00:00Z,15.7,1.0,92.0,8.4,observed
2025-07-01T17:00:00Z,17.6,0.0,68.0,8.9,observed
2025-07-01T18:00:00Z,16.3,0.0,79.0,6.8,observed
01/07/2025 19:00,15.0,0.0,72.0,6.6,observed
2025-07-01T20:00:00Z,15.3,0.0,74.0,17.1,observed
01/07/2025 21:00,14.0,0.0,76.0,18.2,observed
2025-07-01T22:00:00Z,11.6,0.0,82.0,12.2,observed
2025-07-01T23:00:00Z,11.7,0.0,84.0,12.0,observed
2025-07-02T00:00:00Z,11.9,0.0,86.0,14.3,observed
2025-07-02T01:00:00Z,11.2,0.0,92.0,4.0,observed
02/07/2025 03:00,13.2,0.0,76.0,13.6,observed
02/07/2025 04:00,13.6,0.0,85.0,20.2,observed
2025-07-02T05:00:00Z,14.6,0.0,76.0,11.9,observed
2025-07-02T06:00:00Z,16.5,0.0,75.0,11.6,observed
2025-07-02T07:00:00Z,16.0,0.0,73.0,6.6,observed
2025-07-02T08:00:00Z,16.2,3.7,90.0,19.9,observed
2025-07-02T09:00:00Z,19.3,0.0,72.0,8.2,observed
2025-07-02T10:00:00Z,16.6,5.1,96.0,6.3,observed
2025-07-02T11:00:00Z,19.8,0.5,65.0,6.5,observed
2025-07-02T12:00:00Z,20.3,0.0,61.0,9.3,observed
02/07/2025 13:00,18.3,10.2,85.0,17.1,observed
2025-07-02T14:00:00Z,17.8,1.1,92.0,11.0,observed
2025-07-02T15:00:00Z,18.2,0.0,76.0,18.4,observed
2025-07-02T16:00:00Z,17.8,0.2,72.0,12.1,observed
2025-07-02T17:00:00Z,15.3,1.5,95.0,11.9,observed
2025-07-02T18:00:00Z,16.5,0.0,81.0,10.2,observed
2025-07-02T19:00:00Z,14.9,0.0,73.0,17.5,observed
2025-07-02T20:00:00Z,13.3,0.0,70.0,10.8,observed
2025-07-02T21:00:00Z,13.7,0.0,84.0,7.4,observed
2025-07-02T22:00:00Z,12.4,0.0,75.0,12.0,observed
2025-07-02T23:00:00Z,12.1,0.0,76.0,10.6,observed
2025-07-03T00:00:00Z,12.5,0.0,92.0,18.5,observed
03/07/2025 01:00,12.2,0.0,87.0,9.1,observed
2025-07-03T02:00:00Z,12.6,0.0,83.0,4.3,observed
2025-07-03T03:00:00Z,13.2,0.0,84.0,9.3,observed
2025-07-03T04:00:00Z,13.5,0.0,81.0,5.0,observed
2025-07-03T05:00:00Z,14.4,0.0,76.0,5.9,observed
2025-07-03T06:00:00Z,16.1,0.0,84.0,3.4,observed
2025-07-03T07:00:00Z,17.2,0.0,75.0,8.9,observed
2025-07-03T08:00:00Z,18.3,0.0,71.0,19.2,observed
2025-07-03T09:00:00Z,19.7,0.0,58.0,16.6,observed
2025-07-03T10:00:00Z,19.5,0.0,62.0,8.1,observed
2025-07-03T11:00:00Z,20.5,0.0,61.0,7.3,observed
2025-07-03T12:00:00Z,17.9,1.4,80.0,8.6,observed
03/07/2025 13:00,18.4,3.2,75.0,10.4,observed
2025-07-03T14:00:00Z,19.8,0.0,71.0,9.3,observed
2025-07-03T15:00:00Z,19.4,0.0,67.0,12.4,observed
2025-07-03T16:00:00Z,18.3,0.0,70.0,9.3,observed
2025-07-03T17:00:00Z,16.8,0.0,71.0,18.7,observed
2025-07-03T18:00:00Z,15.9,0.0,84.0,5.5,observed
2025-07-03T19:00:00Z,14.6,0.0,85.0,14.1,observed
2025-07-03T20:00:00Z,14.0,0.0,74.0,14.4,observed
2025-07-03T21:00:00Z,13.5,0.0,88.0,15.1,observed
2025-07-03T22:00:00Z,13.9,0.0,82.0,8.6,observed
03/07/2025 23:00,13.5,0.0,86.0,8.0,observed
2025-07-04T00:00:00Z,12.5,0.0,82.0,4.6,observed
2025-07-04T01:00:00Z,12.4,0.0,91.0,16.1,observed
2025-07-04T02:00:00Z,12.8,0.0,84.0,14.3,observed
2025-07-04T03:00:00Z,12.9,0.0,77.0,6.9,observed
2025-07-04T04:00:00Z,14.9,0.0,77.0,17.4,observed
2025-07-04T05:00:00Z,15.7,0.0,67.0,5.8,observed
2025-07-04T06:00:00Z,16.8,0.0,80.0,7.7,observed
2025-07-04T07:00:00Z,16.6,0.0,83.0,6.9,observed
2025-07-04T08:00:00Z,19.0,0.0,65.0,6.5,observed
2025-07-04T09:00:00Z,19.6,0.0,63.0,6.3,observed
2025-07-04T10:00:00Z,,0.0,75.0,7.3,observed
2025-07-04T11:00:00Z,18.4,7.8,83.0,11.7,observed
2025-07-04T12:00:00Z,21.3,0.0,59.0,11.9,observed
2025-07-04T13:00:00Z,18.2,1.7,89.0,7.6,observed
04/07/2025 14:00,20.9,0.0,63.0,9.8,observed
2025-07-04T15:00:00Z,19.9,0.0,64.0,12.2,observed
2025-07-04T16:00:00Z,18.7,0.0,71.0,5.6,observed
2025-07-04T17:00:00Z,18.0,0.0,72.0,7.0,observed
2025-07-04T18:00:00Z,17.4,-9999.0,,4.2,observed
2025-07-04T19:00:00Z,16.3,0.0,73.0,14.0,observed
2025-07-04T20:00:00Z,13.8,0.0,79.0,6.1,observed
2025-07-04T21:00:00Z,14.9,0.0,77.0,4.7,observed
2025-07-04T22:00:00Z,14.0,0.0,81.0,13.5,observed
2025-07-04T23:00:00Z,14.2,0.0,80.0,22.0,observed
2025-07-05T00:00:00Z,13.4,0.0,80.0,6.5,observed
2025-07-05T01:00:00Z,13.8,0.0,74.0,11.0,observed
2025-07-05T02:00:00Z,13.9,0.0,79.0,15.0,observed
2025-07-05T03:00:00Z,15.8,0.0,67.0,12.0,observed
2025-07-05T04:00:00Z,15.7,0.0,67.0,26.2,observed
2025-07-05T05:00:00Z,17.1,0.0,71.0,23.3,observed
2025-07-05T06:00:00Z,18.1,0.0,66.0,9.8,observed
2025-07-05T07:00:00Z,18.4,0.0,,9.2,observed
2025-07-05T08:00:00Z,20.2,0.0,62.0,12.9,observed
2025-07-05T09:00:00Z,21.2,0.0,66.0,18.2,observed
2025-07-05T10:00:00Z,21.2,0.0,57.0,6.8,observed
2025-07-05T11:00:00Z,23.1,0.2,52.0,16.6,observed
2025-07-05T12:00:00Z,22.7,0.0,63.0,5.5,observed
2025-07-05T13:00:00Z,21.4,0.0,64.0,13.3,observed
2025-07-05T14:00:00Z,19.8,3.7,79.0,10.1,observed
2025-07-05T15:00:00Z,19.0,2.7,79.0,19.3,observed
2025-07-05T16:00:00Z,17.4,6.5,89.0,14.7,observed
05/07/2025 17:00,17.2,1.3,88.0,5.7,observed
2025-07-05T18:00:00Z,17.8,0.0,67.0,12.7,observed
2025-07-05T19:00:00Z,13.9,14.3,92.0,5.4,observed
05/07/2025 20:00,14.7,0.0,69.0,15.9,observed
05/07/2025 21:00,12.4,0.0,76.0,6.3,observed
2025-07-05T22:00:00Z,11.6,0.0,86.0,9.5,observed
2025-07-05T23:00:00Z,,0.0,80.0,11.5,observed
2025-07-06T00:00:00Z,11.3,0.0,76.0,14.3,observed
2025-07-06T01:00:00Z,12.4,0.0,76.0,13.0,observed
2025-07-06T02:00:00Z,12.3,0.0,87.0,4.6,observed
2025-07-06T03:00:00Z,12.8,0.0,83.0,6.7,observed
2025-07-06T04:00:00Z,15.0,0.0,81.0,8.3,observed
2025-07-06T05:00:00Z,15.1,0.0,80.0,15.1,observed
2025-07-06T06:00:00Z,16.0,0.0,68.0,11.0,observed
2025-07-06T07:00:00Z,17.2,0.0,78.0,8.1,observed
2025-07-06T08:00:00Z,18.9,0.0,61.0,13.8,observed
2025-07-06T09:00:00Z,19.3,0.0,79.0,8.6,observed
2025-07-06T10:00:00Z,20.3,0.0,60.0,6.6,observed
2025-07-06T11:00:00Z,20.2,0.0,74.0,10.0,observed
2025-07-06T12:00:00Z,18.4,2.7,83.0,7.0,observed
2025-07-06T13:00:00Z,19.9,0.2,68.0,9.9,observed
2025-07-06T14:00:00Z,19.2,0.0,79.0,16.8,observed
2025-07-06T15:00:00Z,17.1,0.8,92.0,4.0,observed
2025-07-06T16:00:00Z,16.5,2.2,76.0,16.6,observed
06/07/2025 17:00,17.7,0.0,71.0,14.8,observed
2025-07-06T18:00:00Z,13.5,0.6,100.0,7.9,observed
2025-07-06T19:00:00Z,14.4,0.0,84.0,5.0,observed
2025-07-06T20:00:00Z,14.3,0.0,69.0,12.9,observed
2025-07-06T21:00:00Z,12.0,0.0,93.0,11.7,observed
2025-07-06T22:00:00Z,11.0,0.0,92.0,8.2,observed
2025-07-06T23:00:00Z,11.9,0.0,87.0,14.9,observed
2025-07-07T00:00:00Z,11.7,0.0,89.0,14.4,observed
2025-07-07T01:00:00Z,11.8,0.0,81.0,8.2,observed
2025-07-07T02:00:00Z,11.6,0.0,84.0,9.1,observed
2025-07-07T03:00:00Z,12.7,0.0,89.0,8.5,observed
2025-07-07T04:00:00Z,12.9,0.0,83.0,5.2,observed
2025-07-07T05:00:00Z,14.2,0.0,86.0,10.0,observed
2025-07-07T06:00:00Z,14.4,0.0,82.0,4.6,observed
2025-07-07T07:00:00Z,17.3,0.0,74.0,13.6,observed
2025-07-07T08:00:00Z,15.5,1.8,100.0,6.9,observed
2025-07-07T09:00:00Z,19.1,0.2,69.0,13.3,observed
2025-07-07T10:00:00Z,19.1,0.0,73.0,7.5,observed
07/07/2025 11:00,19.3,0.0,71.0,14.6,observed
2025-07-07T12:00:00Z,18.3,1.5,82.0,13.1,observed
2025-07-07T13:00:00Z,20.0,0.2,66.0,22.7,observed
2025-07-07T13:00:00Z,18.9,0.2,66.0,22.7,observed
2025-07-07T14:00:00Z,19.3,0.0,73.0,14.2,observed
07/07/2025 15:00,18.5,0.0,76.0,11.2,observed
2025-07-07T16:00:00Z,14.0,10.8,92.0,9.4,observed
2025-07-07T17:00:00Z,16.5,0.0,72.0,13.8,observed
2025-07-07T18:00:00Z,15.2,0.0,79.0,7.6,observed
2025-07-07T19:00:00Z,10.9,1.7,100.0,12.8,observed
2025-07-07T20:00:00Z,12.9,0.0,79.0,9.5,observed
2025-07-07T21:00:00Z,13.1,0.0,87.0,4.9,observed
2025-07-07T22:00:00Z,12.7,0.0,,7.9,observed
07/07/2025 23:00,11.5,0.0,81.0,14.8,observed
08/07/2025 00:00,11.6,0.0,85.0,9.0,observed
2025-07-08T01:00:00Z,11.3,0.0,82.0,19.1,observed
2025-07-08T02:00:00Z,12.8,0.0,83.0,5.4,observed
2025-07-08T02:00:00Z,13.5,0.0,83.0,5.4,observed
2025-07-08T03:00:00Z,13.9,0.0,77.0,15.1,observed
08/07/2025 04:00,14.1,0.0,83.0,9.0,observed
08/07/2025 05:00,14.4,0.0,82.0,11.2,observed
2025-07-08T06:00:00Z,15.6,0.0,81.0,15.1,observed
2025-07-08T07:00:00Z,16.6,0.0,71.0,13.3,observed
2025-07-08T08:00:00Z,19.6,-9999.0,57.0,15.6,observed
2025-07-08T09:00:00Z,18.8,0.1,70.0,7.9,observed
2025-07-08T10:00:00Z,17.0,8.2,87.0,22.9,observed
2025-07-08T12:00:00Z,17.6,1.8,89.0,7.3,observed
2025-07-08T13:00:00Z,19.1,0.0,,11.4,observed
2025-07-08T14:00:00Z,17.4,1.1,74.0,5.6,observed
2025-07-08T15:00:00Z,16.8,6.0,84.0,10.8,observed
2025-07-08T16:00:00Z,14.9,0.6,95.0,9.4,observed
2025-07-08T17:00:00Z,16.6,0.0,71.0,4.7,observed
2025-07-08T18:00:00Z,14.4,0.9,98.0,11.3,observed
2025-07-08T19:00:00Z,14.7,0.0,78.0,5.3,observed
2025-07-08T20:00:00Z,13.1,0.0,74.0,17.0,observed
2025-07-08T21:00:00Z,15.4,0.0,71.0,7.5,observed
08/07/2025 23:00,15.2,0.0,76.0,9.1,observed
2025-07-09T00:00:00Z,15.1,0.0,73.0,5.1,observed
2025-07-09T01:00:00Z,15.0,0.0,87.0,8.5,observed
2025-07-09T02:00:00Z,15.3,0.0,81.0,10.6,observed
2025-07-09T03:00:00Z,15.1,0.0,72.0,17.5,observed
09/07/2025 04:00,,0.0,76.0,6.1,observed
2025-07-09T05:00:00Z,18.1,0.0,65.0,17.7,observed
2025-07-09T06:00:00Z,18.9,0.0,74.0,5.6,observed
2025-07-09T07:00:00Z,20.2,0.0,64.0,8.3,observed
2025-07-09T08:00:00Z,20.3,0.0,67.0,3.6,observed
2025-07-09T09:00:00Z,21.5,0.0,61.0,4.2,observed
2025-07-09T10:00:00Z,22.4,0.0,52.0,13.2,observed
09/07/2025 11:00,23.3,0.0,52.0,9.1,observed
09/07/2025 12:00,22.4,0.0,51.0,7.6,observed
2025-07-09T13:00:00Z,20.3,8.2,74.0,9.0,observed
2025-07-09T14:00:00Z,20.4,1.0,82.0,7.1,observed
09/07/2025 15:00,22.0,0.0,,15.3,observed
09/07/2025 16:00,20.2,0.0,66.0,6.4,observed
2025-07-09T17:00:00Z,19.8,0.0,73.0,12.5,observed
2025-07-09T18:00:00Z,18.6,0.0,66.0,5.9,observed
2025-07-09T19:00:00Z,18.1,0.0,70.0,7.6,observed
09/07/2025 20:00,16.3,0.0,73.0,6.9,observed
2025-07-09T21:00:00Z,15.8,0.0,76.0,8.2,observed
2025-07-09T22:00:00Z,15.6,0.0,76.0,9.8,observed
2025-07-09T23:00:00Z,14.5,0.0,79.0,6.7,observed
2025-07-10T00:00:00Z,57.4,0.0,83.0,8.5,observed
2025-07-10T01:00:00Z,59.5,0.0,79.0,12.3,observed
2025-07-10T02:00:00Z,60.4,0.0,83.0,21.6,observed
2025-07-10T03:00:00Z,61.2,0.0,83.0,13.8,observed
2025-07-10T04:00:00Z,61.7,0.0,75.0,13.6,observed
2025-07-10T05:00:00Z,61.9,0.0,73.0,4.1,observed
2025-07-10T06:00:00Z,64.9,0.0,69.0,6.0,observed
2025-07-10T07:00:00Z,67.6,0.0,61.0,11.4,observed
2025-07-10T09:00:00Z,71.8,0.0,55.0,18.6,observed
2025-07-10T10:00:00Z,68.0,0.8,84.0,7.3,observed
2025-07-10T11:00:00Z,67.3,2.2,81.0,20.9,observed
10/07/2025 12:00,70.3,4.9,81.0,6.3,observed
2025-07-10T13:00:00Z,72.7,0.0,58.0,5.8,observed
2025-07-10T14:00:00Z,66.6,2.1,81.0,9.1,observed
2025-07-10T15:00:00Z,67.3,2.5,77.0,14.1,observed
10/07/2025 16:00,64.8,2.3,86.0,9.8,observed
10/07/2025 17:00,68.5,0.0,66.0,12.6,observed
2025-07-10T18:00:00Z,66.0,0.0,70.0,14.0,observed
10/07/2025 19:00,60.4,5.6,88.0,4.1,observed
2025-07-10T19:00:00Z,61.1,6.5,88.0,4.1,observed
2025-07-10T20:00:00Z,61.7,0.0,74.0,3.8,observed
2025-07-10T21:00:00Z,60.4,0.0,86.0,6.2,observed
2025-07-10T22:00:00Z,59.7,0.0,80.0,15.8,observed
2025-07-10T23:00:00Z,59.5,0.0,80.0,6.3,observed
2025-07-11T00:00:00Z,61.2,0.0,75.0,8.8,observed
2025-07-11T01:00:00Z,59.2,0.0,80.0,8.7,observed
2025-07-11T02:00:00Z,61.7,0.0,69.0,10.8,observed
2025-07-11T03:00:00Z,61.9,0.0,74.0,13.9,observed
2025-07-11T04:00:00Z,62.4,0.0,69.0,12.3,observed
2025-07-11T05:00:00Z,65.3,0.0,71.0,10.6,observed
2025-07-11T06:00:00Z,67.3,0.0,65.0,7.6,observed
2025-07-11T07:00:00Z,68.5,0.0,72.0,11.1,observed
2025-07-11T08:00:00Z,67.5,3.4,77.0,12.6,observed
2025-07-11T09:00:00Z,71.2,0.0,56.0,20.4,observed
2025-07-11T10:00:00Z,73.9,0.0,66.0,12.2,observed
2025-07-11T11:00:00Z,68.9,7.7,83.0,6.2,observed
2025-07-11T12:00:00Z,71.2,1.4,77.0,17.1,observed
2025-07-11T13:00:00Z,73.0,0.0,58.0,5.1,observed
2025-07-11T14:00:00Z,69.8,7.5,79.0,12.8,observed
2025-07-11T15:00:00Z,66.4,1.5,93.0,12.4,observed
2025-07-11T16:00:00Z,72.0,0.0,60.0,6.9,observed
2025-07-11T17:00:00Z,68.9,0.0,59.0,17.3,observed
2025-07-11T18:00:00Z,67.5,0.0,60.0,5.8,observed
2025-07-11T20:00:00Z,63.3,0.0,60.0,6.1,observed
2025-07-11T21:00:00Z,58.1,0.0,71.0,20.3,observed
2025-07-11T22:00:00Z,56.8,0.0,,5.5,observed
2025-07-11T23:00:00Z,55.4,0.0,75.0,9.3,observed
2025-07-12T00:00:00Z,55.9,0.0,76.0,15.6,observed
2025-07-12T01:00:00Z,55.0,0.0,77.0,12.5,observed
2025-07-12T02:00:00Z,57.9,0.0,75.0,15.0,observed
2025-07-12T03:00:00Z,58.1,0.0,75.0,17.9,observed
2025-07-12T04:00:00Z,60.6,0.0,73.0,7.5,observed
2025-07-12T05:00:00Z,61.2,0.0,72.0,15.8,observed
2025-07-12T06:00:00Z,63.3,0.0,67.0,11.2,observed
2025-07-12T07:00:00Z,65.1,0.0,71.0,8.7,observed
2025-07-12T08:00:00Z,66.9,0.3,66.0,8.3,observed
2025-07-12T09:00:00Z,68.7,-9999.0,67.0,13.1,observed
2025-07-12T10:00:00Z,69.1,0.0,71.0,5.2,observed
12/07/2025 11:00,65.7,4.6,82.0,9.4,observed
2025-07-12T12:00:00Z,71.1,0.0,59.0,10.4,observed
2025-07-12T13:00:00Z,70.2,0.0,65.0,9.1,observed
2025-07-12T14:00:00Z,64.8,1.7,91.0,7.3,observed
2025-07-12T15:00:00Z,67.6,0.2,56.0,9.5,observed
2025-07-12T16:00:00Z,66.9,0.0,69.0,4.8,observed
2025-07-12T17:00:00Z,61.7,5.2,87.0,19.3,observed
2025-07-12T18:00:00Z,58.6,2.4,94.0,10.4,observed
2025-07-12T19:00:00Z,61.0,0.1,69.0,10.2,observed
2025-07-12T20:00:00Z,58.6,0.0,77.0,10.2,observed
2025-07-12T21:00:00Z,56.7,0.0,90.0,6.7,observed
2025-07-12T22:00:00Z,57.4,0.0,71.0,8.7,observed
2025-07-12T23:00:00Z,55.6,0.0,83.0,7.3,observed
2025-07-13T00:00:00Z,54.3,0.0,81.0,8.4,observed
2025-07-13T01:00:00Z,55.6,0.0,78.0,13.7,observed
2025-07-13T02:00:00Z,57.7,0.0,89.0,10.1,observed
2025-07-13T03:00:00Z,57.6,0.0,74.0,11.7,observed
2025-07-13T03:00:00Z,58.7,0.0,74.0,11.7,observed
2025-07-13T04:00:00Z,58.1,-9999.0,73.0,7.8,observed
2025-07-13T05:00:00Z,61.3,0.0,67.0,8.0,observed
2025-07-13T06:00:00Z,61.2,0.0,76.0,8.7,observed
2025-07-13T07:00:00Z,63.9,0.0,72.0,7.9,observed
2025-07-13T08:00:00Z,67.1,0.0,81.0,12.3,observed
2025-07-13T09:00:00Z,67.3,0.0,63.0,9.4,observed
2025-07-13T10:00:00Z,64.8,4.6,93.0,15.5,observed
2025-07-13T11:00:00Z,69.3,0.0,67.0,6.6,observed
2025-07-13T12:00:00Z,66.9,13.6,80.0,12.9,observed
2025-07-13T13:00:00Z,68.5,0.0,66.0,8.5,observed
2025-07-13T14:00:00Z,69.4,0.0,61.0,9.2,observed
2025-07-13T15:00:00Z,66.4,0.0,71.0,8.2,observed
2025-07-13T16:00:00Z,67.1,0.0,74.0,9.9,observed
13/07/2025 17:00,59.9,1.4,93.0,14.8,observed
2025-07-13T18:00:00Z,61.9,0.0,75.0,4.8,observed
2025-07-13T19:00:00Z,60.4,0.0,74.0,8.5,observed
2025-07-13T20:00:00Z,57.2,0.0,71.0,11.7,observed
2025-07-13T21:00:00Z,60.6,0.0,76.0,17.2,observed
2025-07-13T22:00:00Z,59.4,0.0,74.0,6.7,observed
2025-07-13T23:00:00Z,58.8,0.0,71.0,7.5,observed
2025-07-14T00:00:00Z,57.2,0.0,89.0,11.4,observed
2025-07-14T01:00:00Z,57.4,0.0,79.0,7.7,observed
2025-07-14T02:00:00Z,56.8,0.0,82.0,10.0,observed
2025-07-14T03:00:00Z,59.4,0.0,71.0,16.4,observed
2025-07-14T04:00:00Z,62.4,0.0,73.0,9.5,observed
2025-07-14T05:00:00Z,61.9,0.0,71.0,14.8,observed
2025-07-14T06:00:00Z,65.3,0.0,56.0,10.5,observed
2025-07-14T07:00:00Z,66.7,0.0,67.0,9.7,observed
2025-07-14T08:00:00Z,68.5,0.0,66.0,13.1,observed
2025-07-14T09:00:00Z,69.1,0.0,70.0,10.1,observed
2025-07-14T10:00:00Z,70.9,0.0,57.0,7.8,observed
2025-07-14T11:00:00Z,72.5,0.0,68.0,4.5,observed
2025-07-14T12:00:00Z,68.9,2.7,79.0,6.1,observed
2025-07-14T13:00:00Z,68.2,2.6,80.0,9.8,observed
2025-07-14T14:00:00Z,70.5,0.2,61.0,4.7,observed
2025-07-14T15:00:00Z,66.0,4.8,90.0,12.5,observed
2025-07-14T16:00:00Z,67.5,0.0,64.0,4.4,observed
2025-07-14T17:00:00Z,62.1,1.1,85.0,11.9,observed
2025-07-14T18:00:00Z,65.8,0.0,68.0,22.6,observed
14/07/2025 19:00,61.0,0.0,76.0,18.3,observed
2025-07-14T20:00:00Z,61.3,0.0,89.0,14.8,observed
2025-07-14T21:00:00Z,60.1,0.0,72.0,3.6,observed
2025-07-14T22:00:00Z,60.4,0.0,86.0,8.6,observed
14/07/2025 23:00,57.9,0.0,81.0,11.6,observed
2025-07-15T00:00:00Z,60.1,0.0,80.0,9.0,observed
2025-07-15T01:00:00Z,57.9,0.0,80.0,14.8,observed
2025-07-15T02:00:00Z,58.5,0.0,72.0,11.7,observed
2025-07-15T03:00:00Z,61.9,0.0,74.0,8.0,observed
2025-07-15T04:00:00Z,61.7,0.0,67.0,11.6,observed
2025-07-15T05:00:00Z,63.1,0.0,66.0,12.1,observed
15/07/2025 06:00,66.0,0.0,69.0,15.0,observed
2025-07-15T07:00:00Z,68.2,0.0,56.0,12.2,observed
2025-07-15T08:00:00Z,70.0,0.0,59.0,16.7,observed
15/07/2025 09:00,71.4,0.0,60.0,13.5,observed
2025-07-15T10:00:00Z,69.1,2.3,75.0,13.9,observed
2025-07-15T11:00:00Z,68.2,4.9,83.0,24.8,observed
2025-07-15T12:00:00Z,70.5,10.4,74.0,9.6,observed
2025-07-15T13:00:00Z,74.7,0.0,51.0,6.8,observed
2025-07-15T14:00:00Z,74.3,0.0,56.0,6.5,observed
2025-07-15T15:00:00Z,68.2,1.7,72.0,13.7,observed
2025-07-15T16:00:00Z,66.9,2.4,78.0,15.4,observed
2025-07-15T17:00:00Z,64.6,5.2,85.0,10.3,observed
2025-07-15T18:00:00Z,66.0,0.0,72.0,15.5,observed
2025-07-15T19:00:00Z,65.1,0.0,83.0,16.5,observed
2025-07-15T20:00:00Z,62.2,0.0,78.0,15.3,observed
2025-07-15T21:00:00Z,58.8,0.0,82.0,3.6,observed
2025-07-15T22:00:00Z,59.2,0.0,78.0,21.9,observed
2025-07-15T23:00:00Z,57.4,0.0,78.0,5.3,observed
2025-07-16T00:00:00Z,57.0,0.0,83.0,6.5,observed
16/07/2025 01:00,57.0,0.0,77.0,7.8,observed
2025-07-16T02:00:00Z,57.7,0.0,82.0,12.3,observed
16/07/2025 03:00,57.4,0.0,75.0,17.1,observed
2025-07-16T04:00:00Z,60.6,0.0,71.0,6.5,observed
2025-07-16T05:00:00Z,63.1,0.0,75.0,8.4,observed
2025-07-16T06:00:00Z,64.6,0.0,67.0,16.8,observed
2025-07-16T07:00:00Z,66.7,0.0,65.0,13.7,observed
16/07/2025 08:00,70.3,0.0,76.0,7.8,observed
2025-07-16T09:00:00Z,71.1,0.0,66.0,6.3,observed
2025-07-16T10:00:00Z,70.5,0.0,58.0,11.0,observed
2025-07-16T11:00:00Z,73.0,0.0,54.0,15.2,observed
2025-07-16T12:00:00Z,73.2,0.0,56.0,4.2,observed
2025-07-16T13:00:00Z,67.8,16.1,79.0,8.0,observed
2025-07-16T14:00:00Z,68.9,1.0,,8.5,observed
2025-07-16T15:00:00Z,65.3,1.7,91.0,8.3,observed
2025-07-16T16:00:00Z,70.0,0.0,61.0,14.4,observed
16/07/2025 17:00,67.6,0.0,68.0,6.8,observed
2025-07-16T18:00:00Z,66.2,0.0,64.0,5.4,observed
2025-07-16T19:00:00Z,63.0,0.0,65.0,12.4,observed
2025-07-16T20:00:00Z,61.2,0.0,79.0,7.6,observed
2025-07-16T21:00:00Z,59.2,0.0,71.0,7.4,observed
16/07/2025 22:00,56.7,0.0,65.0,4.4,observed
2025-07-16T23:00:00Z,56.7,0.0,76.0,8.9,observed
2025-07-17T01:00:00Z,56.3,0.0,82.0,9.2,observed
2025-07-17T02:00:00Z,58.5,0.0,72.0,16.4,observed
2025-07-17T03:00:00Z,58.8,0.0,79.0,6.8,observed
2025-07-17T04:00:00Z,60.6,0.0,73.0,12.1,observed
2025-07-17T05:00:00Z,62.4,0.0,71.0,17.2,observed
2025-07-17T06:00:00Z,63.9,0.0,69.0,6.7,observed
2025-07-17T07:00:00Z,66.7,-9999.0,63.0,13.8,observed
2025-07-17T08:00:00Z,67.6,0.0,63.0,6.9,observed
2025-07-17T09:00:00Z,66.2,3.9,72.0,12.8,observed
2025-07-17T10:00:00Z,68.5,4.7,83.0,4.4,observed
2025-07-17T11:00:00Z,68.7,1.1,81.0,9.5,observed
2025-07-17T12:00:00Z,71.2,0.0,65.0,4.3,observed
2025-07-17T13:00:00Z,70.7,0.0,63.0,12.2,observed
2025-07-17T16:00:00Z,68.0,0.0,63.0,13.8,observed
2025-07-17T17:00:00Z,61.5,2.8,84.0,12.3,observed
2025-07-17T18:00:00Z,58.3,1.3,89.0,14.8,observed
2025-07-17T19:00:00Z,58.8,0.8,,15.9,observed
2025-07-17T20:00:00Z,60.8,0.0,78.0,11.0,observed
2025-07-17T21:00:00Z,58.3,0.0,81.0,6.3,observed
2025-07-17T22:00:00Z,57.7,0.0,83.0,5.1,observed
2025-07-17T23:00:00Z,56.5,0.0,84.0,9.3,observed
2025-07-18T00:00:00Z,57.6,0.0,78.0,9.1,observed
2025-07-18T01:00:00Z,56.3,0.0,83.0,11.4,observed
2025-07-18T02:00:00Z,57.0,0.0,84.0,8.7,observed
2025-07-18T03:00:00Z,,0.0,79.0,7.9,observed
2025-07-18T04:00:00Z,60.3,0.0,80.0,13.4,observed
2025-07-18T05:00:00Z,61.0,0.0,84.0,14.5,observed
2025-07-18T06:00:00Z,63.0,0.0,68.0,14.1,observed
2025-07-18T07:00:00Z,64.9,0.0,,18.6,observed
2025-07-18T08:00:00Z,68.9,0.0,70.0,18.9,observed
2025-07-18T09:00:00Z,69.3,0.0,65.0,10.0,observed
2025-07-18T10:00:00Z,66.7,1.5,87.0,11.6,observed
2025-07-18T11:00:00Z,70.7,0.0,60.0,5.5,observed
2025-07-18T12:00:00Z,72.3,0.0,58.0,11.2,observed
2025-07-18T13:00:00Z,70.5,-9999.0,60.0,9.5,observed
2025-07-18T14:00:00Z,70.2,0.0,63.0,10.6,observed
2025-07-18T15:00:00Z,65.5,3.6,84.0,15.6,observed
2025-07-18T16:00:00Z,63.9,12.5,81.0,4.7,observed
2025-07-18T17:00:00Z,66.2,0.0,65.0,8.6,observed
2025-07-18T18:00:00Z,63.0,0.0,,13.0,observed
2025-07-18T19:00:00Z,60.6,0.0,78.0,14.8,observed
2025-07-18T20:00:00Z,59.4,0.0,77.0,17.6,observed
2025-07-18T21:00:00Z,57.9,0.0,74.0,9.7,observed
2025-07-18T22:00:00Z,58.6,0.0,83.0,13.2,observed
2025-07-18T23:00:00Z,57.4,0.0,85.0,8.7,observed
2025-07-19T00:00:00Z,57.7,0.0,82.0,16.3,observed
2025-07-19T01:00:00Z,58.1,0.0,70.0,15.0,observed
2025-07-19T02:00:00Z,55.8,0.0,89.0,9.3,observed
2025-07-19T03:00:00Z,58.5,0.0,79.0,16.3,observed
2025-07-19T04:00:00Z,61.5,0.0,68.0,13.0,observed
2025-07-19T05:00:00Z,63.9,0.0,69.0,4.7,observed
2025-07-19T07:00:00Z,66.2,0.0,74.0,16.9,observed
2025-07-19T08:00:00Z,68.2,0.0,63.0,6.7,observed
2025-07-19T09:00:00Z,70.0,0.0,61.0,7.7,observed
2025-07-19T10:00:00Z,67.5,4.2,65.0,7.1,observed
2025-07-19T11:00:00Z,68.5,5.3,75.0,17.6,observed
2025-07-19T12:00:00Z,67.5,1.6,90.0,10.2,observed
19/07/2025 13:00,66.7,2.9,80.0,10.7,observed
2025-07-19T14:00:00Z,70.7,0.0,59.0,7.8,observed
2025-07-19T15:00:00Z,68.7,0.9,78.0,6.4,observed
2025-07-19T17:00:00Z,61.3,5.5,87.0,5.2,observed
2025-07-19T18:00:00Z,66.0,0.0,67.0,17.4,observed
2025-07-19T19:00:00Z,63.7,0.0,61.0,10.7,observed
2025-07-19T20:00:00Z,61.9,0.0,79.0,8.0,observed
2025-07-19T21:00:00Z,59.5,0.0,75.0,5.5,observed
2025-07-19T22:00:00Z,60.1,0.0,76.0,12.5,observed
2025-07-19T23:00:00Z,57.6,0.0,74.0,11.6,observed
2025-07-20T00:00:00Z,59.7,0.0,68.0,5.8,observed
2025-07-20T01:00:00Z,58.5,0.0,82.0,20.4,observed
2025-07-20T02:00:00Z,57.9,0.0,76.0,11.1,observed
2025-07-20T03:00:00Z,59.2,0.0,78.0,10.3,observed
2025-07-20T04:00:00Z,60.6,0.0,84.0,11.0,observed
2025-07-20T05:00:00Z,62.6,0.0,65.0,7.4,observed
2025-07-20T06:00:00Z,66.0,0.0,67.0,4.8,observed
2025-07-20T07:00:00Z,66.4,0.0,68.0,7.9,observed
2025-07-20T08:00:00Z,68.4,0.0,66.0,11.7,observed
2025-07-20T09:00:00Z,71.2,0.0,57.0,7.1,observed
20/07/2025 10:00,66.4,3.0,84.0,15.3,observed
2025-07-20T11:00:00Z,66.9,4.1,82.0,7.2,observed
2025-07-20T12:00:00Z,67.8,9.4,90.0,15.5,observed
2025-07-20T13:00:00Z,67.3,6.7,73.0,11.9,observed
2025-07-20T14:00:00Z,71.1,0.0,54.0,8.1,observed
20/07/2025 15:00,70.9,0.0,61.0,8.2,observed
2025-07-20T16:00:00Z,64.0,3.1,95.0,5.1,observed
2025-07-20T17:00:00Z,65.5,0.0,68.0,6.3,observed
2025-07-20T18:00:00Z,61.3,0.7,94.0,12.5,observed
2025-07-20T19:00:00Z,63.3,0.0,76.0,4.2,observed
2025-07-20T20:00:00Z,61.5,0.0,66.0,10.0,observed
2025-07-20T21:00:00Z,59.5,0.0,86.0,12.9,observed
2025-07-20T22:00:00Z,58.8,0.0,71.0,9.0,observed
20/07/2025 23:00,57.6,0.0,72.0,18.3,observed
2025-07-21T00:00:00Z,56.5,0.0,73.0,9.1,observed
2025-07-21T01:00:00Z,55.9,0.0,80.0,14.8,observed
21/07/2025 02:00,57.6,0.0,82.0,5.1,observed
2025-07-21T03:00:00Z,58.5,0.0,73.0,10.8,observed
2025-07-21T04:00:00Z,60.4,0.0,81.0,10.3,observed
2025-07-21T05:00:00Z,62.1,0.0,70.0,8.2,observed
2025-07-21T06:00:00Z,64.8,0.0,70.0,17.6,observed
2025-07-21T07:00:00Z,66.6,0.0,67.0,10.3,observed
2025-07-21T08:00:00Z,67.8,0.0,67.0,5.0,observed
2025-07-21T09:00:00Z,71.1,0.0,57.0,16.7,observed
21/07/2025 10:00,66.7,2.8,74.0,4.8,observed
2025-07-21T11:00:00Z,71.1,0.0,55.0,8.0,observed
2025-07-21T12:00:00Z,67.5,4.8,81.0,13.1,observed
2025-07-21T13:00:00Z,67.5,2.4,73.0,13.2,observed
2025-07-21T14:00:00Z,65.7,3.1,73.0,6.5,observed
2025-07-21T15:00:00Z,70.0,0.0,67.0,7.9,observed
2025-07-21T16:00:00Z,64.9,3.0,81.0,8.8,observed
2025-07-21T17:00:00Z,66.2,0.0,78.0,16.3,observed
21/07/2025 18:00,65.5,0.0,70.0,15.8,observed
2025-07-21T19:00:00Z,62.4,0.0,70.0,6.8,observed
2025-07-21T20:00:00Z,60.4,0.0,73.0,15.6,observed
2025-07-21T21:00:00Z,59.9,0.0,70.0,11.2,observed
2025-07-21T22:00:00Z,60.6,0.0,75.0,12.7,observed
2025-07-21T23:00:00Z,57.9,0.0,82.0,10.5,observed
22/07/2025 00:00,57.6,0.0,75.0,8.2,observed
2025-07-22T01:00:00Z,56.5,0.0,86.0,17.4,observed
22/07/2025 02:00,59.2,0.0,82.0,15.8,observed
2025-07-22T03:00:00Z,60.8,0.0,82.0,6.4,observed
2025-07-22T04:00:00Z,61.2,0.0,67.0,10.5,observed
2025-07-22T05:00:00Z,63.3,0.0,,9.9,observed
2025-07-22T06:00:00Z,64.9,0.0,68.0,11.5,observed
2025-07-22T07:00:00Z,66.4,0.0,71.0,13.2,observed
2025-07-22T08:00:00Z,69.1,0.0,59.0,19.0,observed
2025-07-22T09:00:00Z,70.0,0.0,55.0,9.0,observed
22/07/2025 10:00,71.6,0.0,61.0,6.2,observed
2025-07-22T11:00:00Z,72.9,0.0,60.0,20.0,observed
2025-07-22T12:00:00Z,69.4,2.3,72.0,13.7,observed
2025-07-22T13:00:00Z,71.8,0.0,65.0,5.2,observed
2025-07-22T14:00:00Z,72.9,0.0,64.0,13.5,observed
2025-07-22T15:00:00Z,70.3,0.0,63.0,7.2,observed
2025-07-22T16:00:00Z,66.2,9.5,92.0,13.7,observed
2025-07-22T17:00:00Z,65.7,0.0,65.0,9.2,observed
2025-07-22T17:00:00Z,62.7,0.0,65.0,9.2,observed
22/07/2025 18:00,64.6,0.0,71.0,12.7,observed
2025-07-22T19:00:00Z,62.2,0.0,74.0,6.3,observed
22/07/2025 20:00,60.8,0.0,79.0,9.0,observed
2025-07-22T21:00:00Z,64.0,0.0,68.0,16.8,observed
2025-07-22T22:00:00Z,62.1,0.0,70.0,14.1,observed
2025-07-22T23:00:00Z,60.4,0.0,81.0,9.3,observed
2025-07-23T00:00:00Z,61.7,0.0,75.0,11.1,observed
2025-07-23T01:00:00Z,61.0,0.0,69.0,9.9,observed
2025-07-23T02:00:00Z,63.0,0.0,74.0,11.4,observed
2025-07-23T03:00:00Z,65.1,0.0,69.0,9.0,observed
2025-07-23T04:00:00Z,66.4,0.0,70.0,10.6,observed
2025-07-23T05:00:00Z,68.0,0.0,59.0,16.1,observed
2025-07-23T07:00:00Z,72.1,0.0,58.0,4.8,observed
2025-07-23T08:00:00Z,71.2,0.0,57.0,10.5,observed
2025-07-23T09:00:00Z,73.9,0.0,57.0,7.5,observed
2025-07-23T10:00:00Z,76.6,0.0,59.0,4.9,observed
2025-07-23T11:00:00Z,75.6,0.0,54.0,15.0,observed
2025-07-23T12:00:00Z,71.2,2.7,76.0,14.4,observed
2025-07-23T13:00:00Z,73.8,4.2,78.0,9.1,observed
2025-07-23T14:00:00Z,73.9,0.0,56.0,12.1,observed
2025-07-23T15:00:00Z,75.4,0.0,60.0,12.0,observed
2025-07-23T16:00:00Z,68.9,4.6,88.0,8.0,observed
23/07/2025 17:00,71.1,0.0,61.0,10.6,observed
2025-07-23T18:00:00Z,66.4,2.2,91.0,7.0,observed
2025-07-23T19:00:00Z,63.0,13.9,83.0,10.8,observed
2025-07-23T20:00:00Z,65.3,0.0,68.0,6.8,observed
2025-07-23T21:00:00Z,60.1,0.0,71.0,11.7,observed
2025-07-23T22:00:00Z,60.4,0.0,80.0,6.9,observed
2025-07-23T23:00:00Z,57.0,0.0,71.0,10.9,observed
2025-07-24T00:00:00Z,58.8,0.0,79.0,5.0,observed
2025-07-24T01:00:00Z,57.7,-9999.0,91.0,8.0,observed
2025-07-24T02:00:00Z,59.9,0.0,81.0,11.9,observed
2025-07-24T03:00:00Z,58.8,0.0,81.0,17.7,observed
2025-07-24T04:00:00Z,60.6,-9999.0,75.0,10.5,observed
2025-07-24T05:00:00Z,64.2,0.0,66.0,11.4,observed
2025-07-24T06:00:00Z,64.6,0.0,74.0,3.9,observed
24/07/2025 07:00,66.7,0.0,59.0,5.2,observed
2025-07-24T08:00:00Z,68.4,0.0,63.0,10.8,observed
2025-07-24T09:00:00Z,71.1,0.0,,10.1,observed
2025-07-24T10:00:00Z,72.7,0.0,62.0,11.0,observed
2025-07-24T11:00:00Z,71.6,0.0,59.0,11.1,observed
2025-07-24T12:00:00Z,73.8,0.0,61.0,15.1,observed
24/07/2025 14:00,71.2,0.0,61.0,10.4,observed
2025-07-24T15:00:00Z,70.0,0.0,59.0,5.4,observed
2025-07-24T16:00:00Z,68.7,0.0,68.0,9.3,observed
2025-07-24T17:00:00Z,67.8,0.0,66.0,11.3,observed
2025-07-24T18:00:00Z,64.2,0.0,75.0,18.9,observed
2025-07-24T19:00:00Z,61.7,0.0,65.0,8.0,observed
2025-07-24T20:00:00Z,59.9,0.0,,15.0,observed
2025-07-24T21:00:00Z,56.7,0.0,94.0,10.9,observed
2025-07-24T22:00:00Z,56.1,0.0,79.0,10.4,observed
2025-07-24T23:00:00Z,55.6,0.0,80.0,15.0,observed
2025-07-25T00:00:00Z,12.9,0.0,78.0,13.8,observed
2025-07-25T01:00:00Z,13.1,0.0,,12.6,observed
2025-07-25T02:00:00Z,14.6,0.0,69.0,8.3,observed
25/07/2025 03:00,14.4,0.0,71.0,8.3,observed
2025-07-25T04:00:00Z,15.1,0.0,77.0,13.6,observed
2025-07-25T05:00:00Z,16.0,0.0,,10.5,observed
2025-07-25T06:00:00Z,17.4,0.0,81.0,16.1,observed
2025-07-25T07:00:00Z,18.3,0.0,71.0,6.7,observed
2025-07-25T08:00:00Z,18.5,3.5,84.0,14.5,observed
2025-07-25T09:00:00Z,20.4,0.0,68.0,7.6,observed
2025-07-25T10:00:00Z,20.6,0.0,64.0,14.7,observed
2025-07-25T11:00:00Z,21.2,0.0,70.0,7.4,observed
25/07/2025 12:00,19.1,1.4,69.0,5.0,observed
2025-07-25T13:00:00Z,18.5,20.3,82.0,14.5,observed
2025-07-25T14:00:00Z,19.2,2.3,87.0,14.8,observed
2025-07-25T15:00:00Z,21.1,0.3,61.0,4.7,observed
2025-07-25T16:00:00Z,18.9,0.4,65.0,20.0,observed
2025-07-25T17:00:00Z,,0.0,71.0,13.0,observed
25/07/2025 18:00,18.4,0.0,67.0,7.0,observed
2025-07-25T19:00:00Z,16.7,0.0,71.0,5.5,observed
2025-07-25T20:00:00Z,14.8,0.0,78.0,14.1,observed
2025-07-25T21:00:00Z,12.7,0.0,78.0,9.9,observed
25/07/2025 22:00,12.4,0.0,80.0,8.0,observed
2025-07-25T23:00:00Z,12.7,0.0,81.0,12.5,observed
2025-07-26T00:00:00Z,11.8,0.0,96.0,17.7,observed
2025-07-26T01:00:00Z,11.6,0.0,,10.4,observed
2025-07-26T02:00:00Z,12.1,0.0,73.0,11.7,observed
2025-07-26T03:00:00Z,14.3,0.0,75.0,9.9,observed
2025-07-26T04:00:00Z,13.4,0.0,78.0,11.5,observed
2025-07-26T05:00:00Z,15.4,0.0,81.0,10.7,observed
2025-07-26T06:00:00Z,16.6,0.0,69.0,8.4,observed
2025-07-26T07:00:00Z,17.5,0.0,67.0,3.5,observed
2025-07-26T08:00:00Z,18.3,0.0,72.0,11.1,observed
2025-07-26T09:00:00Z,19.9,0.0,58.0,12.2,observed
2025-07-26T10:00:00Z,20.3,0.0,70.0,14.3,observed
2025-07-26T11:00:00Z,18.1,4.7,,14.4,observed
2025-07-26T12:00:00Z,20.8,0.0,68.0,12.9,observed
2025-07-26T14:00:00Z,19.2,2.2,76.0,9.7,observed
2025-07-26T15:00:00Z,20.2,0.0,67.0,7.6,observed
2025-07-26T16:00:00Z,17.2,5.3,87.0,5.9,observed
2025-07-26T17:00:00Z,17.8,0.0,65.0,11.6,observed
2025-07-26T18:00:00Z,15.8,0.0,71.0,7.6,observed
2025-07-26T19:00:00Z,15.0,0.0,77.0,13.4,observed
2025-07-26T20:00:00Z,14.4,0.0,81.0,11.1,observed
2025-07-26T21:00:00Z,13.4,-9999.0,85.0,11.7,observed
2025-07-26T22:00:00Z,12.8,0.0,87.0,10.7,observed
2025-07-26T23:00:00Z,12.3,0.0,82.0,10.0,observed
2025-07-27T00:00:00Z,11.5,0.0,,13.1,observed
27/07/2025 01:00,12.1,0.0,86.0,11.0,observed
2025-07-27T02:00:00Z,13.2,0.0,82.0,6.5,observed
27/07/2025 03:00,13.9,0.0,88.0,9.3,observed
2025-07-27T04:00:00Z,15.2,0.0,77.0,7.5,observed
2025-07-27T05:00:00Z,15.5,0.0,77.0,12.2,observed
2025-07-27T06:00:00Z,17.0,0.0,76.0,7.4,observed
2025-07-27T07:00:00Z,17.4,0.0,69.0,10.5,observed
2025-07-27T08:00:00Z,19.3,0.0,76.0,9.5,observed
2025-07-27T09:00:00Z,20.2,0.0,54.0,9.0,observed
27/07/2025 10:00,20.2,0.0,60.0,6.8,observed
2025-07-27T11:00:00Z,19.0,2.5,77.0,9.7,observed
2025-07-27T12:00:00Z,18.2,2.5,88.0,11.2,observed
2025-07-27T13:00:00Z,20.6,0.3,61.0,7.3,observed
27/07/2025 14:00,18.3,1.7,87.0,10.2,observed
2025-07-27T15:00:00Z,19.1,0.0,62.0,7.6,observed
27/07/2025 16:00,18.5,0.0,65.0,7.9,observed
2025-07-27T17:00:00Z,17.0,0.0,73.0,7.3,observed
2025-07-27T18:00:00Z,16.2,0.0,72.0,16.3,observed
2025-07-27T19:00:00Z,15.6,0.0,75.0,5.5,observed
2025-07-27T20:00:00Z,13.9,0.0,85.0,15.6,observed
27/07/2025 21:00,13.1,0.0,86.0,11.4,observed
2025-07-27T22:00:00Z,12.4,0.0,,18.4,observed
2025-07-27T23:00:00Z,11.5,0.0,99.0,13.0,observed
2025-07-28T00:00:00Z,12.2,0.0,82.0,12.1,observed
2025-07-28T01:00:00Z,11.2,0.0,81.0,5.6,observed
2025-07-28T02:00:00Z,13.3,0.0,78.0,18.5,observed
2025-07-28T03:00:00Z,13.0,0.0,86.0,9.6,observed
2025-07-28T04:00:00Z,13.8,0.0,77.0,18.2,observed
2025-07-28T05:00:00Z,15.3,0.0,79.0,23.9,observed
2025-07-28T06:00:00Z,16.6,0.0,72.0,11.3,observed
2025-07-28T07:00:00Z,17.2,0.0,76.0,18.4,observed
28/07/2025 08:00,17.5,0.0,77.0,10.3,observed
2025-07-28T09:00:00Z,19.0,0.0,64.0,10.7,observed
2025-07-28T10:00:00Z,19.6,0.0,62.0,13.9,observed
2025-07-28T11:00:00Z,19.0,0.0,68.0,6.6,observed
2025-07-28T13:00:00Z,20.1,0.0,70.0,11.0,observed
2025-07-28T14:00:00Z,20.0,0.0,57.0,8.4,observed
2025-07-28T15:00:00Z,19.4,0.0,67.0,18.4,observed
2025-07-28T16:00:00Z,17.6,0.0,,7.0,observed
2025-07-28T17:00:00Z,15.1,1.2,85.0,5.1,observed
2025-07-28T18:00:00Z,16.5,0.0,65.0,9.6,observed
2025-07-28T19:00:00Z,13.4,1.0,93.0,16.1,observed
2025-07-28T20:00:00Z,13.4,0.0,85.0,8.5,observed
2025-07-28T21:00:00Z,11.0,0.0,78.0,12.6,observed
28/07/2025 22:00,9.6,0.0,89.0,17.4,observed
2025-07-28T23:00:00Z,9.7,0.0,89.0,10.8,observed
2025-07-29T00:00:00Z,9.1,0.0,94.0,7.1,observed
29/07/2025 01:00,9.1,0.0,92.0,23.0,observed
2025-07-29T02:00:00Z,9.7,0.0,93.0,15.7,observed
2025-07-29T03:00:00Z,9.9,0.0,80.0,12.2,observed
2025-07-29T04:00:00Z,12.0,0.0,76.0,12.2,observed
2025-07-29T05:00:00Z,13.6,0.0,76.0,12.3,observed
29/07/2025 06:00,13.8,0.0,71.0,9.5,observed
2025-07-29T07:00:00Z,15.1,0.0,,9.0,observed
2025-07-29T08:00:00Z,13.8,20.3,86.0,5.2,observed
2025-07-29T09:00:00Z,17.0,0.0,77.0,11.0,observed
2025-07-29T10:00:00Z,17.4,0.0,73.0,8.4,observed
2025-07-29T11:00:00Z,18.2,0.0,71.0,5.4,observed
2025-07-29T12:00:00Z,16.8,6.1,97.0,12.3,observed
2025-07-29T13:00:00Z,16.7,3.7,87.0,10.9,observed
2025-07-29T14:00:00Z,15.4,2.3,90.0,4.6,observed
2025-07-29T15:00:00Z,15.0,2.7,86.0,6.2,observed
2025-07-29T16:00:00Z,13.5,0.6,96.0,14.3,observed
2025-07-29T17:00:00Z,12.0,2.8,99.0,18.6,observed
2025-07-29T18:00:00Z,15.1,0.0,82.0,9.0,observed
2025-07-29T19:00:00Z,13.4,0.0,73.0,7.3,observed
2025-07-29T20:00:00Z,12.5,0.0,74.0,14.5,observed
2025-07-29T21:00:00Z,11.6,0.0,82.0,13.9,observed
2025-07-29T22:00:00Z,11.6,0.0,90.0,10.0,observed
2025-07-29T23:00:00Z,11.1,0.0,81.0,15.4,observed
2025-07-30T00:00:00Z,10.8,0.0,86.0,9.9,observed
2025-07-30T01:00:00Z,11.0,0.0,90.0,8.4,observed
2025-07-30T02:00:00Z,11.9,0.0,84.0,8.3,observed
2025-07-30T03:00:00Z,11.7,0.0,83.0,7.2,observed
2025-07-30T04:00:00Z,13.9,0.0,87.0,11.6,observed
2025-07-30T05:00:00Z,14.4,0.0,73.0,7.7,observed
2025-07-30T06:00:00Z,15.0,0.0,84.0,17.4,observed
2025-07-30T07:00:00Z,16.6,0.0,61.0,16.0,observed
30/07/2025 08:00,15.4,3.6,89.0,10.4,observed
2025-07-30T09:00:00Z,18.4,0.0,67.0,14.6,observed
2025-07-30T10:00:00Z,18.7,0.0,63.0,8.7,observed
2025-07-30T11:00:00Z,18.8,0.0,,12.6,observed
2025-07-30T12:00:00Z,16.7,4.0,85.0,12.6,observed
2025-07-30T13:00:00Z,19.9,0.0,68.0,19.9,observed
2025-07-30T14:00:00Z,17.2,10.1,83.0,12.2,observed
30/07/2025 15:00,17.3,0.0,70.0,10.0,observed
2025-07-30T16:00:00Z,16.8,0.0,65.0,8.9,observed
2025-07-30T17:00:00Z,16.4,0.0,68.0,5.1,observed
2025-07-30T18:00:00Z,16.0,0.0,77.0,7.6,observed
2025-07-30T19:00:00Z,15.4,0.0,87.0,15.0,observed
2025-07-30T20:00:00Z,12.6,0.0,75.0,7.2,observed
2025-07-30T22:00:00Z,11.0,0.0,84.0,14.7,observed
2025-07-30T23:00:00Z,11.1,0.0,92.0,10.2,observed
2025-07-31T00:00:00Z,10.4,0.0,87.0,12.8,observed
31/07/2025 01:00,11.1,0.0,88.0,6.3,observed
2025-07-31T02:00:00Z,11.0,0.0,89.0,12.3,observed
2025-07-31T03:00:00Z,12.1,0.0,75.0,9.2,observed
2025-07-31T04:00:00Z,12.7,0.0,91.0,9.3,observed
2025-07-31T05:00:00Z,14.6,0.0,82.0,10.3,observed
2025-07-31T06:00:00Z,14.2,0.0,76.0,9.4,observed
2025-07-31T07:00:00Z,15.6,0.0,70.0,8.7,observed
2025-07-31T08:00:00Z,17.6,0.0,68.0,8.8,observed
2025-07-31T09:00:00Z,17.7,0.0,65.0,9.7,observed
2025-07-31T10:00:00Z,15.8,7.7,81.0,17.7,observed
2025-07-31T11:00:00Z,19.4,0.0,58.0,10.7,observed
2025-07-31T12:00:00Z,17.1,5.9,85.0,16.9,observed
2025-07-31T13:00:00Z,18.3,0.1,69.0,15.0,observed
2025-07-31T14:00:00Z,16.7,1.2,87.0,9.8,observed
2025-07-31T15:00:00Z,16.0,0.8,85.0,8.7,observed
31/07/2025 16:00,16.7,0.0,80.0,11.1,observed
2025-07-31T17:00:00Z,16.2,0.2,75.0,13.4,observed
2025-07-31T18:00:00Z,14.9,0.0,72.0,9.1,observed
2025-07-31T19:00:00Z,14.0,0.0,80.0,11.4,observed
2025-07-31T20:00:00Z,13.7,0.0,80.0,13.1,observed
2025-07-31T21:00:00Z,10.9,0.0,85.0,7.4,observed
2025-07-31T22:00:00Z,9.5,0.0,87.0,7.3,observed
2025-07-31T23:00:00Z,9.7,0.0,94.0,13.3,observed
2025-08-01T00:00:00Z,10.1,0.0,87.0,4.9,observed
2025-08-01T01:00:00Z,9.0,0.0,91.0,4.5,observed
2025-08-01T02:00:00Z,9.8,0.0,83.0,5.3,observed
2025-08-01T03:00:00Z,11.3,0.0,86.0,7.7,observed
2025-08-01T04:00:00Z,11.2,0.0,77.0,17.0,observed
2025-08-01T05:00:00Z,12.7,0.0,96.0,9.8,observed
2025-08-01T06:00:00Z,14.0,0.0,74.0,18.0,observed
2025-08-01T07:00:00Z,14.9,0.0,81.0,11.8,observed
2025-08-01T08:00:00Z,16.1,0.0,75.0,11.1,observed
2025-08-01T09:00:00Z,17.0,0.0,67.0,10.0,observed
2025-08-01T10:00:00Z,14.2,4.3,86.0,9.2,observed
2025-08-01T11:00:00Z,17.3,0.0,66.0,17.9,observed
01/08/2025 12:00,18.0,0.0,63.0,7.2,observed
2025-08-01T13:00:00Z,15.1,0.7,83.0,7.4,observed
2025-08-01T14:00:00Z,17.2,0.0,69.0,8.3,observed
2025-08-01T15:00:00Z,15.3,3.3,81.0,18.4,observed
2025-08-01T16:00:00Z,15.3,0.0,73.0,5.6,observed
2025-08-01T17:00:00Z,14.8,0.0,79.0,6.5,observed
2025-08-01T18:00:00Z,12.6,0.0,79.0,11.3,observed
01/08/2025 19:00,12.2,0.0,87.0,8.8,observed
2025-08-01T20:00:00Z,11.4,0.0,87.0,6.2,observed
2025-08-01T21:00:00Z,8.7,0.0,100.0,13.0,observed
2025-08-01T22:00:00Z,9.6,0.0,87.0,18.9,observed
2025-08-01T23:00:00Z,9.0,0.0,99.0,7.5,observed
2025-08-02T00:00:00Z,8.6,0.0,84.0,9.6,observed
2025-08-02T01:00:00Z,8.2,0.0,97.0,9.4,observed
2025-08-02T02:00:00Z,9.1,0.0,94.0,9.2,observed
2025-08-02T03:00:00Z,10.3,0.0,89.0,8.2,observed
2025-08-02T04:00:00Z,10.5,0.0,85.0,13.3,observed
2025-08-02T05:00:00Z,11.8,0.0,88.0,10.8,observed
2025-08-02T06:00:00Z,13.6,0.0,77.0,12.6,observed
2025-08-02T07:00:00Z,13.5,0.0,78.0,11.5,observed
2025-08-02T08:00:00Z,14.8,0.0,74.0,13.3,observed
2025-08-02T09:00:00Z,13.9,1.8,93.0,8.4,observed
2025-08-02T10:00:00Z,16.6,0.0,78.0,6.7,observed
2025-08-02T11:00:00Z,17.0,0.0,72.0,13.1,observed
02/08/2025 12:00,14.7,1.9,100.0,10.4,observed
2025-08-02T13:00:00Z,17.8,0.0,75.0,17.2,observed
2025-08-02T14:00:00Z,14.7,10.4,93.0,4.4,observed
2025-08-02T15:00:00Z,13.6,1.5,99.0,8.1,observed
2025-08-02T16:00:00Z,15.2,0.0,78.0,9.5,observed
2025-08-02T17:00:00Z,14.4,0.0,80.0,9.1,observed
2025-08-02T18:00:00Z,13.4,0.0,78.0,11.7,observed
02/08/2025 19:00,11.6,0.0,82.0,12.7,observed
2025-08-02T20:00:00Z,10.7,0.0,83.0,5.0,observed
2025-08-02T21:00:00Z,10.4,0.0,87.0,13.6,observed
02/08/2025 22:00,9.5,0.0,87.0,15.7,observed
2025-08-02T23:00:00Z,8.0,0.0,90.0,11.5,observed
2025-08-03T00:00:00Z,8.4,0.0,94.0,6.1,observed
2025-08-03T01:00:00Z,8.7,0.0,90.0,17.3,observed
2025-08-03T02:00:00Z,9.3,0.0,89.0,14.7,observed
2025-08-03T03:00:00Z,9.1,0.0,93.0,31.0,observed
2025-08-03T04:00:00Z,10.5,0.0,88.0,12.2,observed
2025-08-03T05:00:00Z,11.4,0.0,78.0,14.7,observed
2025-08-03T06:00:00Z,13.3,0.0,78.0,7.6,observed
2025-08-03T07:00:00Z,14.3,0.0,75.0,15.2,observed
2025-08-03T08:00:00Z,13.3,13.1,100.0,9.5,observed
2025-08-03T09:00:00Z,15.0,0.0,84.0,11.7,observed
03/08/2025 10:00,14.5,1.0,93.0,11.8,observed
2025-08-03T11:00:00Z,17.7,0.0,57.0,14.5,observed
2025-08-03T12:00:00Z,17.1,0.0,65.0,12.0,observed
2025-08-03T14:00:00Z,16.4,0.0,,11.8,observed
2025-08-03T15:00:00Z,12.6,7.4,100.0,12.9,observed
03/08/2025 16:00,15.4,0.0,75.0,5.3,observed
2025-08-03T17:00:00Z,13.5,0.0,76.0,6.8,observed
2025-08-03T18:00:00Z,,0.0,80.0,7.8,observed
2025-08-03T19:00:00Z,11.7,0.0,82.0,9.9,observed
2025-08-03T20:00:00Z,9.9,0.0,82.0,11.6,observed
2025-08-03T22:00:00Z,,0.0,85.0,7.4,observed
2025-08-03T23:00:00Z,9.1,0.0,89.0,9.9,observed
2025-08-04T00:00:00Z,8.5,0.0,86.0,10.0,observed
2025-08-04T01:00:00Z,8.7,0.0,95.0,4.4,observed
2025-08-04T02:00:00Z,8.2,0.0,92.0,9.7,observed
2025-08-04T03:00:00Z,9.3,0.0,83.0,16.0,observed
2025-08-04T04:00:00Z,10.8,0.0,84.0,14.3,observed
2025-08-04T06:00:00Z,12.4,0.0,80.0,15.2,observed
2025-08-04T07:00:00Z,13.9,0.0,78.0,16.6,observed
2025-08-04T08:00:00Z,15.0,0.0,74.0,12.6,observed
2025-08-04T09:00:00Z,15.8,0.0,68.0,15.9,observed
2025-08-04T10:00:00Z,16.1,0.0,76.0,14.0,observed
04/08/2025 11:00,14.8,9.5,90.0,8.9,observed
2025-08-04T12:00:00Z,13.2,3.8,89.0,16.0,observed
2025-08-04T13:00:00Z,17.3,0.0,69.0,11.4,observed
2025-08-04T14:00:00Z,16.5,0.0,82.0,7.1,observed
2025-08-04T15:00:00Z,15.2,0.0,71.0,5.7,observed
2025-08-04T16:00:00Z,14.4,0.0,75.0,9.4,observed
2025-08-04T18:00:00Z,12.1,0.0,92.0,18.5,observed
2025-08-04T19:00:00Z,11.1,0.0,89.0,16.5,observed
2025-08-04T20:00:00Z,9.5,0.0,88.0,15.0,observed
2025-08-04T21:00:00Z,11.0,0.0,90.0,12.1,observed
2025-08-04T22:00:00Z,10.2,0.0,90.0,7.9,observed
2025-08-04T23:00:00Z,9.2,0.0,82.0,6.1,observed
05/08/2025 00:00,10.6,0.0,91.0,11.1,observed
2025-08-05T01:00:00Z,9.7,0.0,93.0,9.1,observed
2025-08-05T02:00:00Z,9.2,0.0,95.0,5.7,observed
2025-08-05T03:00:00Z,9.2,0.0,89.0,14.8,observed
2025-08-05T04:00:00Z,11.0,0.0,87.0,14.9,observed
2025-08-05T05:00:00Z,11.7,0.0,81.0,20.2,observed
2025-08-05T06:00:00Z,12.7,0.0,77.0,6.8,observed
05/08/2025 07:00,14.6,0.0,78.0,15.2,observed
05/08/2025 08:00,14.8,0.0,75.0,15.1,observed
2025-08-05T09:00:00Z,16.2,0.0,76.0,4.6,observed
2025-08-05T10:00:00Z,17.5,0.0,73.0,3.3,observed
2025-08-05T11:00:00Z,17.6,0.0,68.0,8.8,observed
2025-08-05T12:00:00Z,16.9,0.0,76.0,11.6,observed
2025-08-05T13:00:00Z,17.3,0.0,72.0,19.7,observed
05/08/2025 14:00,17.0,0.0,78.0,13.0,observed
2025-08-05T16:00:00Z,14.5,0.0,81.0,5.9,observed
2025-08-05T17:00:00Z,13.8,0.0,75.0,13.8,observed
2025-08-05T18:00:00Z,10.8,2.2,94.0,14.3,observed
05/08/2025 19:00,12.1,0.0,80.0,13.8,observed
2025-08-05T20:00:00Z,12.8,0.0,88.0,4.6,observed
2025-08-05T21:00:00Z,12.0,0.0,78.0,6.6,observed
2025-08-05T22:00:00Z,11.5,0.0,92.0,3.4,observed
2025-08-05T23:00:00Z,12.0,0.0,79.0,7.5,observed
06/08/2025 00:00,11.5,0.0,81.0,8.9,observed
2025-08-06T01:00:00Z,11.3,0.0,85.0,10.0,observed
2025-08-06T02:00:00Z,11.4,0.0,73.0,17.6,observed
06/08/2025 03:00,12.3,0.0,88.0,4.4,observed
2025-08-06T04:00:00Z,13.6,0.0,74.0,12.1,observed
2025-08-06T05:00:00Z,13.7,0.0,84.0,9.6,observed
2025-08-06T06:00:00Z,14.8,0.0,78.0,17.0,observed
06/08/2025 07:00,16.2,0.0,74.0,18.4,observed
2025-08-06T08:00:00Z,17.2,0.0,64.0,18.1,observed
2025-08-06T09:00:00Z,17.7,0.2,74.0,5.4,observed
2025-08-06T10:00:00Z,17.9,0.2,77.0,9.5,observed
2025-08-06T11:00:00Z,19.5,0.0,64.0,20.0,observed
2025-08-06T12:00:00Z,19.6,0.2,60.0,8.6,observed
2025-08-06T13:00:00Z,16.0,2.3,88.0,8.7,observed
2025-08-06T14:00:00Z,16.8,3.8,82.0,10.6,observed
2025-08-06T15:00:00Z,15.6,5.8,85.0,20.3,observed
2025-08-06T16:00:00Z,17.7,0.0,71.0,13.8,observed
2025-08-06T17:00:00Z,15.3,0.0,80.0,14.8,observed
06/08/2025 18:00,14.2,0.0,78.0,8.4,observed
2025-08-06T19:00:00Z,12.1,0.8,,11.5,observed
2025-08-06T20:00:00Z,12.1,0.0,93.0,8.2,observed
2025-08-06T21:00:00Z,12.2,0.0,91.0,9.6,observed
2025-08-06T22:00:00Z,11.6,0.0,81.0,12.2,observed
2025-08-06T23:00:00Z,11.3,0.0,79.0,17.8,observed
2025-08-07T00:00:00Z,11.5,0.0,88.0,11.1,observed
2025-08-07T01:00:00Z,12.5,0.0,85.0,6.7,observed
2025-08-07T02:00:00Z,11.2,0.0,87.0,6.3,observed
2025-08-07T03:00:00Z,13.2,0.0,77.0,11.9,observed
2025-08-07T04:00:00Z,13.6,0.0,80.0,10.6,observed
2025-08-07T05:00:00Z,14.5,0.0,83.0,12.6,observed
2025-08-07T06:00:00Z,15.5,0.0,75.0,7.0,observed
2025-08-07T07:00:00Z,16.5,-9999.0,84.0,15.3,observed
2025-08-07T08:00:00Z,18.1,0.0,70.0,10.3,observed
2025-08-07T09:00:00Z,19.0,0.0,75.0,6.1,observed
2025-08-07T10:00:00Z,18.8,0.0,68.0,10.7,observed
2025-08-07T11:00:00Z,19.3,0.0,65.0,9.0,observed
2025-08-07T12:00:00Z,20.7,0.0,61.0,9.5,observed
2025-08-07T13:00:00Z,20.1,0.0,59.0,14.0,observed
2025-08-07T14:00:00Z,19.6,0.2,66.0,10.3,observed
2025-08-07T15:00:00Z,16.1,1.1,87.0,11.4,observed
2025-08-07T16:00:00Z,17.3,0.0,73.0,5.5,observed
2025-08-07T17:00:00Z,16.4,0.0,82.0,6.7,observed
07/08/2025 18:00,15.8,0.4,76.0,15.0,observed
2025-08-07T19:00:00Z,14.7,0.0,79.0,8.3,observed
2025-08-07T20:00:00Z,12.9,0.0,81.0,14.1,observed
2025-08-07T21:00:00Z,12.0,0.0,82.0,7.5,observed
2025-08-07T22:00:00Z,11.9,0.0,90.0,5.7,observed
2025-08-07T23:00:00Z,10.5,0.0,88.0,15.1,observed
2025-08-08T00:00:00Z,11.7,0.0,90.0,6.3,observed
2025-08-08T01:00:00Z,11.1,0.0,88.0,10.8,observed
2025-08-08T03:00:00Z,12.2,0.0,93.0,6.3,observed
2025-08-08T04:00:00Z,12.1,0.0,76.0,6.0,observed
2025-08-08T05:00:00Z,15.4,0.0,74.0,12.2,observed
2025-08-08T06:00:00Z,15.5,0.0,77.0,14.2,observed
2025-08-08T07:00:00Z,15.8,0.0,75.0,8.0,observed
2025-08-08T08:00:00Z,17.6,0.0,71.0,12.6,observed
08/08/2025 09:00,18.0,0.0,73.0,8.5,observed
2025-08-08T10:00:00Z,18.6,0.0,63.0,7.8,observed
2025-08-08T11:00:00Z,19.8,0.0,69.0,9.5,observed
08/08/2025 12:00,19.0,0.0,66.0,16.9,observed
2025-08-08T13:00:00Z,18.4,0.0,78.0,7.4,observed
2025-08-08T14:00:00Z,19.0,0.0,67.0,11.0,observed
2025-08-08T15:00:00Z,18.0,0.0,71.0,9.2,observed
2025-08-08T16:00:00Z,17.4,0.0,74.0,8.1,observed
08/08/2025 17:00,16.8,0.0,65.0,9.8,observed
2025-08-08T18:00:00Z,15.1,0.0,70.0,6.7,observed
2025-08-08T19:00:00Z,14.3,0.0,76.0,10.0,observed
2025-08-08T20:00:00Z,12.8,0.0,85.0,14.1,observed
2025-08-08T21:00:00Z,14.2,0.0,77.0,6.0,observed
2025-08-08T22:00:00Z,14.0,0.0,77.0,5.4,observed
2025-08-08T23:00:00Z,14.3,0.0,76.0,11.8,observed
2025-08-09T00:00:00Z,13.0,0.0,85.0,9.8,observed
2025-08-09T01:00:00Z,12.5,0.0,81.0,9.7,observed
2025-08-09T02:00:00Z,13.1,0.0,85.0,5.9,observed
2025-08-09T03:00:00Z,14.2,0.0,80.0,10.1,observed
2025-08-09T04:00:00Z,14.5,0.0,77.0,9.8,observed
2025-08-09T05:00:00Z,16.6,0.0,74.0,14.3,observed
2025-08-09T06:00:00Z,17.1,0.0,82.0,10.7,observed
09/08/2025 07:00,18.0,0.0,69.0,9.8,observed
2025-08-09T08:00:00Z,18.4,0.0,71.0,18.3,observed
2025-08-09T09:00:00Z,17.5,2.0,77.0,12.5,observed
09/08/2025 10:00,20.3,0.0,70.0,8.1,observed
2025-08-09T11:00:00Z,20.5,0.0,66.0,11.9,observed
09/08/2025 12:00,20.9,0.0,66.0,9.7,observed
2025-08-09T13:00:00Z,18.4,2.7,86.0,18.7,observed
09/08/2025 14:00,18.1,4.5,82.0,7.0,observed
2025-08-09T15:00:00Z,20.1,0.3,67.0,7.7,observed
2025-08-09T16:00:00Z,16.8,3.8,84.0,7.8,observed
2025-08-09T17:00:00Z,15.9,9.4,86.0,16.6,observed
2025-08-09T18:00:00Z,16.1,0.5,77.0,12.2,observed
2025-08-09T19:00:00Z,15.2,0.0,75.0,11.6,observed
2025-08-09T20:00:00Z,15.2,0.0,83.0,10.0,observed
2025-08-09T21:00:00Z,12.9,0.0,82.0,8.4,observed
2025-08-09T22:00:00Z,12.9,0.0,83.0,14.0,observed
2025-08-09T23:00:00Z,11.5,0.0,92.0,16.8,observed
2025-08-10T00:00:00Z,12.4,0.0,84.0,9.5,observed
2025-08-10T01:00:00Z,12.4,0.0,84.0,9.9,observed
10/08/2025 02:00,12.0,0.0,79.0,7.9,observed
2025-08-10T03:00:00Z,13.2,0.0,74.0,6.1,observed
2025-08-10T04:00:00Z,13.7,0.0,84.0,5.6,observed
2025-08-10T05:00:00Z,15.7,0.0,76.0,6.3,observed
10/08/2025 06:00,16.4,0.0,66.0,15.9,observed
2025-08-10T07:00:00Z,17.0,0.0,66.0,9.3,observed
2025-08-10T08:00:00Z,18.1,0.0,73.0,10.6,observed
2025-08-10T09:00:00Z,18.8,0.0,68.0,11.9,observed
2025-08-10T10:00:00Z,19.7,0.0,61.0,21.4,observed
2025-08-10T11:00:00Z,19.5,0.0,67.0,10.6,observed
2025-08-10T12:00:00Z,20.2,0.0,67.0,6.0,observed
2025-08-10T13:00:00Z,20.3,0.0,63.0,5.3,observed
2025-08-10T14:00:00Z,17.8,4.4,84.0,10.3,observed
2025-08-10T16:00:00Z,19.0,0.0,58.0,10.3,observed
10/08/2025 17:00,18.0,0.0,72.0,15.5,observed
2025-08-10T18:00:00Z,13.9,3.9,92.0,5.5,observed
2025-08-10T19:00:00Z,14.7,0.0,86.0,7.6,observed
2025-08-10T20:00:00Z,13.7,0.0,80.0,4.6,observed
2025-08-10T21:00:00Z,12.8,0.0,,8.3,observed
2025-08-10T22:00:00Z,12.6,0.0,86.0,9.7,observed
2025-08-10T23:00:00Z,10.8,0.0,84.0,7.8,observed
2025-08-11T00:00:00Z,11.8,0.0,84.0,5.1,observed
2025-08-11T01:00:00Z,11.7,0.0,83.0,9.9,observed
2025-08-11T02:00:00Z,11.5,0.0,91.0,10.7,observed
2025-08-11T03:00:00Z,12.3,0.0,80.0,10.4,observed
2025-08-11T04:00:00Z,13.4,0.0,78.0,7.9,observed
2025-08-11T05:00:00Z,15.0,0.0,79.0,17.0,observed
2025-08-11T06:00:00Z,15.8,0.0,79.0,7.4,observed
2025-08-11T07:00:00Z,16.7,0.0,78.0,5.6,observed
2025-08-11T08:00:00Z,15.2,2.4,94.0,10.1,observed
11/08/2025 09:00,18.5,0.0,64.0,19.1,observed
2025-08-11T10:00:00Z,19.6,0.0,61.0,7.0,observed
11/08/2025 11:00,19.2,0.0,70.0,22.1,observed
2025-08-11T12:00:00Z,19.5,0.0,60.0,10.9,observed
2025-08-11T13:00:00Z,20.3,0.0,68.0,9.4,observed
2025-08-11T14:00:00Z,19.5,0.0,70.0,12.0,observed
2025-08-11T15:00:00Z,18.6,0.0,80.0,11.1,observed
2025-08-11T16:00:00Z,17.2,-9999.0,,10.1,observed
2025-08-11T17:00:00Z,15.0,2.2,82.0,6.0,observed
2025-08-11T18:00:00Z,14.9,0.0,82.0,15.1,observed
2025-08-11T19:00:00Z,12.4,5.7,100.0,8.7,observed
2025-08-11T20:00:00Z,14.5,0.0,83.0,5.8,observed
2025-08-11T21:00:00Z,11.5,0.0,85.0,8.9,observed
2025-08-11T22:00:00Z,11.4,0.0,78.0,9.8,observed
2025-08-11T23:00:00Z,10.2,0.0,87.0,13.5,observed
2025-08-12T00:00:00Z,10.4,0.0,81.0,6.6,observed
2025-08-12T01:00:00Z,9.6,0.0,89.0,5.7,observed
2025-08-12T02:00:00Z,11.0,0.0,82.0,13.0,observed
2025-08-12T03:00:00Z,11.9,0.0,80.0,14.5,observed
2025-08-12T04:00:00Z,13.3,0.0,83.0,10.0,observed
2025-08-12T05:00:00Z,14.7,0.0,77.0,6.1,observed
2025-08-12T06:00:00Z,14.9,0.0,71.0,3.2,observed
2025-08-12T07:00:00Z,16.0,0.0,69.0,25.0,observed
2025-08-12T08:00:00Z,17.1,0.0,79.0,11.9,observed
2025-08-12T09:00:00Z,17.0,0.0,74.0,18.5,observed
2025-08-12T10:00:00Z,16.6,6.5,89.0,17.4,observed
2025-08-12T11:00:00Z,18.6,0.0,75.0,6.8,observed
12/08/2025 12:00,17.2,12.1,84.0,19.0,observed
2025-08-12T13:00:00Z,18.3,0.2,63.0,5.2,observed
12/08/2025 14:00,18.9,0.5,68.0,18.8,observed
2025-08-12T15:00:00Z,16.3,2.6,86.0,13.1,observed
2025-08-12T16:00:00Z,16.9,0.0,74.0,5.2,observed
2025-08-12T17:00:00Z,15.7,0.0,74.0,6.7,observed
2025-08-12T18:00:00Z,14.9,0.0,83.0,5.5,observed
2025-08-12T19:00:00Z,13.9,0.0,88.0,5.1,observed
12/08/2025 20:00,11.5,0.0,95.0,20.3,observed
2025-08-12T21:00:00Z,11.9,0.0,83.0,12.7,observed
2025-08-12T22:00:00Z,11.9,0.0,84.0,18.3,observed
2025-08-12T23:00:00Z,10.8,0.0,91.0,12.9,observed
2025-08-13T00:00:00Z,12.0,0.0,81.0,7.8,observed
2025-08-13T01:00:00Z,11.1,0.0,89.0,6.1,observed
2025-08-13T02:00:00Z,11.9,0.0,82.0,15.5,observed
2025-08-13T03:00:00Z,12.4,0.0,85.0,19.3,observed
2025-08-13T04:00:00Z,13.0,0.0,79.0,11.6,observed
13/08/2025 05:00,14.3,0.0,81.0,8.0,observed
2025-08-13T06:00:00Z,15.1,0.0,78.0,11.2,observed
2025-08-13T07:00:00Z,16.5,0.0,77.0,5.8,observed
2025-08-13T08:00:00Z,17.0,0.0,76.0,15.1,observed
2025-08-13T09:00:00Z,17.7,0.0,71.0,9.8,observed
2025-08-13T10:00:00Z,19.0,0.0,61.0,16.8,observed
2025-08-13T12:00:00Z,19.4,0.0,61.0,13.5,observed
2025-08-13T13:00:00Z,19.2,0.0,76.0,5.4,observed
2025-08-13T14:00:00Z,16.9,2.8,95.0,17.4,observed
13/08/2025 15:00,15.6,3.6,84.0,18.6,observed
2025-08-13T16:00:00Z,17.5,0.0,71.0,20.8,observed
2025-08-13T17:00:00Z,16.2,0.0,73.0,8.6,observed
2025-08-13T18:00:00Z,15.6,0.0,83.0,10.7,observed
2025-08-13T19:00:00Z,13.7,0.0,82.0,10.4,observed
2025-08-13T20:00:00Z,12.5,0.0,87.0,10.2,observed
13/08/2025 21:00,13.0,0.0,80.0,14.3,observed
13/08/2025 22:00,11.9,0.0,83.0,9.3,observed
2025-08-13T23:00:00Z,12.5,0.0,87.0,12.6,observed
2025-08-14T00:00:00Z,11.8,0.0,86.0,7.5,observed
2025-08-14T01:00:00Z,12.1,-9999.0,77.0,6.8,observed
2025-08-14T02:00:00Z,12.5,0.0,85.0,10.6,observed
2025-08-14T03:00:00Z,12.4,0.0,80.0,20.1,observed
2025-08-14T04:00:00Z,14.4,0.0,75.0,26.6,observed
2025-08-14T05:00:00Z,14.7,0.0,86.0,13.7,observed
2025-08-14T06:00:00Z,15.5,0.0,73.0,7.8,observed
2025-08-14T07:00:00Z,17.0,0.0,69.0,11.4,observed
2025-08-14T08:00:00Z,18.7,0.0,69.0,12.7,observed
14/08/2025 09:00,18.9,0.0,65.0,11.4,observed
14/08/2025 10:00,19.5,0.0,64.0,8.3,observed
2025-08-14T11:00:00Z,16.4,13.3,90.0,11.6,observed
14/08/2025 12:00,19.4,0.0,67.0,14.7,observed
14/08/2025 13:00,19.7,0.0,65.0,12.5,observed
2025-08-14T14:00:00Z,17.8,2.6,81.0,5.6,observed
2025-08-14T15:00:00Z,19.5,0.0,63.0,13.5,observed
14/08/2025 16:00,17.0,0.0,70.0,12.3,observed
2025-08-14T17:00:00Z,17.1,0.3,74.0,9.1,observed
2025-08-14T18:00:00Z,16.4,0.0,75.0,14.3,observed
2025-08-14T19:00:00Z,14.6,0.0,82.0,7.2,observed
2025-08-14T20:00:00Z,13.6,0.0,85.0,10.9,observed
2025-08-14T21:00:00Z,11.5,0.0,81.0,4.8,observed
2025-08-14T22:00:00Z,11.6,0.0,87.0,17.2,observed
2025-08-14T23:00:00Z,11.0,0.0,76.0,21.8,observed
2025-08-15T00:00:00Z,10.5,0.0,89.0,5.2,observed
15/08/2025 01:00,10.0,0.0,100.0,11.6,observed
2025-08-15T02:00:00Z,10.6,0.0,84.0,9.0,observed
2025-08-15T03:00:00Z,11.9,0.0,79.0,12.1,observed
2025-08-15T04:00:00Z,12.5,0.0,86.0,8.1,observed
2025-08-15T05:00:00Z,13.4,0.0,80.0,10.4,observed
2025-08-15T06:00:00Z,15.5,0.0,76.0,11.7,observed
15/08/2025 07:00,15.8,0.0,82.0,6.2,observed
2025-08-15T08:00:00Z,17.0,0.0,62.0,12.0,observed
2025-08-15T09:00:00Z,17.7,0.0,76.0,6.3,observed
2025-08-15T10:00:00Z,16.5,5.0,85.0,10.5,observed
2025-08-15T11:00:00Z,18.0,0.0,75.0,7.7,observed
2025-08-15T12:00:00Z,18.4,0.0,70.0,8.3,observed
2025-08-15T13:00:00Z,17.5,2.5,,16.1,observed
2025-08-15T14:00:00Z,17.8,0.0,76.0,16.2,observed
2025-08-15T15:00:00Z,14.8,3.8,95.0,8.5,observed
2025-08-15T16:00:00Z,14.4,7.7,93.0,10.3,observed
2025-08-15T16:00:00Z,13.1,9.8,93.0,10.3,observed
2025-08-15T17:00:00Z,15.6,0.0,75.0,10.5,observed
2025-08-15T18:00:00Z,14.6,0.0,80.0,11.1,observed
2025-08-15T19:00:00Z,13.2,0.0,77.0,5.6,observed
2025-08-15T20:00:00Z,13.0,0.0,79.0,4.8,observed
2025-08-15T21:00:00Z,11.4,0.0,79.0,5.7,observed
2025-08-15T22:00:00Z,10.7,0.0,84.0,9.7,observed
2025-08-15T23:00:00Z,10.1,0.0,97.0,16.0,observed
2025-08-16T00:00:00Z,10.0,0.0,89.0,13.2,observed
2025-08-16T01:00:00Z,9.2,0.0,90.0,17.0,observed
2025-08-16T02:00:00Z,9.2,0.0,92.0,9.8,observed
2025-08-16T03:00:00Z,11.0,0.0,93.0,7.1,observed
16/08/2025 04:00,11.8,0.0,85.0,12.8,observed
2025-08-16T05:00:00Z,12.9,0.0,91.0,7.7,observed
16/08/2025 06:00,14.4,0.0,77.0,14.8,observed
2025-08-16T07:00:00Z,15.2,0.0,73.0,6.0,observed
2025-08-16T08:00:00Z,16.8,0.0,67.0,4.9,observed
2025-08-16T09:00:00Z,17.4,0.0,74.0,12.1,observed
2025-08-16T10:00:00Z,15.7,1.7,88.0,12.0,observed
2025-08-16T11:00:00Z,16.8,0.7,82.0,10.4,observed
2025-08-16T12:00:00Z,19.4,0.0,65.0,11.4,observed
2025-08-16T13:00:00Z,15.8,2.0,93.0,9.4,observed
2025-08-16T14:00:00Z,14.8,0.7,91.0,7.4,observed
2025-08-16T14:00:00Z,16.8,0.6,91.0,7.4,observed
2025-08-16T15:00:00Z,15.0,0.9,94.0,10.8,observed
2025-08-16T16:00:00Z,13.8,2.8,97.0,4.8,observed
2025-08-16T16:00:00Z,12.5,2.1,97.0,4.8,observed
2025-08-16T17:00:00Z,15.7,0.0,71.0,8.2,observed
2025-08-16T18:00:00Z,14.6,0.0,84.0,7.5,observed
2025-08-16T19:00:00Z,13.7,0.0,82.0,8.5,observed
2025-08-16T20:00:00Z,12.4,0.0,83.0,7.7,observed
2025-08-16T21:00:00Z,14.0,0.0,82.0,13.5,observed
2025-08-16T22:00:00Z,13.9,0.0,85.0,6.5,observed
2025-08-16T23:00:00Z,12.6,0.0,79.0,12.1,observed
2025-08-17T01:00:00Z,12.6,0.0,69.0,9.5,observed
17/08/2025 02:00,12.9,0.0,86.0,7.5,observed
2025-08-17T03:00:00Z,14.6,0.0,86.0,9.7,observed
2025-08-17T04:00:00Z,14.3,0.0,73.0,8.8,observed
2025-08-17T05:00:00Z,15.6,0.0,72.0,13.1,observed
2025-08-17T06:00:00Z,16.7,0.0,72.0,14.2,observed
2025-08-17T07:00:00Z,17.7,0.0,67.0,15.3,observed
2025-08-17T08:00:00Z,18.3,0.0,72.0,5.1,observed
2025-08-17T09:00:00Z,20.1,0.0,66.0,9.6,observed
17/08/2025 10:00,20.1,0.0,55.0,4.5,observed
2025-08-17T11:00:00Z,19.2,2.6,77.0,10.2,observed
17/08/2025 12:00,20.4,0.0,59.0,4.2,observed
2025-08-17T13:00:00Z,20.0,0.0,74.0,12.9,observed
2025-08-17T14:00:00Z,18.5,1.8,84.0,12.0,observed
2025-08-17T15:00:00Z,17.7,3.6,86.0,11.6,observed
2025-08-17T16:00:00Z,18.7,0.5,62.0,13.0,observed
2025-08-17T17:00:00Z,16.0,1.7,79.0,20.0,observed
2025-08-17T18:00:00Z,16.9,0.0,76.0,10.7,observed
2025-08-17T19:00:00Z,15.2,0.0,79.0,13.2,observed
2025-08-17T20:00:00Z,14.5,0.0,82.0,13.3,observed
2025-08-17T21:00:00Z,13.4,0.0,84.0,11.9,observed
2025-08-17T22:00:00Z,12.5,0.0,76.0,12.9,observed
2025-08-17T23:00:00Z,10.5,0.0,89.0,13.3,observed
2025-08-18T00:00:00Z,11.4,0.0,90.0,7.4,observed
18/08/2025 01:00,11.7,0.0,82.0,9.4,observed
2025-08-18T02:00:00Z,12.4,0.0,,8.4,observed
2025-08-18T03:00:00Z,12.9,0.0,81.0,6.6,observed
2025-08-18T04:00:00Z,12.9,0.0,75.0,7.2,observed
2025-08-18T05:00:00Z,14.1,0.0,75.0,10.3,observed
2025-08-18T06:00:00Z,15.0,0.0,75.0,9.7,observed
2025-08-18T07:00:00Z,16.9,0.0,71.0,7.8,observed
2025-08-18T08:00:00Z,18.1,0.0,66.0,15.4,observed
2025-08-18T09:00:00Z,18.8,0.0,62.0,11.0,observed
2025-08-18T10:00:00Z,18.4,0.0,67.0,12.7,observed
2025-08-18T11:00:00Z,17.2,1.9,88.0,16.7,observed
2025-08-18T12:00:00Z,19.8,0.0,58.0,7.8,observed
2025-08-18T14:00:00Z,16.9,2.3,85.0,7.1,observed
2025-08-18T15:00:00Z,18.5,0.0,82.0,10.5,observed
2025-08-18T16:00:00Z,15.3,15.0,98.0,5.3,observed
2025-08-18T17:00:00Z,16.9,0.0,73.0,6.1,observed
2025-08-18T18:00:00Z,15.8,0.5,80.0,6.4,observed
2025-08-18T19:00:00Z,14.2,0.0,73.0,10.6,observed
2025-08-18T21:00:00Z,13.0,0.0,79.0,17.7,observed
2025-08-18T22:00:00Z,13.3,0.0,85.0,14.9,observed
2025-08-18T23:00:00Z,11.6,0.0,90.0,14.5,observed
2025-08-19T00:00:00Z,11.8,0.0,79.0,17.5,observed
2025-08-19T01:00:00Z,11.8,0.0,84.0,13.7,observed
2025-08-19T02:00:00Z,11.5,0.0,90.0,12.5,observed
2025-08-19T03:00:00Z,13.1,0.0,82.0,16.4,observed
2025-08-19T05:00:00Z,15.2,0.0,69.0,13.5,observed
2025-08-19T06:00:00Z,16.1,0.0,69.0,8.8,observed
2025-08-19T07:00:00Z,17.5,0.0,74.0,12.9,observed
2025-08-19T08:00:00Z,15.6,7.4,90.0,9.4,observed
2025-08-19T09:00:00Z,18.9,0.0,67.0,10.0,observed
2025-08-19T10:00:00Z,17.8,1.5,89.0,11.5,observed
2025-08-19T11:00:00Z,19.9,0.0,61.0,10.2,observed
2025-08-19T12:00:00Z,18.7,1.4,89.0,11.3,observed
2025-08-19T13:00:00Z,19.4,0.1,57.0,10.8,observed
2025-08-19T14:00:00Z,18.3,9.4,73.0,8.8,observed
2025-08-19T15:00:00Z,16.6,2.1,95.0,11.5,observed
2025-08-19T16:00:00Z,17.8,0.0,68.0,15.5,observed
2025-08-19T17:00:00Z,16.8,0.0,75.0,6.2,observed
2025-08-19T18:00:00Z,15.7,0.0,71.0,11.5,observed
2025-08-19T19:00:00Z,15.8,0.0,66.0,5.5,observed
2025-08-19T20:00:00Z,14.6,0.0,77.0,19.5,observed
2025-08-19T21:00:00Z,13.4,0.0,84.0,30.4,observed
2025-08-19T22:00:00Z,12.6,0.0,87.0,13.8,observed
2025-08-19T23:00:00Z,11.1,0.0,83.0,8.7,observed
2025-08-20T00:00:00Z,11.9,0.0,88.0,12.4,observed
2025-08-20T01:00:00Z,11.6,0.0,93.0,12.3,observed
2025-08-20T02:00:00Z,11.1,0.0,93.0,10.6,observed
2025-08-20T03:00:00Z,12.9,0.0,91.0,9.5,observed
20/08/2025 04:00,13.7,0.0,85.0,12.1,observed
2025-08-20T05:00:00Z,14.5,0.0,79.0,3.9,observed
2025-08-20T06:00:00Z,16.0,0.0,75.0,8.5,observed
2025-08-20T07:00:00Z,17.2,0.0,70.0,9.3,observed
2025-08-20T08:00:00Z,17.3,0.0,77.0,12.9,observed
2025-08-20T09:00:00Z,19.0,0.0,61.0,6.8,observed
20/08/2025 10:00,20.0,0.0,69.0,12.9,observed
2025-08-20T11:00:00Z,18.0,4.6,79.0,7.8,observed
2025-08-20T12:00:00Z,20.8,0.0,67.0,8.5,observed
2025-08-20T13:00:00Z,16.9,3.2,84.0,13.5,observed
2025-08-20T14:00:00Z,17.7,2.4,85.0,8.2,observed
2025-08-20T15:00:00Z,19.4,0.0,68.0,11.9,observed
2025-08-20T16:00:00Z,17.6,0.0,63.0,10.3,observed
2025-08-20T17:00:00Z,18.3,0.0,78.0,6.2,observed
2025-08-20T18:00:00Z,16.2,0.0,74.0,15.2,observed
2025-08-20T19:00:00Z,15.2,0.0,79.0,7.6,observed
2025-08-20T19:00:00Z,13.1,0.0,79.0,7.6,observed
2025-08-20T20:00:00Z,13.6,0.0,76.0,12.8,observed
2025-08-20T21:00:00Z,12.2,0.0,77.0,11.5,observed
2025-08-20T22:00:00Z,12.4,0.0,88.0,10.5,observed
2025-08-20T23:00:00Z,,0.0,81.0,9.6,observed
2025-08-21T00:00:00Z,12.0,0.0,86.0,12.5,observed
2025-08-21T01:00:00Z,12.2,0.0,82.0,14.0,observed
2025-08-21T02:00:00Z,12.9,0.0,82.0,18.4,observed
21/08/2025 03:00,13.0,0.0,86.0,12.1,observed
2025-08-21T04:00:00Z,13.6,0.0,68.0,20.4,observed
2025-08-21T05:00:00Z,15.2,0.0,77.0,6.3,observed
2025-08-21T06:00:00Z,15.6,0.0,85.0,12.7,observed
2025-08-21T07:00:00Z,17.4,0.0,80.0,9.6,observed
2025-08-21T08:00:00Z,15.3,8.1,89.0,11.2,observed
2025-08-21T09:00:00Z,18.5,0.0,65.0,12.1,observed
2025-08-21T10:00:00Z,17.7,0.6,82.0,6.8,observed
2025-08-21T11:00:00Z,19.4,0.0,68.0,8.4,observed
2025-08-21T12:00:00Z,20.1,0.0,60.0,15.3,observed
2025-08-21T13:00:00Z,20.1,0.0,65.0,5.8,observed
2025-08-21T14:00:00Z,17.5,3.1,90.0,10.6,observed
2025-08-21T15:00:00Z,18.3,0.0,74.0,10.4,observed
2025-08-21T15:00:00Z,18.7,0.0,74.0,10.4,observed
2025-08-21T16:00:00Z,15.2,2.7,83.0,7.0,observed
2025-08-21T17:00:00Z,14.9,4.7,92.0,6.3,observed
2025-08-21T18:00:00Z,16.8,0.0,63.0,16.8,observed
2025-08-21T19:00:00Z,11.8,3.9,92.0,12.4,observed
2025-08-21T20:00:00Z,13.9,0.0,87.0,10.2,observed
2025-08-21T21:00:00Z,12.6,0.0,82.0,23.4,observed
2025-08-21T22:00:00Z,13.0,0.0,82.0,5.4,observed
2025-08-21T23:00:00Z,12.4,0.0,84.0,6.2,observed
2025-08-22T00:00:00Z,12.2,0.0,90.0,15.6,observed
2025-08-22T01:00:00Z,12.2,0.0,86.0,6.5,observed
2025-08-22T02:00:00Z,11.7,0.0,83.0,8.6,observed
2025-08-22T03:00:00Z,13.0,0.0,88.0,5.3,observed
2025-08-22T04:00:00Z,13.6,0.0,90.0,4.0,observed
2025-08-22T05:00:00Z,14.3,0.0,,11.6,observed
2025-08-22T06:00:00Z,15.8,0.0,68.0,14.0,observed
22/08/2025 07:00,17.1,0.0,73.0,14.3,observed
2025-08-22T08:00:00Z,17.6,0.0,77.0,4.8,observed
22/08/2025 09:00,19.6,0.0,61.0,8.2,observed
2025-08-22T10:00:00Z,19.5,0.0,64.0,9.2,observed
2025-08-22T11:00:00Z,17.7,2.3,91.0,13.8,observed
2025-08-22T12:00:00Z,19.9,0.0,73.0,9.7,observed
2025-08-22T13:00:00Z,17.8,0.9,89.0,22.1,observed
2025-08-22T14:00:00Z,19.7,0.0,57.0,4.7,observed
2025-08-22T15:00:00Z,18.1,0.0,67.0,4.9,observed
2025-08-22T16:00:00Z,17.3,0.0,77.0,15.2,observed
2025-08-22T17:00:00Z,16.5,0.0,81.0,5.3,observed
2025-08-22T18:00:00Z,15.7,0.0,72.0,5.9,observed
2025-08-22T19:00:00Z,15.1,0.0,76.0,12.9,observed
2025-08-22T20:00:00Z,13.5,0.0,75.0,16.2,observed
2025-08-22T21:00:00Z,11.0,0.0,92.0,11.6,observed
2025-08-22T22:00:00Z,12.1,0.0,,6.3,observed
2025-08-22T23:00:00Z,10.9,0.0,86.0,11.9,observed
2025-08-23T00:00:00Z,10.4,0.0,86.0,6.2,observed
2025-08-23T01:00:00Z,11.3,0.0,88.0,13.2,observed
2025-08-23T02:00:00Z,11.1,0.0,98.0,13.5,observed
2025-08-23T03:00:00Z,12.2,0.0,83.0,9.4,observed
2025-08-23T04:00:00Z,13.5,0.0,79.0,10.4,observed
2025-08-23T05:00:00Z,13.6,0.0,83.0,21.0,observed
2025-08-23T06:00:00Z,14.6,0.0,72.0,15.2,observed
2025-08-23T07:00:00Z,17.2,0.0,65.0,13.2,observed
23/08/2025 08:00,17.7,0.0,75.0,8.7,observed
2025-08-23T09:00:00Z,18.4,0.0,67.0,9.4,observed
2025-08-23T10:00:00Z,19.1,0.0,68.0,11.8,observed
2025-08-23T11:00:00Z,17.2,4.6,87.0,13.0,observed
2025-08-23T12:00:00Z,18.2,1.0,80.0,5.6,observed
2025-08-23T13:00:00Z,16.3,2.8,92.0,9.8,observed
2025-08-23T14:00:00Z,16.0,6.2,80.0,13.0,observed
2025-08-23T15:00:00Z,18.2,0.0,69.0,16.1,observed
2025-08-23T16:00:00Z,15.3,8.8,90.0,8.0,observed
2025-08-23T17:00:00Z,14.3,2.9,93.0,10.7,observed
2025-08-23T18:00:00Z,15.9,0.0,73.0,14.7,observed
2025-08-23T19:00:00Z,12.5,1.0,95.0,9.8,observed
23/08/2025 20:00,13.6,0.0,79.0,17.7,observed
2025-08-23T21:00:00Z,13.4,0.0,79.0,4.9,observed
2025-08-23T22:00:00Z,12.6,0.0,82.0,9.4,observed
2025-08-23T23:00:00Z,11.6,0.0,86.0,6.2,observed
2025-08-24T00:00:00Z,11.6,0.0,85.0,7.3,observed
2025-08-24T01:00:00Z,12.1,0.0,77.0,9.2,observed
2025-08-24T02:00:00Z,11.8,0.0,84.0,13.3,observed
2025-08-24T03:00:00Z,12.5,0.0,79.0,10.2,observed
2025-08-24T04:00:00Z,13.3,0.0,84.0,3.3,observed
2025-08-24T05:00:00Z,14.4,0.0,88.0,8.9,observed
2025-08-24T06:00:00Z,15.5,0.0,77.0,18.0,observed
2025-08-24T07:00:00Z,16.9,0.0,69.0,11.0,observed
24/08/2025 08:00,16.8,0.0,68.0,9.2,observed
2025-08-24T09:00:00Z,19.3,0.0,71.0,10.4,observed
2025-08-24T10:00:00Z,18.2,0.0,67.0,7.3,observed
2025-08-24T11:00:00Z,19.6,0.0,73.0,10.0,observed
2025-08-24T12:00:00Z,17.8,0.7,73.0,4.8,observed
2025-08-24T13:00:00Z,18.9,0.0,73.0,14.1,observed
2025-08-24T14:00:00Z,19.6,0.0,69.0,11.4,observed
2025-08-24T15:00:00Z,19.2,0.0,74.0,14.9,observed
2025-08-24T16:00:00Z,17.3,0.0,69.0,8.6,observed
2025-08-24T17:00:00Z,15.4,0.0,78.0,9.6,observed
2025-08-24T18:00:00Z,12.7,6.6,95.0,8.3,observed
2025-08-24T19:00:00Z,13.9,0.0,,18.7,observed
2025-08-24T20:00:00Z,13.3,0.0,79.0,9.4,observed
24/08/2025 21:00,13.9,0.0,77.0,13.3,observed
2025-08-24T22:00:00Z,11.5,0.0,78.0,9.8,observed
2025-08-24T23:00:00Z,12.3,0.0,78.0,8.5,observed
2025-08-25T00:00:00Z,11.8,0.0,80.0,3.4,observed
2025-08-25T01:00:00Z,11.0,0.0,78.0,8.2,observed
2025-08-25T02:00:00Z,11.9,0.0,88.0,6.1,observed
2025-08-25T03:00:00Z,13.4,0.0,68.0,16.5,observed
2025-08-25T04:00:00Z,13.0,0.0,83.0,8.2,observed
2025-08-25T05:00:00Z,15.4,0.0,65.0,13.0,observed
2025-08-25T06:00:00Z,15.9,0.0,78.0,15.4,observed
2025-08-25T07:00:00Z,16.7,0.0,78.0,10.0,observed
2025-08-25T08:00:00Z,18.0,0.0,71.0,14.2,observed
2025-08-25T09:00:00Z,19.5,0.0,69.0,11.5,observed
2025-08-25T10:00:00Z,19.3,0.0,59.0,19.0,observed
2025-08-25T11:00:00Z,17.7,4.9,86.0,10.0,observed
2025-08-25T12:00:00Z,19.3,0.0,74.0,4.4,observed
2025-08-25T13:00:00Z,18.3,0.6,74.0,3.2,observed
2025-08-25T14:00:00Z,17.2,0.7,94.0,6.0,observed
2025-08-25T15:00:00Z,18.3,0.0,68.0,9.7,observed
2025-08-25T16:00:00Z,18.4,0.0,64.0,12.1,observed
2025-08-25T17:00:00Z,17.1,0.0,73.0,13.4,observed
2025-08-25T18:00:00Z,14.3,0.0,74.0,7.9,observed
2025-08-25T19:00:00Z,14.4,0.0,84.0,9.7,observed
2025-08-25T20:00:00Z,13.2,0.0,85.0,6.7,observed
2025-08-25T21:00:00Z,14.0,0.0,76.0,10.0,observed
2025-08-25T22:00:00Z,13.2,0.0,76.0,14.2,observed
2025-08-25T23:00:00Z,11.8,0.0,77.0,12.5,observed
26/08/2025 00:00,13.2,0.0,80.0,14.0,observed
2025-08-26T01:00:00Z,12.7,0.0,83.0,13.5,observed
2025-08-26T02:00:00Z,13.2,0.0,81.0,7.1,observed
2025-08-26T03:00:00Z,13.5,0.0,78.0,5.3,observed
2025-08-26T04:00:00Z,14.7,0.0,73.0,13.5,observed
2025-08-26T05:00:00Z,16.3,0.0,70.0,7.1,observed
26/08/2025 06:00,16.3,0.0,77.0,9.0,observed
2025-08-26T07:00:00Z,17.5,0.0,65.0,15.4,observed
2025-08-26T08:00:00Z,18.0,0.0,69.0,10.1,observed
2025-08-26T09:00:00Z,19.1,0.0,67.0,7.6,observed
2025-08-26T10:00:00Z,20.1,0.0,58.0,9.4,observed
2025-08-26T11:00:00Z,22.3,0.0,59.0,9.9,observed
2025-08-26T12:00:00Z,18.9,9.6,80.0,9.2,observed
2025-08-26T13:00:00Z,20.9,0.0,70.0,4.0,observed
2025-08-26T14:00:00Z,20.6,0.0,71.0,6.2,observed
2025-08-26T15:00:00Z,17.2,3.2,87.0,10.3,observed
26/08/2025 16:00,17.8,0.1,74.0,12.7,observed
2025-08-26T17:00:00Z,17.2,0.0,71.0,8.5,observed
2025-08-26T18:00:00Z,17.3,0.1,75.0,22.0,observed
2025-08-26T19:00:00Z,16.4,0.0,73.0,8.3,observed
2025-08-26T20:00:00Z,15.5,0.0,91.0,7.2,observed
2025-08-26T21:00:00Z,16.0,0.0,84.0,13.4,observed
2025-08-26T22:00:00Z,15.6,0.0,76.0,10.2,observed
2025-08-26T23:00:00Z,13.8,0.0,76.0,12.7,observed
2025-08-27T00:00:00Z,13.6,0.0,85.0,8.6,observed
2025-08-27T01:00:00Z,15.2,0.0,74.0,11.1,observed
2025-08-27T02:00:00Z,14.8,0.0,78.0,12.7,observed
2025-08-27T03:00:00Z,15.1,0.0,77.0,9.0,observed
2025-08-27T04:00:00Z,16.2,0.0,71.0,7.4,observed
27/08/2025 05:00,16.9,0.0,64.0,7.2,observed
2025-08-27T06:00:00Z,17.7,0.0,71.0,26.5,observed
27/08/2025 07:00,19.7,0.0,57.0,10.0,observed
27/08/2025 08:00,17.5,2.4,88.0,20.6,observed
2025-08-27T09:00:00Z,19.8,5.2,81.0,9.5,observed
2025-08-27T10:00:00Z,21.9,0.0,58.0,14.1,observed
2025-08-27T11:00:00Z,22.6,0.0,58.0,12.0,observed
27/08/2025 12:00,23.2,0.0,60.0,12.9,observed
2025-08-27T13:00:00Z,21.7,0.6,74.0,18.4,observed
2025-08-27T14:00:00Z,21.9,0.0,61.0,11.1,observed
2025-08-27T15:00:00Z,19.6,1.7,70.0,10.8,observed
2025-08-27T16:00:00Z,20.4,0.0,63.0,14.0,observed
2025-08-27T17:00:00Z,19.4,0.0,63.0,8.3,observed
2025-08-27T18:00:00Z,18.9,0.0,63.0,4.3,observed
2025-08-27T19:00:00Z,17.8,0.0,70.0,15.4,observed
2025-08-27T20:00:00Z,16.2,0.0,78.0,19.2,observed
2025-08-27T21:00:00Z,15.0,0.0,75.0,14.7,observed
2025-08-27T22:00:00Z,13.5,0.0,76.0,16.6,observed
2025-08-27T23:00:00Z,13.7,0.0,79.0,6.3,observed
2025-08-28T00:00:00Z,14.0,0.0,80.0,12.3,observed
2025-08-28T01:00:00Z,13.5,0.0,84.0,9.7,observed
28/08/2025 02:00,15.3,0.0,82.0,13.0,observed
2025-08-28T03:00:00Z,14.2,0.0,74.0,14.8,observed
2025-08-28T04:00:00Z,14.2,0.0,82.0,11.0,observed
2025-08-28T05:00:00Z,16.5,0.0,78.0,14.6,observed
2025-08-28T06:00:00Z,17.6,0.0,69.0,13.5,observed
2025-08-28T07:00:00Z,18.3,0.0,65.0,10.6,observed
2025-08-28T08:00:00Z,18.8,0.0,60.0,9.3,observed
2025-08-28T09:00:00Z,20.4,-9999.0,61.0,4.6,observed
2025-08-28T10:00:00Z,20.6,0.0,65.0,22.9,observed
28/08/2025 11:00,22.3,0.0,59.0,7.2,observed
2025-08-28T12:00:00Z,22.7,0.0,56.0,13.0,observed
2025-08-28T13:00:00Z,22.0,0.0,65.0,8.7,observed
2025-08-28T14:00:00Z,20.8,0.0,51.0,14.5,observed
2025-08-28T15:00:00Z,19.8,0.0,65.0,7.1,observed
2025-08-28T16:00:00Z,20.6,0.0,66.0,7.2,observed
2025-08-28T17:00:00Z,18.5,0.0,62.0,12.2,observed
2025-08-28T18:00:00Z,18.2,0.0,68.0,8.1,observed
2025-08-28T18:00:00Z,15.9,0.0,68.0,8.1,observed
2025-08-28T19:00:00Z,16.9,0.0,72.0,7.2,observed
2025-08-28T20:00:00Z,15.4,0.0,75.0,12.4,observed
2025-08-28T21:00:00Z,16.0,0.0,79.0,12.1,observed
2025-08-28T22:00:00Z,15.3,0.0,79.0,15.0,observed
2025-08-28T23:00:00Z,14.4,0.0,85.0,5.7,observed
2025-08-29T00:00:00Z,14.4,0.0,70.0,18.5,observed
2025-08-29T01:00:00Z,14.3,0.0,77.0,12.9,observed
2025-08-29T02:00:00Z,15.2,0.0,91.0,12.0,observed
2025-08-29T03:00:00Z,16.3,0.0,70.0,12.5,observed
2025-08-29T04:00:00Z,15.9,0.0,79.0,10.6,observed
2025-08-29T05:00:00Z,17.1,0.0,74.0,10.4,observed
29/08/2025 06:00,17.6,0.0,73.0,7.2,observed
2025-08-29T07:00:00Z,19.6,0.0,69.0,8.6,observed
2025-08-29T08:00:00Z,20.8,0.0,67.0,11.7,observed
2025-08-29T09:00:00Z,22.4,0.0,64.0,8.0,observed
2025-08-29T10:00:00Z,20.9,4.2,78.0,9.9,observed
2025-08-29T11:00:00Z,22.5,0.0,58.0,8.5,observed
2025-08-29T12:00:00Z,19.9,2.5,73.0,7.9,observed
2025-08-29T13:00:00Z,23.2,0.0,58.0,10.2,observed
2025-08-29T14:00:00Z,22.3,0.0,60.0,6.4,observed
29/08/2025 15:00,22.2,0.0,65.0,17.1,observed
2025-08-29T16:00:00Z,21.1,0.0,63.0,7.1,observed
2025-08-29T17:00:00Z,19.3,0.0,59.0,8.0,observed
2025-08-29T18:00:00Z,18.5,0.0,63.0,14.3,observed
2025-08-29T19:00:00Z,18.4,0.0,75.0,8.3,observed
2025-08-29T20:00:00Z,15.8,0.0,79.0,12.3,observed
2025-08-29T21:00:00Z,15.4,0.0,68.0,12.8,observed
2025-08-29T22:00:00Z,15.6,0.0,83.0,22.9,observed
2025-08-30T00:00:00Z,15.5,0.0,93.0,12.9,observed
2025-08-30T01:00:00Z,15.7,0.0,79.0,16.1,observed
2025-08-30T02:00:00Z,15.7,0.0,74.0,12.1,observed
2025-08-30T03:00:00Z,16.8,0.0,73.0,8.9,observed
2025-08-30T04:00:00Z,17.4,0.0,68.0,8.1,observed
30/08/2025 05:00,19.0,0.0,68.0,11.6,observed
2025-08-30T06:00:00Z,19.5,0.0,61.0,11.8,observed
2025-08-30T07:00:00Z,19.6,0.0,62.0,7.6,observed
2025-08-30T08:00:00Z,21.6,0.0,57.0,6.8,observed
2025-08-30T09:00:00Z,22.0,0.0,50.0,12.9,observed
2025-08-30T10:00:00Z,22.0,0.0,54.0,9.2,observed
2025-08-30T11:00:00Z,22.8,0.0,67.0,11.7,observed
2025-08-30T12:00:00Z,24.0,0.5,56.0,15.5,observed
2025-08-30T13:00:00Z,23.4,0.0,49.0,9.0,observed
2025-08-30T15:00:00Z,22.3,0.0,64.0,8.0,observed
2025-08-30T15:00:00Z,22.2,0.0,64.0,8.0,observed
2025-08-30T16:00:00Z,22.1,0.0,64.0,9.3,observed
2025-08-30T17:00:00Z,17.1,2.3,92.0,22.3,observed
2025-08-30T18:00:00Z,19.8,0.0,57.0,12.3,observed
2025-08-30T19:00:00Z,18.0,0.0,71.0,6.3,observed
2025-08-30T20:00:00Z,17.5,0.0,78.0,6.0,observed
2025-08-30T21:00:00Z,16.4,0.0,67.0,8.2,observed
2025-08-30T22:00:00Z,15.0,0.0,75.0,4.4,observed
2025-08-30T23:00:00Z,14.2,0.0,80.0,12.8,observed
2025-08-31T00:00:00Z,14.3,0.0,73.0,13.7,observed
2025-08-31T01:00:00Z,13.9,0.0,83.0,14.7,observed
2025-08-31T02:00:00Z,14.4,0.0,75.0,12.9,observed
2025-08-31T03:00:00Z,16.1,0.0,73.0,10.3,observed
2025-08-31T04:00:00Z,16.1,0.0,75.0,15.9,observed
2025-08-31T05:00:00Z,17.9,0.0,75.0,17.7,observed
2025-08-31T06:00:00Z,18.2,0.0,74.0,9.0,observed
31/08/2025 07:00,19.3,0.0,75.0,19.3,observed
2025-08-31T07:00:00Z,21.3,0.0,75.0,19.3,observed
2025-08-31T08:00:00Z,21.4,0.0,59.0,11.3,observed
31/08/2025 09:00,21.6,0.0,62.0,6.2,observed
31/08/2025 10:00,19.4,2.1,83.0,9.1,observed
2025-08-31T11:00:00Z,22.7,0.0,57.0,10.7,observed
2025-08-31T12:00:00Z,22.4,0.0,55.0,6.7,observed
2025-08-31T13:00:00Z,23.5,0.0,56.0,7.6,observed
2025-08-31T14:00:00Z,22.1,0.0,52.0,14.8,observed
2025-08-31T15:00:00Z,19.6,14.9,89.0,7.0,observed
2025-08-31T16:00:00Z,17.8,1.0,77.0,7.8,observed
2025-08-31T17:00:00Z,18.2,0.3,78.0,7.0,observed
2025-08-31T18:00:00Z,18.3,0.0,68.0,5.9,observed
2025-08-31T19:00:00Z,13.6,4.5,100.0,10.0,observed
2025-08-31T20:00:00Z,15.5,0.0,74.0,5.0,observed
2025-08-31T21:00:00Z,14.2,0.0,74.0,5.7,observed
2025-08-31T22:00:00Z,14.0,0.0,86.0,6.4,observed
2025-08-31T23:00:00Z,13.4,0.0,80.0,10.4,observed
2025-09-01T00:00:00Z,12.6,0.0,87.0,17.6,observed
2025-09-01T01:00:00Z,14.3,0.0,73.0,6.9,observed
2025-09-01T02:00:00Z,13.5,0.0,78.0,13.3,observed
2025-09-01T03:00:00Z,13.7,0.0,75.0,6.1,observed
2025-09-01T04:00:00Z,15.4,0.0,67.0,7.2,observed
2025-09-01T05:00:00Z,17.1,0.0,67.0,11.5,observed
2025-09-01T06:00:00Z,16.3,0.0,75.0,8.5,observed
2025-09-01T07:00:00Z,17.8,0.0,74.0,16.9,observed
2025-09-01T08:00:00Z,19.0,0.0,64.0,16.1,observed
2025-09-01T09:00:00Z,20.0,0.0,69.0,15.4,observed
01/09/2025 10:00,21.8,0.0,60.0,11.8,observed
2025-09-01T11:00:00Z,21.3,0.0,53.0,5.6,observed
2025-09-01T12:00:00Z,20.6,0.0,67.0,8.7,observed
2025-09-01T13:00:00Z,21.2,0.0,70.0,8.9,observed
2025-09-01T14:00:00Z,21.4,0.0,61.0,7.7,observed
2025-09-01T15:00:00Z,21.1,0.0,56.0,7.9,observed
2025-09-01T15:00:00Z,18.5,0.0,56.0,7.9,observed
2025-09-01T16:00:00Z,18.9,0.0,66.0,12.0,observed
2025-09-01T18:00:00Z,16.9,0.0,81.0,15.2,observed
2025-09-01T19:00:00Z,17.0,0.0,72.0,9.1,observed
2025-09-01T20:00:00Z,14.8,0.0,78.0,8.0,observed
2025-09-01T21:00:00Z,13.9,0.0,75.0,6.8,observed
2025-09-01T22:00:00Z,14.1,0.0,74.0,6.1,observed
2025-09-01T23:00:00Z,12.6,0.0,86.0,13.6,observed
2025-09-02T00:00:00Z,13.7,0.0,85.0,8.8,observed
2025-09-02T01:00:00Z,13.0,0.0,90.0,5.2,observed
2025-09-02T02:00:00Z,13.3,0.0,83.0,7.3,observed
2025-09-02T03:00:00Z,14.8,0.0,80.0,22.7,observed
02/09/2025 04:00,15.4,0.0,71.0,8.2,observed
2025-09-02T05:00:00Z,16.6,0.0,70.0,14.1,observed
2025-09-02T06:00:00Z,17.3,0.0,69.0,7.0,observed
2025-09-02T07:00:00Z,18.3,0.0,,19.5,observed
02/09/2025 08:00,19.0,0.0,78.0,9.2,observed
2025-09-02T10:00:00Z,21.3,0.0,53.0,12.8,observed
2025-09-02T11:00:00Z,21.1,0.0,64.0,15.1,observed
2025-09-02T12:00:00Z,21.1,0.0,63.0,8.3,observed
2025-09-02T13:00:00Z,21.3,0.0,57.0,14.3,observed
2025-09-02T14:00:00Z,22.0,0.0,58.0,10.2,observed
02/09/2025 15:00,20.6,0.0,61.0,11.9,observed
2025-09-02T16:00:00Z,19.3,0.0,76.0,17.3,observed
02/09/2025 17:00,17.7,0.0,69.0,11.1,observed
2025-09-04T01:00:00Z,11.3,0.0,82.0,9.2,observed
2025-09-04T02:00:00Z,12.0,0.0,88.0,8.4,observed
2025-09-04T03:00:00Z,12.3,0.0,81.0,8.2,observed
2025-09-04T04:00:00Z,13.9,0.0,74.0,8.4,observed
04/09/2025 05:00,13.7,0.0,80.0,6.8,observed
2025-09-04T06:00:00Z,16.3,0.0,74.0,12.5,observed
2025-09-04T07:00:00Z,17.5,0.0,60.0,7.7,observed
2025-09-04T08:00:00Z,14.5,8.7,100.0,13.5,observed
2025-09-04T09:00:00Z,19.1,0.0,64.0,7.1,observed
2025-09-04T10:00:00Z,20.0,0.0,67.0,8.4,observed
2025-09-04T11:00:00Z,19.8,0.0,66.0,15.8,observed
2025-09-04T12:00:00Z,17.3,1.3,88.0,19.0,observed
2025-09-04T13:00:00Z,17.9,0.6,88.0,4.6,observed
2025-09-04T14:00:00Z,16.4,1.6,86.0,7.1,observed
2025-09-04T16:00:00Z,15.6,5.7,,7.7,observed
2025-09-04T17:00:00Z,17.1,0.0,67.0,14.3,observed
2025-09-04T18:00:00Z,14.4,7.7,92.0,9.0,observed
2025-09-04T20:00:00Z,14.1,0.0,79.0,8.0,observed
2025-09-04T21:00:00Z,11.9,0.0,88.0,14.1,observed
2025-09-04T22:00:00Z,11.5,0.0,84.0,4.1,observed
2025-09-04T23:00:00Z,11.5,-9999.0,84.0,10.8,observed
2025-09-05T00:00:00Z,11.1,0.0,87.0,10.2,observed
2025-09-05T01:00:00Z,10.8,0.0,85.0,9.6,observed
2025-09-05T02:00:00Z,12.1,0.0,82.0,18.1,observed
2025-09-05T03:00:00Z,12.6,0.0,81.0,8.1,observed
2025-09-05T04:00:00Z,13.6,0.0,92.0,18.1,observed
2025-09-05T05:00:00Z,14.5,0.0,87.0,8.0,observed
2025-09-05T06:00:00Z,15.2,0.0,77.0,16.1,observed
2025-09-05T07:00:00Z,16.5,0.0,74.0,10.1,observed
2025-09-05T08:00:00Z,17.8,0.0,70.0,10.0,observed
2025-09-05T09:00:00Z,18.0,0.0,77.0,5.3,observed
2025-09-05T10:00:00Z,18.4,0.0,67.0,10.7,observed
2025-09-05T11:00:00Z,18.8,0.0,65.0,7.7,observed
2025-09-05T12:00:00Z,17.2,1.3,86.0,4.5,observed
2025-09-05T13:00:00Z,17.3,1.9,88.0,8.2,observed
2025-09-05T14:00:00Z,19.4,0.0,64.0,10.9,observed
2025-09-05T15:00:00Z,18.5,0.0,56.0,18.8,observed
2025-09-05T16:00:00Z,17.6,0.0,68.0,7.3,observed
2025-09-05T17:00:00Z,16.0,0.0,78.0,9.1,observed
2025-09-05T18:00:00Z,14.9,0.0,78.0,10.8,observed
2025-09-05T19:00:00Z,14.5,0.0,77.0,6.4,observed
05/09/2025 20:00,12.3,0.0,85.0,8.7,observed
2025-09-05T21:00:00Z,12.6,0.0,72.0,9.4,observed
2025-09-05T22:00:00Z,12.4,0.0,86.0,9.8,observed
2025-09-05T23:00:00Z,12.4,0.0,83.0,12.1,observed
2025-09-06T00:00:00Z,12.5,0.0,81.0,6.4,observed
2025-09-06T01:00:00Z,11.7,0.0,89.0,25.1,observed
2025-09-06T02:00:00Z,12.4,0.0,,8.0,observed
2025-09-06T03:00:00Z,13.1,0.0,77.0,10.5,observed
2025-09-06T04:00:00Z,13.2,0.0,83.0,5.3,observed
2025-09-06T05:00:00Z,14.9,0.0,80.0,12.2,observed
06/09/2025 06:00,17.5,0.0,78.0,10.7,observed
2025-09-06T07:00:00Z,17.1,0.0,71.0,11.5,observed
2025-09-06T08:00:00Z,18.9,0.0,71.0,15.8,observed
2025-09-06T09:00:00Z,19.4,0.0,63.0,11.8,observed
2025-09-06T10:00:00Z,19.5,0.0,64.0,5.7,observed
2025-09-06T11:00:00Z,20.0,0.0,64.0,7.4,observed
2025-09-06T13:00:00Z,20.3,0.0,69.0,13.8,observed
2025-09-06T14:00:00Z,20.0,0.5,67.0,6.8,observed
2025-09-06T15:00:00Z,19.5,0.4,69.0,16.9,observed
2025-09-06T16:00:00Z,18.3,0.0,80.0,7.0,observed
2025-09-06T17:00:00Z,16.5,0.0,,12.8,observed
2025-09-06T18:00:00Z,15.8,0.0,82.0,10.6,observed
2025-09-06T19:00:00Z,14.6,0.0,75.0,6.1,observed
2025-09-06T20:00:00Z,14.6,0.0,80.0,7.6,observed
2025-09-06T21:00:00Z,13.5,0.0,81.0,16.2,observed
2025-09-06T22:00:00Z,13.1,0.0,84.0,9.4,observed
2025-09-06T23:00:00Z,13.2,0.0,78.0,15.9,observed
2025-09-07T00:00:00Z,11.9,0.0,88.0,3.7,observed
2025-09-07T01:00:00Z,12.1,0.0,80.0,14.9,observed
2025-09-07T02:00:00Z,12.6,0.0,87.0,4.5,observed
2025-09-07T03:00:00Z,13.3,0.0,67.0,5.9,observed
2025-09-07T04:00:00Z,13.3,0.0,81.0,10.5,observed
2025-09-07T05:00:00Z,14.4,0.0,,15.4,observed
07/09/2025 06:00,16.6,0.0,75.0,11.5,observed
2025-09-07T07:00:00Z,16.9,0.0,75.0,11.8,observed
2025-09-07T08:00:00Z,18.5,0.0,76.0,4.5,observed
2025-09-07T09:00:00Z,19.2,0.0,63.0,9.5,observed
2025-09-07T10:00:00Z,20.0,0.0,68.0,6.8,observed
2025-09-07T12:00:00Z,18.6,1.6,90.0,5.8,observed
2025-09-07T13:00:00Z,18.3,2.6,80.0,4.2,observed
2025-09-07T14:00:00Z,18.3,1.0,90.0,8.5,observed
2025-09-07T15:00:00Z,20.1,0.0,66.0,19.8,observed
07/09/2025 16:00,17.5,1.6,88.0,10.0,observed
2025-09-07T17:00:00Z,18.2,0.0,65.0,14.9,observed
2025-09-07T18:00:00Z,16.6,0.0,78.0,6.5,observed
2025-09-07T19:00:00Z,15.0,0.0,73.0,12.9,observed
2025-09-07T20:00:00Z,14.2,0.0,91.0,19.3,observed
2025-09-07T21:00:00Z,11.8,0.0,78.0,12.1,observed
2025-09-07T22:00:00Z,10.9,0.0,78.0,6.3,observed
2025-09-07T23:00:00Z,10.3,0.0,84.0,10.5,observed
08/09/2025 00:00,10.1,0.0,88.0,9.1,observed
2025-09-08T01:00:00Z,11.4,0.0,86.0,26.7,observed
08/09/2025 02:00,11.4,0.0,,11.6,observed
08/09/2025 03:00,11.1,0.0,80.0,14.0,observed
2025-09-08T04:00:00Z,13.1,0.0,66.0,8.9,observed
2025-09-08T05:00:00Z,13.6,0.0,85.0,12.5,observed
08/09/2025 06:00,14.7,0.0,73.0,7.9,observed
2025-09-08T07:00:00Z,14.9,0.0,70.0,10.1,observed
2025-09-08T08:00:00Z,16.0,0.0,76.0,9.9,observed
2025-09-08T09:00:00Z,17.2,0.0,65.0,8.4,observed
2025-09-08T10:00:00Z,18.8,0.0,63.0,9.6,observed
2025-09-08T11:00:00Z,18.8,0.0,68.0,8.8,observed
2025-09-08T12:00:00Z,18.6,0.0,69.0,12.3,observed
2025-09-08T13:00:00Z,18.3,0.0,74.0,9.9,observed
2025-09-08T14:00:00Z,18.4,0.0,68.0,6.4,observed
2025-09-08T15:00:00Z,18.1,0.0,84.0,15.6,observed
2025-09-08T16:00:00Z,16.2,0.0,72.0,7.8,observed
2025-09-08T17:00:00Z,16.6,0.0,77.0,6.8,observed
2025-09-08T18:00:00Z,14.1,0.0,74.0,3.9,observed
2025-09-08T19:00:00Z,14.1,0.0,84.0,5.2,observed
2025-09-08T20:00:00Z,13.8,0.0,87.0,5.5,observed
2025-09-08T21:00:00Z,12.3,0.0,86.0,8.4,observed
2025-09-08T22:00:00Z,12.6,0.0,84.0,12.4,observed
2025-09-08T23:00:00Z,11.8,0.0,82.0,5.0,observed
2025-09-09T00:00:00Z,11.2,0.0,82.0,16.0,observed
2025-09-09T01:00:00Z,10.9,0.0,81.0,14.0,observed
2025-09-09T02:00:00Z,11.2,0.0,88.0,25.8,observed
2025-09-09T03:00:00Z,12.1,0.0,87.0,7.5,observed
09/09/2025 04:00,13.7,0.0,70.0,20.2,observed
2025-09-09T05:00:00Z,14.5,0.0,77.0,6.2,observed
2025-09-09T06:00:00Z,15.0,0.0,68.0,6.8,observed
2025-09-09T07:00:00Z,16.5,0.0,74.0,14.5,observed
2025-09-09T08:00:00Z,17.3,0.0,71.0,13.7,observed
2025-09-09T09:00:00Z,19.1,0.0,65.0,3.4,observed
2025-09-09T10:00:00Z,19.9,0.0,66.0,8.1,observed
2025-09-09T11:00:00Z,19.9,0.0,65.0,10.5,observed
2025-09-09T12:00:00Z,20.2,0.0,67.0,12.0,observed
2025-09-09T13:00:00Z,20.1,0.0,59.0,13.7,observed
2025-09-09T14:00:00Z,19.5,0.0,81.0,7.8,observed
2025-09-09T15:00:00Z,17.7,0.0,68.0,15.6,observed
2025-09-09T16:00:00Z,18.6,0.0,75.0,15.9,observed
2025-09-09T17:00:00Z,16.8,0.0,74.0,11.9,observed
2025-09-09T18:00:00Z,15.3,0.0,69.0,6.9,observed
2025-09-09T19:00:00Z,15.0,-9999.0,77.0,10.9,observed
2025-09-09T20:00:00Z,13.3,0.0,78.0,7.2,observed
2025-09-09T21:00:00Z,13.6,0.0,85.0,5.1,observed
2025-09-09T22:00:00Z,13.7,0.0,84.0,8.7,observed
2025-09-09T23:00:00Z,12.9,0.0,87.0,11.7,observed
2025-09-10T00:00:00Z,12.6,0.0,82.0,11.8,observed
10/09/2025 01:00,13.4,0.0,84.0,5.2,observed
2025-09-10T02:00:00Z,12.4,0.0,90.0,9.2,observed
10/09/2025 03:00,14.0,0.0,79.0,15.4,observed
2025-09-10T05:00:00Z,16.2,0.0,69.0,7.9,observed
2025-09-10T06:00:00Z,16.9,0.0,73.0,14.6,observed
2025-09-10T07:00:00Z,17.2,0.0,69.0,9.3,observed
2025-09-10T08:00:00Z,19.7,0.0,66.0,6.7,observed
2025-09-10T09:00:00Z,19.5,0.0,58.0,3.1,observed
2025-09-10T10:00:00Z,19.8,0.0,57.0,7.2,observed
2025-09-10T11:00:00Z,21.2,0.0,60.0,9.5,observed
2025-09-10T12:00:00Z,18.7,0.6,84.0,15.9,observed
2025-09-10T13:00:00Z,21.5,0.0,49.0,7.7,observed
2025-09-10T14:00:00Z,20.3,0.0,74.0,8.9,observed
2025-09-10T15:00:00Z,18.3,0.0,74.0,10.7,observed
2025-09-10T16:00:00Z,19.4,0.0,73.0,16.4,observed
2025-09-10T17:00:00Z,15.8,1.8,90.0,9.6,observed
2025-09-10T18:00:00Z,16.7,0.0,74.0,26.2,observed
10/09/2025 19:00,15.9,0.0,79.0,11.2,observed
2025-09-10T20:00:00Z,14.6,0.0,72.0,11.3,observed
10/09/2025 21:00,12.1,0.0,83.0,13.7,observed
2025-09-10T22:00:00Z,11.6,0.0,87.0,12.1,observed
2025-09-10T23:00:00Z,10.3,0.0,93.0,13.6,observed
2025-09-11T00:00:00Z,11.0,0.0,85.0,7.6,observed
2025-09-11T02:00:00Z,11.3,0.0,87.0,12.5,observed
2025-09-11T03:00:00Z,11.0,0.0,88.0,9.9,observed
11/09/2025 04:00,12.1,0.0,79.0,7.3,observed
2025-09-11T05:00:00Z,14.5,0.0,82.0,11.1,observed
2025-09-11T06:00:00Z,15.2,0.0,77.0,7.9,observed
11/09/2025 07:00,14.6,0.0,85.0,13.7,observed
2025-09-11T08:00:00Z,16.9,0.0,73.0,8.0,observed
2025-09-11T09:00:00Z,18.2,0.0,70.0,8.2,observed
2025-09-11T10:00:00Z,17.9,0.0,73.0,4.5,observed
2025-09-11T11:00:00Z,17.1,3.7,91.0,18.1,observed
2025-09-11T12:00:00Z,18.8,0.0,56.0,11.6,observed
2025-09-11T13:00:00Z,19.4,0.0,71.0,8.7,observed
2025-09-11T14:00:00Z,17.7,-9999.0,69.0,17.6,observed
2025-09-11T15:00:00Z,15.3,6.6,87.0,5.1,observed
2025-09-11T16:00:00Z,16.2,0.0,80.0,5.6,observed
2025-09-11T17:00:00Z,12.8,4.2,100.0,10.4,observed
2025-09-11T18:00:00Z,15.1,0.0,75.0,7.2,observed
2025-09-11T19:00:00Z,13.6,0.0,80.0,7.7,observed
2025-09-11T19:00:00Z,13.7,0.0,80.0,7.7,observed
2025-09-11T20:00:00Z,11.8,0.0,83.0,15.2,observed
2025-09-11T21:00:00Z,13.6,0.0,86.0,5.1,observed
2025-09-11T22:00:00Z,12.5,0.0,79.0,6.6,observed
2025-09-11T23:00:00Z,11.6,0.0,83.0,12.1,observed
2025-09-12T00:00:00Z,11.8,0.0,88.0,12.2,observed
2025-09-12T01:00:00Z,11.4,0.0,80.0,7.3,observed
2025-09-12T02:00:00Z,12.7,0.0,90.0,13.0,observed
2025-09-12T03:00:00Z,12.8,0.0,77.0,11.7,observed
2025-09-12T04:00:00Z,14.5,0.0,81.0,7.0,observed
2025-09-12T05:00:00Z,14.6,0.0,71.0,15.9,observed
2025-09-12T06:00:00Z,17.1,0.0,70.0,10.5,observed
2025-09-12T07:00:00Z,17.5,0.0,61.0,8.3,observed
2025-09-12T08:00:00Z,18.4,0.0,71.0,16.8,observed
2025-09-12T09:00:00Z,18.9,0.0,71.0,8.4,observed
2025-09-12T10:00:00Z,17.3,6.3,80.0,8.4,observed
2025-09-12T11:00:00Z,17.7,7.8,83.0,9.8,observed
2025-09-12T12:00:00Z,16.9,2.2,84.0,12.6,observed
2025-09-12T14:00:00Z,18.1,1.1,80.0,18.2,observed
2025-09-12T15:00:00Z,16.5,8.3,90.0,10.4,observed
2025-09-12T16:00:00Z,16.2,2.0,91.0,8.0,observed
2025-09-12T17:00:00Z,17.1,0.0,76.0,16.4,observed
2025-09-12T18:00:00Z,16.9,0.0,81.0,15.6,observed
12/09/2025 19:00,14.7,0.0,83.0,11.1,observed
2025-09-12T20:00:00Z,13.5,0.0,79.0,14.8,observed
2025-09-12T21:00:00Z,10.9,0.0,93.0,17.3,observed
2025-09-12T22:00:00Z,11.1,0.0,93.0,14.9,observed
2025-09-12T23:00:00Z,10.3,0.0,100.0,8.8,observed
2025-09-13T00:00:00Z,10.3,0.0,86.0,5.9,observed
2025-09-13T01:00:00Z,10.1,0.0,85.0,10.0,observed
2025-09-13T02:00:00Z,10.1,0.0,87.0,7.9,observed
2025-09-13T03:00:00Z,10.8,0.0,85.0,12.1,observed
2025-09-13T04:00:00Z,13.5,0.0,78.0,20.2,observed
2025-09-13T05:00:00Z,12.8,0.0,79.0,5.0,observed
2025-09-13T06:00:00Z,13.5,0.0,76.0,7.8,observed
2025-09-13T07:00:00Z,15.0,0.0,74.0,7.8,observed
2025-09-13T08:00:00Z,16.7,0.0,74.0,9.2,observed
2025-09-13T09:00:00Z,17.4,0.0,72.0,8.2,observed
2025-09-13T10:00:00Z,18.4,0.0,70.0,5.1,observed
2025-09-13T11:00:00Z,17.6,2.8,89.0,21.1,observed
2025-09-13T12:00:00Z,16.5,12.1,89.0,11.9,observed
2025-09-13T13:00:00Z,18.8,0.0,73.0,7.2,observed
2025-09-13T14:00:00Z,15.6,0.9,94.0,5.3,observed
2025-09-13T15:00:00Z,14.9,5.9,92.0,11.6,observed
2025-09-13T16:00:00Z,14.3,0.6,82.0,12.7,observed
2025-09-13T17:00:00Z,13.7,2.8,89.0,6.2,observed
2025-09-13T18:00:00Z,14.4,0.0,71.0,8.6,observed
2025-09-13T19:00:00Z,11.4,3.6,97.0,6.0,observed
2025-09-13T20:00:00Z,11.4,0.0,84.0,3.5,observed
2025-09-13T21:00:00Z,11.6,0.0,87.0,14.9,observed
2025-09-13T22:00:00Z,10.7,0.0,71.0,5.6,observed
14/09/2025 00:00,10.2,0.0,83.0,10.6,observed
14/09/2025 01:00,9.5,0.0,86.0,8.8,observed
2025-09-14T02:00:00Z,10.7,0.0,82.0,8.9,observed
2025-09-14T03:00:00Z,11.5,0.0,89.0,14.6,observed
2025-09-14T04:00:00Z,11.7,0.0,78.0,11.3,observed
2025-09-14T05:00:00Z,13.4,0.0,75.0,12.9,observed
14/09/2025 06:00,14.4,0.0,81.0,16.1,observed
2025-09-14T07:00:00Z,16.1,0.0,74.0,14.9,observed
2025-09-14T08:00:00Z,16.0,0.0,78.0,18.8,observed
2025-09-14T09:00:00Z,17.4,0.0,68.0,14.0,observed
14/09/2025 10:00,16.1,1.7,87.0,10.7,observed
14/09/2025 11:00,16.2,5.4,85.0,12.8,observed
2025-09-14T12:00:00Z,19.2,0.0,65.0,9.5,observed
2025-09-14T13:00:00Z,18.5,0.0,71.0,19.6,observed
2025-09-14T14:00:00Z,16.0,5.8,91.0,8.8,observed
2025-09-14T15:00:00Z,15.1,2.9,88.0,9.9,observed
2025-09-14T16:00:00Z,15.6,0.0,78.0,7.7,observed
14/09/2025 17:00,14.8,0.0,75.0,9.1,observed
2025-09-14T18:00:00Z,14.5,0.0,75.0,13.4,observed
14/09/2025 19:00,10.8,2.2,100.0,12.5,observed
2025-09-14T20:00:00Z,12.4,0.0,81.0,8.5,observed
2025-09-14T20:00:00Z,11.5,0.0,81.0,8.5,observed
14/09/2025 21:00,11.6,0.0,88.0,12.1,observed
14/09/2025 22:00,11.3,0.0,82.0,7.0,observed
2025-09-14T23:00:00Z,11.4,0.0,87.0,6.7,observed
2025-09-15T00:00:00Z,10.5,0.0,92.0,6.1,observed
15/09/2025 01:00,11.7,0.0,83.0,9.7,observed
2025-09-15T02:00:00Z,11.7,0.0,86.0,13.0,observed
2025-09-15T03:00:00Z,11.7,0.0,88.0,8.5,observed
15/09/2025 04:00,12.5,0.0,81.0,10.3,observed
2025-09-15T05:00:00Z,14.0,0.0,80.0,8.6,observed
2025-09-15T06:00:00Z,15.3,0.0,77.0,4.3,observed
2025-09-15T07:00:00Z,16.3,0.0,74.0,8.7,observed
2025-09-15T08:00:00Z,16.7,0.0,70.0,19.7,observed
2025-09-15T09:00:00Z,17.8,0.0,70.0,8.8,observed
2025-09-15T10:00:00Z,18.9,0.0,65.0,11.1,observed
2025-09-15T11:00:00Z,18.8,0.0,70.0,13.0,observed
2025-09-15T12:00:00Z,19.6,0.0,63.0,8.3,observed
2025-09-15T13:00:00Z,16.4,1.1,86.0,10.2,observed
2025-09-15T14:00:00Z,18.2,0.0,74.0,4.8,observed
2025-09-15T15:00:00Z,18.1,0.3,67.0,6.9,observed
2025-09-15T16:00:00Z,17.2,0.0,73.0,5.6,observed
2025-09-15T17:00:00Z,16.5,0.0,79.0,9.4,observed
2025-09-15T18:00:00Z,14.4,0.0,77.0,9.3,observed
2025-09-15T19:00:00Z,13.9,0.0,85.0,7.9,observed
2025-09-15T20:00:00Z,12.2,0.0,87.0,9.0,observed
2025-09-15T21:00:00Z,13.2,0.0,79.0,15.1,observed
15/09/2025 22:00,12.0,0.0,88.0,7.5,observed
2025-09-15T23:00:00Z,10.7,0.0,83.0,8.6,observed
2025-09-16T00:00:00Z,11.3,0.0,88.0,12.4,observed
2025-09-16T01:00:00Z,11.9,0.0,84.0,10.4,observed
2025-09-16T02:00:00Z,11.5,0.0,78.0,8.3,observed
2025-09-16T03:00:00Z,13.4,0.0,76.0,10.5,observed
2025-09-16T04:00:00Z,13.6,0.0,77.0,8.7,observed
2025-09-16T05:00:00Z,14.5,0.0,71.0,5.9,observed
2025-09-16T06:00:00Z,15.1,0.0,76.0,8.2,observed
2025-09-16T07:00:00Z,16.8,0.0,74.0,11.6,observed
2025-09-16T08:00:00Z,17.7,0.0,75.0,12.2,observed
16/09/2025 09:00,19.3,0.0,65.0,14.8,observed
2025-09-16T10:00:00Z,18.4,0.0,77.0,12.8,observed
2025-09-16T11:00:00Z,19.1,0.0,63.0,12.2,observed
2025-09-16T12:00:00Z,19.7,0.0,67.0,6.5,observed
2025-09-16T13:00:00Z,19.8,0.0,70.0,6.0,observed
2025-09-16T14:00:00Z,18.8,0.3,64.0,7.1,observed
2025-09-16T15:00:00Z,16.5,3.2,88.0,17.7,observed
2025-09-16T16:00:00Z,15.7,1.8,94.0,11.0,observed
2025-09-16T17:00:00Z,16.9,0.0,82.0,8.8,observed
2025-09-16T18:00:00Z,16.3,0.0,65.0,14.1,observed
2025-09-16T19:00:00Z,14.8,0.0,73.0,9.8,observed
2025-09-16T20:00:00Z,14.0,0.0,85.0,12.0,observed
2025-09-16T21:00:00Z,12.6,0.0,83.0,12.5,observed
2025-09-16T22:00:00Z,11.5,0.0,82.0,10.4,observed
2025-09-16T23:00:00Z,11.4,0.0,83.0,17.0,observed
2025-09-17T00:00:00Z,11.9,0.0,78.0,10.7,observed
2025-09-17T01:00:00Z,11.4,0.0,90.0,16.5,observed
2025-09-17T03:00:00Z,12.2,0.0,91.0,9.3,observed
2025-09-17T04:00:00Z,13.0,0.0,94.0,10.6,observed
2025-09-17T05:00:00Z,14.4,0.0,77.0,12.9,observed
2025-09-17T06:00:00Z,15.7,0.0,72.0,14.0,observed
2025-09-17T07:00:00Z,17.3,0.0,71.0,13.9,observed
17/09/2025 08:00,17.7,0.0,68.0,16.3,observed
2025-09-17T09:00:00Z,18.7,0.0,69.0,18.5,observed
2025-09-17T10:00:00Z,18.8,0.0,72.0,9.5,observed
2025-09-17T11:00:00Z,17.9,0.8,84.0,13.0,observed
2025-09-17T12:00:00Z,20.4,0.1,67.0,6.5,observed
2025-09-17T13:00:00Z,19.9,0.0,62.0,10.6,observed
2025-09-17T14:00:00Z,16.3,2.5,83.0,11.1,observed
2025-09-17T15:00:00Z,18.9,0.2,73.0,8.3,observed
2025-09-17T16:00:00Z,17.2,0.0,81.0,9.7,observed
2025-09-17T17:00:00Z,16.4,0.0,72.0,3.4,observed
2025-09-17T18:00:00Z,15.4,0.0,74.0,7.5,observed
2025-09-17T19:00:00Z,15.3,0.0,78.0,15.2,observed
2025-09-17T20:00:00Z,13.9,0.0,83.0,9.0,observed
2025-09-17T21:00:00Z,13.6,0.0,76.0,4.9,observed
2025-09-17T22:00:00Z,13.5,0.0,79.0,16.8,observed
2025-09-17T23:00:00Z,13.7,0.0,78.0,12.5,observed
2025-09-18T00:00:00Z,12.4,0.0,79.0,11.6,observed
2025-09-18T01:00:00Z,12.5,0.0,88.0,6.6,observed
2025-09-18T02:00:00Z,14.0,0.0,88.0,10.0,observed
2025-09-18T03:00:00Z,14.2,0.0,70.0,18.4,observed
2025-09-18T04:00:00Z,14.2,0.0,78.0,5.3,observed
2025-09-18T05:00:00Z,16.1,0.0,76.0,8.4,observed
2025-09-18T06:00:00Z,17.1,0.0,68.0,11.9,observed
2025-09-18T07:00:00Z,18.6,0.0,63.0,16.1,observed
2025-09-18T08:00:00Z,19.1,0.0,67.0,12.6,observed
2025-09-18T09:00:00Z,18.5,0.7,83.0,10.7,observed
2025-09-18T10:00:00Z,21.2,0.0,67.0,10.7,observed
2025-09-18T11:00:00Z,21.2,0.0,61.0,13.5,observed
18/09/2025 12:00,21.5,0.0,65.0,12.5,observed
2025-09-18T13:00:00Z,21.8,0.0,66.0,6.0,observed
2025-09-18T14:00:00Z,18.2,2.6,83.0,10.7,observed
2025-09-18T15:00:00Z,20.0,0.0,65.0,13.9,observed
2025-09-18T16:00:00Z,19.7,0.0,59.0,11.5,observed
2025-09-18T17:00:00Z,18.4,0.0,77.0,17.2,observed
2025-09-18T18:00:00Z,17.2,0.0,77.0,12.9,observed
2025-09-18T20:00:00Z,14.4,0.0,80.0,14.3,observed
2025-09-18T21:00:00Z,15.1,0.0,77.0,11.6,observed
2025-09-18T22:00:00Z,13.8,0.0,82.0,14.2,observed
2025-09-18T23:00:00Z,,0.0,74.0,16.6,observed
2025-09-19T00:00:00Z,13.1,0.0,81.0,6.9,observed
2025-09-19T01:00:00Z,13.8,0.0,75.0,13.3,observed
2025-09-19T02:00:00Z,13.9,0.0,81.0,16.5,observed
2025-09-19T03:00:00Z,15.5,0.0,73.0,10.3,observed
19/09/2025 04:00,15.7,0.0,76.0,11.4,observed
2025-09-19T05:00:00Z,16.6,0.0,69.0,9.9,observed
2025-09-19T06:00:00Z,17.5,0.0,65.0,14.3,observed
2025-09-19T07:00:00Z,18.9,0.0,69.0,10.4,observed
2025-09-19T08:00:00Z,19.7,0.0,65.0,10.2,observed
2025-09-19T09:00:00Z,17.9,7.2,87.0,4.9,observed
2025-09-19T10:00:00Z,21.3,0.0,60.0,11.8,observed
2025-09-19T11:00:00Z,20.2,6.0,85.0,10.0,observed
2025-09-19T12:00:00Z,21.2,0.0,57.0,13.5,observed
2025-09-19T13:00:00Z,21.7,0.0,54.0,7.9,observed
2025-09-19T14:00:00Z,18.8,0.8,83.0,11.6,observed
2025-09-19T15:00:00Z,20.4,0.0,69.0,10.5,observed
2025-09-19T16:00:00Z,19.5,0.0,68.0,13.7,observed
2025-09-19T17:00:00Z,19.5,0.0,72.0,15.1,observed
2025-09-19T18:00:00Z,17.8,0.0,71.0,8.0,observed
2025-09-19T20:00:00Z,15.8,0.0,75.0,17.9,observed
2025-09-19T21:00:00Z,13.9,0.0,75.0,6.3,observed
2025-09-19T22:00:00Z,12.6,0.0,76.0,8.4,observed
19/09/2025 23:00,12.8,0.0,82.0,18.0,observed
2025-09-20T00:00:00Z,13.2,0.0,81.0,14.8,observed
2025-09-20T01:00:00Z,13.4,0.0,82.0,6.2,observed
20/09/2025 02:00,14.0,0.0,77.0,14.2,observed
2025-09-20T03:00:00Z,13.7,0.0,83.0,15.1,observed
2025-09-20T04:00:00Z,15.4,0.0,73.0,8.9,observed
20/09/2025 05:00,17.5,0.0,67.0,15.2,observed
2025-09-20T06:00:00Z,17.6,0.0,66.0,4.5,observed
2025-09-20T07:00:00Z,18.6,0.0,74.0,7.1,observed
2025-09-20T08:00:00Z,20.1,0.0,53.0,15.4,observed
2025-09-20T09:00:00Z,17.5,1.6,78.0,15.2,observed
2025-09-20T10:00:00Z,21.7,0.0,56.0,17.0,observed
20/09/2025 11:00,21.9,0.0,58.0,14.3,observed
2025-09-20T12:00:00Z,21.8,0.0,58.0,3.8,observed
2025-09-20T13:00:00Z,22.5,0.1,59.0,8.7,observed
2025-09-20T14:00:00Z,18.7,1.2,74.0,11.7,observed
2025-09-20T15:00:00Z,17.8,-9999.0,80.0,7.7,observed
2025-09-20T16:00:00Z,17.1,9.2,88.0,6.6,observed
2025-09-20T17:00:00Z,18.1,0.0,75.0,12.7,observed
2025-09-20T18:00:00Z,17.6,0.2,69.0,4.0,observed
2025-09-20T19:00:00Z,17.1,0.0,70.0,11.3,observed
2025-09-20T20:00:00Z,16.0,0.0,73.0,12.6,observed
2025-09-20T21:00:00Z,14.8,0.0,70.0,9.2,observed
2025-09-20T22:00:00Z,13.7,0.0,72.0,13.6,observed
2025-09-20T23:00:00Z,13.2,0.0,79.0,9.4,observed
2025-09-21T00:00:00Z,14.3,0.0,87.0,9.6,observed
2025-09-21T01:00:00Z,13.6,0.0,81.0,5.5,observed
2025-09-21T01:00:00Z,14.1,0.0,81.0,5.5,observed
2025-09-21T02:00:00Z,14.4,0.0,83.0,6.3,observed
2025-09-21T03:00:00Z,14.2,0.0,81.0,10.6,observed
2025-09-21T04:00:00Z,16.2,0.0,71.0,11.5,observed
2025-09-21T05:00:00Z,16.6,0.0,63.0,18.2,observed
2025-09-21T06:00:00Z,18.5,0.0,60.0,14.6,observed
2025-09-21T07:00:00Z,18.6,0.0,68.0,15.0,observed
2025-09-21T07:00:00Z,17.1,0.0,68.0,15.0,observed
2025-09-21T08:00:00Z,19.7,0.0,56.0,14.2,observed
2025-09-21T09:00:00Z,20.9,0.0,56.0,9.9,observed
21/09/2025 10:00,20.9,0.0,63.0,4.4,observed
2025-09-21T11:00:00Z,19.3,3.0,82.0,9.0,observed
2025-09-21T12:00:00Z,22.1,0.0,66.0,7.9,observed
2025-09-21T13:00:00Z,19.2,1.0,79.0,15.5,observed
2025-09-21T14:00:00Z,21.3,0.0,72.0,9.2,observed
2025-09-21T15:00:00Z,21.2,0.0,68.0,6.4,observed
2025-09-21T16:00:00Z,19.4,0.0,66.0,13.0,observed
21/09/2025 17:00,18.3,0.0,72.0,10.2,observed
2025-09-21T18:00:00Z,17.8,0.0,77.0,11.2,observed
2025-09-21T19:00:00Z,16.8,0.0,72.0,14.1,observed
2025-09-21T20:00:00Z,16.3,0.0,77.0,9.2,observed
2025-09-21T21:00:00Z,13.8,0.0,93.0,13.6,observed
2025-09-21T22:00:00Z,13.1,0.0,81.0,15.8,observed
2025-09-21T23:00:00Z,11.7,0.0,80.0,12.3,observed
2025-09-22T00:00:00Z,12.2,0.0,82.0,15.4,observed
2025-09-22T01:00:00Z,12.7,0.0,85.0,7.0,observed
2025-09-22T02:00:00Z,12.4,0.0,85.0,15.2,observed
2025-09-22T03:00:00Z,14.7,0.0,83.0,6.0,observed
2025-09-22T04:00:00Z,13.2,0.0,76.0,13.2,observed
2025-09-22T05:00:00Z,15.7,0.0,71.0,5.4,observed
2025-09-22T06:00:00Z,15.6,0.0,76.0,21.5,observed
22/09/2025 07:00,17.5,0.0,65.0,5.7,observed
2025-09-22T08:00:00Z,19.2,0.0,65.0,5.7,observed
2025-09-22T09:00:00Z,19.5,0.0,61.0,7.0,observed
2025-09-22T10:00:00Z,19.5,0.0,64.0,14.9,observed
2025-09-22T11:00:00Z,20.6,0.0,65.0,8.3,observed
2025-09-22T12:00:00Z,20.9,0.0,58.0,9.9,observed
2025-09-22T13:00:00Z,20.7,0.0,52.0,7.1,observed
2025-09-22T14:00:00Z,16.9,2.4,83.0,11.7,observed
2025-09-22T15:00:00Z,16.6,2.8,85.0,21.2,observed
2025-09-22T16:00:00Z,17.7,0.0,71.0,5.5,observed
2025-09-22T17:00:00Z,15.8,2.1,88.0,18.5,observed
2025-09-22T18:00:00Z,14.9,0.0,79.0,10.5,observed
2025-09-22T19:00:00Z,16.1,0.0,70.0,15.1,observed
2025-09-22T20:00:00Z,14.3,0.0,84.0,7.1,observed
2025-09-22T21:00:00Z,12.3,0.0,78.0,8.8,observed
2025-09-22T22:00:00Z,12.9,0.0,87.0,8.7,observed
2025-09-22T23:00:00Z,12.2,0.0,90.0,8.4,observed
2025-09-23T00:00:00Z,12.1,0.0,87.0,8.9,observed
2025-09-23T01:00:00Z,12.5,0.0,80.0,15.7,observed
23/09/2025 02:00,11.9,-9999.0,84.0,14.7,observed
2025-09-23T03:00:00Z,13.2,0.0,92.0,6.2,observed
2025-09-23T04:00:00Z,15.7,0.0,71.0,9.6,observed
23/09/2025 05:00,14.7,0.0,72.0,10.9,observed
2025-09-23T06:00:00Z,16.0,0.0,74.0,13.3,observed
2025-09-23T07:00:00Z,17.5,0.0,67.0,11.4,observed
2025-09-23T08:00:00Z,18.5,0.0,,8.0,observed
2025-09-23T09:00:00Z,19.2,0.0,73.0,9.7,observed
2025-09-23T10:00:00Z,20.8,0.0,58.0,10.0,observed
2025-09-23T11:00:00Z,17.8,2.0,85.0,5.8,observed
2025-09-23T12:00:00Z,18.4,1.9,90.0,12.4,observed
23/09/2025 13:00,18.1,1.3,87.0,5.5,observed
2025-09-23T14:00:00Z,20.4,0.0,62.0,6.6,observed
2025-09-23T15:00:00Z,18.1,5.4,82.0,9.2,observed
2025-09-23T16:00:00Z,19.0,0.0,71.0,8.3,observed
2025-09-23T17:00:00Z,17.1,0.0,,12.1,observed
2025-09-23T18:00:00Z,16.9,0.0,76.0,10.5,observed
2025-09-23T19:00:00Z,15.6,0.0,73.0,7.8,observed
23/09/2025 20:00,14.9,0.0,76.0,9.4,observed
2025-09-23T21:00:00Z,13.3,0.0,91.0,9.5,observed
2025-09-23T23:00:00Z,11.5,0.0,88.0,10.9,observed
2025-09-24T00:00:00Z,12.9,0.0,80.0,8.9,observed
2025-09-24T01:00:00Z,11.9,0.0,78.0,15.5,observed
2025-09-24T02:00:00Z,11.6,0.0,83.0,12.9,observed
2025-09-24T03:00:00Z,12.0,0.0,73.0,14.3,observed
2025-09-24T04:00:00Z,13.4,0.0,74.0,13.9,observed
2025-09-24T05:00:00Z,14.8,0.0,72.0,8.9,observed
2025-09-24T06:00:00Z,16.3,0.0,71.0,7.5,observed
2025-09-24T07:00:00Z,16.5,0.0,70.0,7.6,observed
2025-09-24T08:00:00Z,18.5,0.0,72.0,18.1,observed
2025-09-24T09:00:00Z,18.1,0.0,75.0,9.8,observed
2025-09-24T10:00:00Z,19.8,0.0,68.0,11.6,observed
2025-09-24T11:00:00Z,19.6,0.0,71.0,7.9,observed
2025-09-24T12:00:00Z,20.8,0.0,67.0,8.5,observed
2025-09-24T13:00:00Z,18.0,6.6,83.0,7.4,observed
2025-09-24T15:00:00Z,18.8,0.0,71.0,20.2,observed
2025-09-24T16:00:00Z,16.0,2.7,83.0,13.2,observed
2025-09-24T17:00:00Z,17.0,0.0,68.0,20.0,observed
2025-09-24T18:00:00Z,15.7,0.0,76.0,13.0,observed
24/09/2025 19:00,14.9,0.0,79.0,11.2,observed
2025-09-24T20:00:00Z,14.3,0.0,90.0,12.3,observed
2025-09-24T21:00:00Z,14.8,0.0,65.0,11.7,observed
2025-09-24T22:00:00Z,13.0,0.0,89.0,6.6,observed
2025-09-24T23:00:00Z,12.6,0.0,83.0,7.8,observed
2025-09-25T00:00:00Z,13.6,0.0,84.0,7.9,observed
2025-09-25T01:00:00Z,14.9,0.0,84.0,8.0,observed
2025-09-25T02:00:00Z,13.9,0.0,81.0,6.9,observed
2025-09-25T03:00:00Z,15.0,0.0,70.0,7.8,observed
2025-09-25T04:00:00Z,15.5,0.0,73.0,8.9,observed
2025-09-25T05:00:00Z,16.5,0.0,74.0,10.3,observed
2025-09-25T06:00:00Z,18.6,0.0,73.0,13.0,observed
2025-09-25T07:00:00Z,17.8,0.0,60.0,8.2,observed
2025-09-25T08:00:00Z,18.8,0.0,77.0,13.1,observed
2025-09-25T09:00:00Z,20.7,0.0,74.0,10.9,observed
2025-09-25T10:00:00Z,21.2,0.0,68.0,5.4,observed
2025-09-25T11:00:00Z,21.5,0.0,64.0,7.2,observed
2025-09-25T12:00:00Z,21.3,0.0,58.0,17.6,observed
2025-09-25T13:00:00Z,21.5,-9999.0,64.0,28.3,observed
2025-09-25T14:00:00Z,19.3,9.7,90.0,14.2,observed
25/09/2025 15:00,19.3,11.9,83.0,12.0,observed
2025-09-25T16:00:00Z,18.9,0.0,61.0,4.3,observed
2025-09-25T17:00:00Z,18.6,0.0,72.0,10.0,observed
2025-09-25T18:00:00Z,17.4,0.0,67.0,7.0,observed
2025-09-25T19:00:00Z,16.2,0.0,78.0,9.7,observed
2025-09-25T20:00:00Z,15.1,0.0,81.0,18.3,observed
2025-09-25T21:00:00Z,14.2,0.0,80.0,4.7,observed
2025-09-25T22:00:00Z,12.2,0.0,82.0,5.1,observed
25/09/2025 23:00,13.5,0.0,74.0,14.2,observed
2025-09-26T00:00:00Z,12.6,0.0,81.0,11.1,observed
2025-09-26T01:00:00Z,12.7,0.0,81.0,7.7,observed
2025-09-26T02:00:00Z,13.0,0.0,78.0,17.6,observed
2025-09-26T03:00:00Z,14.1,0.0,84.0,8.4,observed
2025-09-26T04:00:00Z,15.4,0.0,76.0,6.4,observed
2025-09-26T05:00:00Z,15.8,0.0,74.0,9.3,observed
2025-09-26T07:00:00Z,18.0,0.0,64.0,10.2,observed
26/09/2025 08:00,18.5,0.0,67.0,3.6,observed
2025-09-26T09:00:00Z,20.2,0.0,61.0,8.3,observed
2025-09-26T10:00:00Z,19.0,4.5,80.0,21.9,observed
2025-09-26T10:00:00Z,20.5,5.0,80.0,21.9,observed
2025-09-26T11:00:00Z,20.6,0.0,65.0,11.7,observed
2025-09-26T12:00:00Z,21.2,0.0,52.0,8.2,observed
2025-09-26T13:00:00Z,21.5,0.1,60.0,8.6,observed
2025-09-26T14:00:00Z,18.6,3.4,79.0,12.3,observed
2025-09-26T15:00:00Z,17.6,4.9,91.0,6.2,observed
2025-09-26T16:00:00Z,18.6,0.3,72.0,9.5,observed
26/09/2025 17:00,18.1,0.0,67.0,11.6,observed
2025-09-26T18:00:00Z,15.7,0.0,71.0,10.7,observed
2025-09-26T19:00:00Z,13.1,2.9,97.0,5.1,observed
2025-09-26T20:00:00Z,16.0,0.0,77.0,5.3,observed
2025-09-26T21:00:00Z,13.7,0.0,70.0,15.0,observed
2025-09-26T22:00:00Z,14.5,0.0,73.0,10.5,observed
2025-09-26T23:00:00Z,14.3,0.0,83.0,5.2,observed
2025-09-27T00:00:00Z,13.1,0.0,85.0,12.5,observed
2025-09-27T01:00:00Z,13.6,0.0,74.0,10.8,observed
2025-09-27T02:00:00Z,13.1,0.0,90.0,18.5,observed
2025-09-27T03:00:00Z,14.5,0.0,72.0,9.0,observed
27/09/2025 04:00,14.9,0.0,77.0,17.7,observed
2025-09-27T05:00:00Z,16.0,0.0,83.0,10.3,observed
2025-09-27T06:00:00Z,16.9,0.0,69.0,8.7,observed
2025-09-27T07:00:00Z,19.2,0.0,64.0,16.4,observed
2025-09-27T08:00:00Z,19.8,0.0,61.0,11.7,observed
2025-09-27T09:00:00Z,20.3,0.0,61.0,7.5,observed
2025-09-27T10:00:00Z,21.5,0.0,62.0,16.7,observed
2025-09-27T11:00:00Z,21.3,0.0,66.0,12.1,observed
2025-09-27T12:00:00Z,21.3,0.0,65.0,17.4,observed
2025-09-27T13:00:00Z,20.8,0.0,,11.0,observed
2025-09-27T14:00:00Z,20.9,0.0,64.0,12.8,observed
2025-09-27T15:00:00Z,20.7,0.0,54.0,5.3,observed
2025-09-27T16:00:00Z,18.7,0.0,63.0,16.0,observed
2025-09-27T17:00:00Z,19.2,0.0,71.0,9.7,observed
2025-09-27T18:00:00Z,18.3,0.0,71.0,12.0,observed
2025-09-27T19:00:00Z,16.5,0.0,71.0,16.3,observed
2025-09-27T20:00:00Z,15.7,0.0,70.0,15.1,observed
27/09/2025 21:00,14.0,0.0,82.0,11.8,observed
2025-09-27T22:00:00Z,13.4,0.0,82.0,8.8,observed
2025-09-27T23:00:00Z,13.3,0.0,84.0,9.4,observed
2025-09-28T00:00:00Z,12.8,0.0,73.0,11.8,observed
28/09/2025 01:00,12.8,0.0,86.0,5.2,observed
2025-09-28T02:00:00Z,12.6,0.0,79.0,11.7,observed
2025-09-28T03:00:00Z,13.8,0.0,74.0,4.2,observed
2025-09-28T04:00:00Z,15.8,0.0,70.0,5.5,observed
2025-09-28T05:00:00Z,15.5,0.0,78.0,8.1,observed
2025-09-28T06:00:00Z,16.8,0.0,78.0,9.0,observed
2025-09-28T07:00:00Z,18.3,0.0,67.0,16.1,observed
2025-09-28T08:00:00Z,19.0,0.0,,11.3,observed
2025-09-28T09:00:00Z,18.7,9.6,90.0,8.5,observed
2025-09-28T10:00:00Z,18.3,8.3,77.0,11.4,observed
2025-09-28T11:00:00Z,21.7,0.0,52.0,17.3,observed
2025-09-28T12:00:00Z,19.4,0.8,76.0,9.1,observed
2025-09-28T13:00:00Z,18.3,2.4,84.0,14.2,observed
2025-09-28T14:00:00Z,17.7,3.5,,8.8,observed
2025-09-28T17:00:00Z,17.1,0.0,70.0,19.6,observed
2025-09-28T18:00:00Z,15.9,0.0,68.0,10.2,observed
2025-09-28T19:00:00Z,13.5,5.0,87.0,13.0,observed
2025-09-28T20:00:00Z,15.0,0.0,81.0,14.9,observed
2025-09-28T21:00:00Z,12.2,0.0,89.0,10.9,observed
2025-09-28T22:00:00Z,12.7,0.0,86.0,8.9,observed
2025-09-28T23:00:00Z,11.2,0.0,84.0,6.2,observed
2025-09-29T00:00:00Z,12.0,0.0,76.0,8.4,observed
2025-09-29T01:00:00Z,11.2,0.0,83.0,7.0,observed
2025-09-29T02:00:00Z,12.3,0.0,83.0,6.0,observed
2025-09-29T03:00:00Z,12.6,0.0,78.0,14.1,observed
2025-09-29T04:00:00Z,13.7,0.0,79.0,15.6,observed
2025-09-29T05:00:00Z,15.0,0.0,72.0,14.5,observed
2025-09-29T06:00:00Z,16.2,0.0,74.0,7.4,observed
2025-09-29T07:00:00Z,16.6,0.0,72.0,9.7,observed
2025-09-29T08:00:00Z,17.3,0.0,76.0,6.8,observed
2025-09-29T09:00:00Z,18.9,0.1,66.0,11.0,observed
2025-09-29T10:00:00Z,18.9,0.0,71.0,16.9,observed
2025-09-29T11:00:00Z,19.7,0.0,71.0,5.1,observed
2025-09-29T12:00:00Z,19.6,0.0,66.0,5.8,observed
2025-09-29T13:00:00Z,20.4,0.0,63.0,7.1,observed
2025-09-29T14:00:00Z,15.9,4.5,89.0,10.9,observed
2025-09-29T15:00:00Z,16.7,1.2,82.0,15.1,observed
2025-09-29T16:00:00Z,17.4,0.4,80.0,8.8,observed
2025-09-29T17:00:00Z,14.0,2.3,88.0,10.4,observed
2025-09-29T18:00:00Z,16.0,0.0,78.0,17.8,observed
2025-09-29T19:00:00Z,14.1,0.0,71.0,10.3,observed
2025-09-29T20:00:00Z,14.0,0.0,81.0,11.8,observed
2025-09-29T21:00:00Z,13.4,0.0,,18.2,observed
2025-09-29T22:00:00Z,12.6,0.0,85.0,9.7,observed
2025-09-29T23:00:00Z,13.0,0.0,81.0,11.4,observed
2025-09-30T00:00:00Z,12.0,0.0,90.0,9.6,observed
2025-09-30T01:00:00Z,11.7,0.0,86.0,16.9,observed
2025-09-30T02:00:00Z,12.9,0.0,81.0,10.4,observed
2025-09-30T04:00:00Z,14.6,0.0,82.0,8.7,observed
2025-09-30T05:00:00Z,15.8,0.0,82.0,11.9,observed
2025-09-30T06:00:00Z,16.4,0.0,75.0,9.7,observed
2025-09-30T07:00:00Z,17.0,0.0,75.0,13.5,observed
2025-09-30T08:00:00Z,17.4,0.0,74.0,5.6,observed
2025-09-30T09:00:00Z,17.6,2.7,85.0,11.7,observed
2025-09-30T10:00:00Z,20.2,0.0,73.0,10.7,observed
2025-09-30T12:00:00Z,20.7,0.0,52.0,9.8,observed
2025-09-30T13:00:00Z,17.5,8.3,86.0,12.1,observed
2025-09-30T14:00:00Z,20.4,0.0,56.0,6.7,observed
2025-09-30T15:00:00Z,19.9,0.0,58.0,9.0,observed
2025-09-30T16:00:00Z,17.2,3.3,83.0,12.2,observed
2025-09-30T17:00:00Z,15.4,4.6,88.0,9.1,observed
2025-09-30T18:00:00Z,15.9,0.0,73.0,7.4,observed
2025-09-30T19:00:00Z,14.8,0.0,72.0,10.7,observed
2025-09-30T20:00:00Z,14.2,0.0,84.0,7.6,observed
2025-09-30T21:00:00Z,12.7,0.0,83.0,8.6,observed
2025-09-30T22:00:00Z,11.4,0.0,81.0,8.0,observed
2025-09-30T23:00:00Z,10.5,0.0,85.0,8.3,observed
2025-10-01T00:00:00Z,10.0,0.0,83.0,4.2,observed
2025-10-01T01:00:00Z,10.7,0.0,93.0,12.4,observed
2025-10-01T02:00:00Z,11.6,0.0,85.0,14.5,observed
2025-10-01T03:00:00Z,12.6,0.0,78.0,7.0,observed
2025-10-01T04:00:00Z,14.3,0.0,75.0,11.5,observed
2025-10-01T05:00:00Z,15.6,0.0,74.0,4.4,observed
2025-10-01T06:00:00Z,17.4,0.0,76.0,14.8,observed
2025-10-01T07:00:00Z,19.4,0.0,67.0,9.2,observed
2025-10-01T08:00:00Z,20.6,0.0,60.0,11.5,observed
01/10/2025 09:00,22.1,0.0,54.0,17.6,observed
2025-10-01T10:00:00Z,20.4,6.2,76.0,15.0,observed
2025-10-01T11:00:00Z,24.6,0.0,53.0,12.9,observed
2025-10-01T12:00:00Z,21.6,5.2,72.0,10.7,observed
2025-10-01T13:00:00Z,21.7,1.2,78.0,11.8,observed
2025-10-01T14:00:00Z,23.0,0.0,53.0,4.1,observed
2025-10-01T15:00:00Z,22.3,0.2,55.0,6.5,observed
2025-10-01T16:00:00Z,21.4,0.0,64.0,10.1,observed
01/10/2025 17:00,19.3,0.0,60.0,11.1,observed
2025-10-01T18:00:00Z,15.0,1.1,84.0,7.9,observed
2025-10-01T19:00:00Z,15.8,0.0,75.0,5.3,observed
2025-10-01T20:00:00Z,14.5,0.0,84.0,10.4,observed
2025-10-01T21:00:00Z,10.8,0.0,85.0,11.0,observed
2025-10-01T22:00:00Z,10.7,0.0,79.0,18.3,observed
2025-10-01T23:00:00Z,11.3,0.0,88.0,12.2,observed
2025-10-02T00:00:00Z,10.5,0.0,80.0,10.7,observed
2025-10-02T01:00:00Z,10.3,0.0,84.0,15.1,observed
2025-10-02T02:00:00Z,10.6,0.0,95.0,11.7,observed
2025-10-02T03:00:00Z,11.8,0.0,91.0,14.9,observed
2025-10-02T04:00:00Z,13.3,0.0,82.0,14.8,observed
2025-10-02T05:00:00Z,14.8,0.0,72.0,10.4,observed
02/10/2025 06:00,16.6,0.0,83.0,13.2,observed
02/10/2025 07:00,18.6,0.0,66.0,4.6,observed
2025-10-02T09:00:00Z,21.9,0.0,61.0,13.9,observed
2025-10-02T10:00:00Z,23.4,0.0,60.0,4.6,observed
02/10/2025 11:00,24.5,0.0,63.0,9.6,observed
2025-10-02T12:00:00Z,24.2,0.0,59.0,13.5,observed
02/10/2025 13:00,23.9,0.0,53.0,8.5,observed
2025-10-02T14:00:00Z,23.3,0.0,48.0,11.5,observed
2025-10-02T15:00:00Z,21.7,0.0,71.0,14.2,observed
2025-10-02T16:00:00Z,20.4,0.0,58.0,12.0,observed
2025-10-02T17:00:00Z,18.7,0.0,60.0,19.8,observed
2025-10-02T18:00:00Z,16.9,0.0,76.0,8.1,observed
02/10/2025 19:00,16.2,0.0,73.0,11.2,observed
2025-10-02T20:00:00Z,13.4,0.0,79.0,9.1,observed
02/10/2025 21:00,9.6,0.0,81.0,12.6,observed
02/10/2025 22:00,8.9,0.0,96.0,8.8,observed
2025-10-02T23:00:00Z,8.7,0.0,94.0,15.5,observed
2025-10-03T00:00:00Z,7.4,0.0,96.0,14.0,observed
2025-10-03T01:00:00Z,8.0,0.0,94.0,15.1,observed
2025-10-03T02:00:00Z,8.8,0.0,99.0,13.7,observed
2025-10-03T03:00:00Z,9.4,0.0,88.0,8.3,observed
2025-10-03T04:00:00Z,11.8,0.0,81.0,16.3,observed
2025-10-03T05:00:00Z,13.0,0.0,91.0,15.6,observed
2025-10-03T06:00:00Z,14.1,-9999.0,75.0,7.9,observed
2025-10-03T07:00:00Z,17.1,0.0,69.0,6.8,observed
2025-10-03T08:00:00Z,18.7,0.0,67.0,16.2,observed
2025-10-03T09:00:00Z,19.1,0.0,61.0,5.2,observed
2025-10-03T10:00:00Z,20.9,0.0,67.0,8.4,observed
2025-10-03T11:00:00Z,21.7,0.0,64.0,12.1,observed
2025-10-03T12:00:00Z,21.6,0.0,71.0,8.5,observed
2025-10-03T13:00:00Z,21.3,0.0,63.0,16.7,observed
2025-10-03T14:00:00Z,21.1,0.0,63.0,12.8,observed
2025-10-03T15:00:00Z,19.7,0.0,68.0,14.0,observed
2025-10-03T16:00:00Z,18.3,0.0,74.0,6.1,observed
2025-10-03T17:00:00Z,16.6,0.0,65.0,11.3,observed
2025-10-03T18:00:00Z,14.8,0.0,75.0,14.6,observed
2025-10-03T19:00:00Z,12.6,0.0,80.0,16.6,observed
2025-10-03T20:00:00Z,11.5,0.0,87.0,7.0,observed
2025-10-03T21:00:00Z,9.7,0.0,96.0,12.0,observed
03/10/2025 22:00,8.5,0.0,100.0,6.9,observed
2025-10-03T23:00:00Z,8.4,0.0,96.0,10.2,observed
2025-10-04T00:00:00Z,8.1,0.0,94.0,7.4,observed
2025-10-04T01:00:00Z,7.5,0.0,98.0,11.1,observed
2025-10-04T02:00:00Z,8.8,0.0,87.0,9.2,observed
2025-10-04T03:00:00Z,9.5,0.0,89.0,9.9,observed
2025-10-04T04:00:00Z,11.2,0.0,94.0,9.7,observed
04/10/2025 05:00,12.6,0.0,78.0,11.2,observed
2025-10-04T06:00:00Z,14.3,0.0,74.0,7.8,observed
2025-10-04T07:00:00Z,17.2,0.0,63.0,13.2,observed
2025-10-04T08:00:00Z,17.8,0.0,77.0,14.9,observed
2025-10-04T09:00:00Z,19.5,0.0,58.0,9.7,observed
2025-10-04T10:00:00Z,20.6,0.0,60.0,11.5,observed
2025-10-04T11:00:00Z,21.0,0.0,62.0,12.7,observed
2025-10-04T12:00:00Z,21.4,0.0,55.0,6.4,observed
2025-10-04T13:00:00Z,18.4,3.3,80.0,13.9,observed
2025-10-04T14:00:00Z,18.3,11.5,77.0,5.8,observed
2025-10-04T15:00:00Z,19.8,0.0,65.0,12.1,observed
2025-10-04T16:00:00Z,17.8,0.0,66.0,9.8,observed
2025-10-04T17:00:00Z,14.3,3.4,83.0,5.3,observed
2025-10-04T19:00:00Z,12.2,0.0,85.0,4.3,observed
04/10/2025 20:00,11.6,0.0,80.0,15.0,observed
2025-10-04T20:00:00Z,10.9,0.0,80.0,15.0,observed
2025-10-04T21:00:00Z,11.2,0.0,88.0,6.9,observed
2025-10-04T22:00:00Z,10.2,0.0,89.0,19.3,observed
2025-10-04T23:00:00Z,10.1,0.0,85.0,16.4,observed
05/10/2025 00:00,9.9,0.0,87.0,12.0,observed
2025-10-05T01:00:00Z,9.1,0.0,,5.2,observed
2025-10-05T02:00:00Z,10.9,0.0,92.0,23.4,observed
2025-10-05T04:00:00Z,12.9,0.0,88.0,6.3,observed
2025-10-05T05:00:00Z,14.6,0.0,89.0,5.6,observed
2025-10-05T06:00:00Z,16.2,0.0,66.0,10.1,observed
2025-10-05T07:00:00Z,18.1,0.0,66.0,15.7,observed
2025-10-05T08:00:00Z,20.0,0.0,67.0,7.9,observed
2025-10-05T09:00:00Z,20.7,0.0,62.0,14.6,observed
2025-10-05T10:00:00Z,22.4,0.0,62.0,15.4,observed
2025-10-05T11:00:00Z,23.1,0.0,53.0,8.5,observed
2025-10-05T12:00:00Z,23.7,0.0,55.0,9.1,observed
2025-10-05T13:00:00Z,23.0,0.0,56.0,10.6,observed
2025-10-05T14:00:00Z,22.1,0.0,68.0,8.6,observed
2025-10-05T15:00:00Z,21.5,0.0,57.0,16.6,observed
2025-10-05T16:00:00Z,19.2,0.0,74.0,8.2,observed
2025-10-05T17:00:00Z,19.0,0.0,66.0,10.7,observed
2025-10-05T18:00:00Z,16.5,0.0,79.0,7.5,observed
2025-10-05T19:00:00Z,14.5,0.0,82.0,7.0,observed
2025-10-05T20:00:00Z,13.7,0.0,76.0,9.0,observed
2025-10-05T21:00:00Z,13.1,0.0,87.0,20.3,observed
2025-10-05T22:00:00Z,11.3,0.0,88.0,12.3,observed
05/10/2025 23:00,10.7,0.0,85.0,13.5,observed
2025-10-06T00:00:00Z,9.6,0.0,90.0,13.4,observed
2025-10-06T01:00:00Z,10.5,0.0,99.0,7.4,observed
2025-10-06T02:00:00Z,11.6,0.0,90.0,13.9,observed
2025-10-06T03:00:00Z,12.9,0.0,80.0,16.9,observed
2025-10-06T04:00:00Z,13.9,0.0,81.0,16.5,observed
2025-10-06T05:00:00Z,15.9,0.0,75.0,5.4,observed
2025-10-06T06:00:00Z,17.0,0.0,82.0,9.1,observed
2025-10-06T07:00:00Z,18.4,0.0,61.0,8.6,observed
2025-10-06T08:00:00Z,21.0,-9999.0,59.0,8.7,observed
2025-10-06T09:00:00Z,22.5,0.0,67.0,11.1,observed
2025-10-06T10:00:00Z,24.3,0.0,53.0,16.6,observed
2025-10-06T11:00:00Z,24.0,0.0,70.0,16.2,observed
2025-10-06T12:00:00Z,24.3,0.0,63.0,4.2,observed
2025-10-06T13:00:00Z,23.2,0.0,60.0,15.0,observed
2025-10-06T14:00:00Z,23.3,0.0,67.0,8.8,observed
06/10/2025 15:00,22.0,0.0,52.0,11.1,observed
2025-10-06T16:00:00Z,20.7,0.0,59.0,7.2,observed
2025-10-06T17:00:00Z,19.6,0.0,73.0,10.1,observed
2025-10-06T18:00:00Z,17.8,0.0,69.0,4.3,observed
2025-10-06T19:00:00Z,16.0,0.0,75.0,13.1,observed
2025-10-06T20:00:00Z,14.0,0.0,75.0,8.9,observed
2025-10-06T21:00:00Z,12.6,0.0,87.0,6.8,observed
2025-10-06T22:00:00Z,12.3,0.0,82.0,8.0,observed
2025-10-06T23:00:00Z,11.5,0.0,83.0,8.4,observed
2025-10-07T00:00:00Z,11.3,0.0,84.0,5.7,observed
07/10/2025 01:00,11.9,0.0,82.0,7.8,observed
2025-10-07T02:00:00Z,13.6,0.0,72.0,3.5,observed
2025-10-07T03:00:00Z,13.5,0.0,82.0,10.0,observed
2025-10-07T04:00:00Z,13.8,0.0,84.0,8.9,observed
2025-10-07T05:00:00Z,16.1,0.0,69.0,11.1,observed
2025-10-07T06:00:00Z,17.2,0.0,66.0,16.7,observed
2025-10-07T07:00:00Z,18.9,0.0,74.0,7.0,observed
2025-10-07T08:00:00Z,21.0,0.0,68.0,12.1,observed
2025-10-07T09:00:00Z,23.3,0.0,58.0,9.7,observed
2025-10-07T10:00:00Z,23.5,0.0,66.0,7.3,observed
2025-10-07T11:00:00Z,24.4,0.0,52.0,17.9,observed
2025-10-07T12:00:00Z,25.1,0.0,53.0,12.9,observed
2025-10-07T13:00:00Z,25.2,0.0,54.0,10.2,observed
2025-10-07T14:00:00Z,23.4,0.0,60.0,9.8,observed
2025-10-07T15:00:00Z,24.1,0.0,60.0,13.1,observed
2025-10-07T16:00:00Z,21.1,0.0,57.0,5.9,observed
2025-10-07T17:00:00Z,19.7,0.0,65.0,13.0,observed
07/10/2025 18:00,18.8,0.0,68.0,7.2,observed
2025-10-07T19:00:00Z,16.5,0.0,74.0,8.2,observed
2025-10-07T20:00:00Z,15.7,0.0,70.0,14.1,observed
2025-10-07T21:00:00Z,13.2,0.0,86.0,10.8,observed
2025-10-07T22:00:00Z,12.5,0.0,,12.7,observed
2025-10-07T23:00:00Z,11.3,0.0,87.0,12.8,observed
08/10/2025 00:00,11.2,0.0,83.0,9.0,observed
2025-10-08T01:00:00Z,11.8,0.0,75.0,9.8,observed
2025-10-08T02:00:00Z,12.2,0.0,84.0,16.7,observed
2025-10-08T03:00:00Z,14.9,0.0,72.0,8.5,observed
2025-10-08T04:00:00Z,14.7,0.0,73.0,4.8,observed
2025-10-08T05:00:00Z,16.0,0.0,72.0,7.3,observed
2025-10-08T06:00:00Z,18.6,0.0,76.0,24.6,observed
2025-10-08T07:00:00Z,19.3,0.0,58.0,5.5,observed
2025-10-08T08:00:00Z,22.4,0.0,58.0,14.4,observed
2025-10-08T09:00:00Z,22.6,0.0,57.0,8.1,observed
08/10/2025 10:00,24.9,0.0,57.0,15.7,observed
2025-10-08T11:00:00Z,25.3,0.0,59.0,8.5,observed
2025-10-08T12:00:00Z,24.8,0.0,47.0,14.1,observed
2025-10-08T13:00:00Z,25.4,0.0,55.0,11.7,observed
2025-10-08T14:00:00Z,23.8,0.0,46.0,8.6,observed
2025-10-08T15:00:00Z,21.8,0.0,65.0,12.4,observed
2025-10-08T16:00:00Z,22.0,0.0,59.0,13.9,observed
2025-10-08T17:00:00Z,19.1,0.0,65.0,6.4,observed
2025-10-08T18:00:00Z,17.6,0.0,71.0,9.5,observed
2025-10-08T19:00:00Z,17.2,0.0,79.0,11.5,observed
2025-10-08T20:00:00Z,14.2,0.0,73.0,7.7,observed
2025-10-08T21:00:00Z,12.6,0.0,76.0,18.4,observed
2025-10-08T22:00:00Z,11.9,0.0,88.0,15.6,observed
2025-10-08T23:00:00Z,11.6,0.0,86.0,7.8,observed
09/10/2025 00:00,11.9,0.0,88.0,8.3,observed
2025-10-09T01:00:00Z,11.0,0.0,83.0,7.0,observed
2025-10-09T02:00:00Z,12.0,0.0,77.0,10.6,observed
2025-10-09T03:00:00Z,12.9,0.0,84.0,10.9,observed
2025-10-09T04:00:00Z,14.4,0.0,89.0,5.5,observed
2025-10-09T06:00:00Z,17.7,0.0,66.0,10.3,observed
2025-10-09T07:00:00Z,19.9,0.0,71.0,13.0,observed
2025-10-09T08:00:00Z,20.7,0.0,56.0,11.0,observed
2025-10-09T09:00:00Z,22.7,0.0,59.0,7.1,observed
2025-10-09T10:00:00Z,23.3,0.0,51.0,7.7,observed
2025-10-09T11:00:00Z,23.6,0.0,53.0,14.0,observed
2025-10-09T12:00:00Z,25.0,0.0,52.0,6.9,observed
2025-10-09T13:00:00Z,24.4,0.0,52.0,13.5,observed
2025-10-09T14:00:00Z,23.4,0.0,58.0,16.2,observed
2025-10-09T15:00:00Z,23.5,0.0,54.0,13.4,observed
2025-10-09T16:00:00Z,20.9,0.0,60.0,11.4,observed
2025-10-09T17:00:00Z,19.6,0.0,72.0,10.5,observed
2025-10-09T18:00:00Z,17.2,0.0,71.0,3.8,observed
2025-10-09T19:00:00Z,16.7,0.0,75.0,6.2,observed
2025-10-09T20:00:00Z,14.3,0.0,75.0,13.7,observed
2025-10-09T21:00:00Z,13.2,0.0,83.0,5.8,observed
09/10/2025 22:00,12.8,0.0,85.0,12.5,observed
2025-10-09T23:00:00Z,11.0,0.0,85.0,18.4,observed
10/10/2025 00:00,10.7,0.0,88.0,12.7,observed
2025-10-10T01:00:00Z,11.8,0.0,92.0,15.0,observed
2025-10-10T02:00:00Z,11.9,0.0,83.0,11.0,observed
2025-10-10T03:00:00Z,12.5,0.0,94.0,7.7,observed
2025-10-10T04:00:00Z,14.6,0.0,79.0,12.5,observed
2025-10-10T05:00:00Z,15.2,0.0,78.0,5.5,observed
2025-10-10T06:00:00Z,18.1,0.0,60.0,6.6,observed
2025-10-10T07:00:00Z,19.0,0.0,75.0,15.8,observed
2025-10-10T08:00:00Z,21.3,0.0,63.0,7.1,observed
2025-10-10T09:00:00Z,22.4,0.0,52.0,9.1,observed
10/10/2025 10:00,23.3,0.0,56.0,5.2,observed
10/10/2025 11:00,24.0,0.0,53.0,7.9,observed
10/10/2025 12:00,24.4,0.0,57.0,9.8,observed
2025-10-10T13:00:00Z,24.0,0.0,65.0,15.4,observed
2025-10-10T14:00:00Z,23.0,0.0,65.0,11.8,observed
2025-10-10T15:00:00Z,22.0,0.0,43.0,11.5,observed
2025-10-10T17:00:00Z,18.6,0.0,73.0,8.6,observed
2025-10-10T18:00:00Z,17.6,0.0,69.0,5.0,observed
2025-10-10T19:00:00Z,15.9,0.0,75.0,5.9,observed
2025-10-10T20:00:00Z,13.8,0.0,83.0,7.9,observed
2025-10-10T21:00:00Z,14.2,0.0,,9.7,observed
2025-10-10T22:00:00Z,13.0,0.0,82.0,10.1,observed
2025-10-10T23:00:00Z,12.0,0.0,85.0,8.5,observed
2025-10-11T00:00:00Z,13.0,0.0,,16.6,observed
2025-10-11T01:00:00Z,12.0,0.0,77.0,6.6,observed
2025-10-11T02:00:00Z,12.9,0.0,88.0,15.4,observed
2025-10-11T03:00:00Z,14.0,0.0,,17.3,observed
2025-10-11T04:00:00Z,15.2,-9999.0,75.0,9.8,observed
2025-10-11T05:00:00Z,17.1,0.0,78.0,10.0,observed
2025-10-11T06:00:00Z,18.6,0.0,,9.6,observed
2025-10-11T07:00:00Z,21.3,0.0,54.0,5.2,observed
11/10/2025 08:00,21.8,0.0,57.0,7.8,observed
2025-10-11T09:00:00Z,23.0,0.0,69.0,18.3,observed
2025-10-11T10:00:00Z,24.6,0.0,48.0,7.3,observed
2025-10-11T11:00:00Z,25.3,0.0,47.0,7.9,observed
2025-10-11T12:00:00Z,26.2,0.0,46.0,7.4,observed
11/10/2025 13:00,25.5,0.0,55.0,14.3,observed
2025-10-11T14:00:00Z,24.7,0.0,54.0,23.6,observed
2025-10-11T15:00:00Z,22.9,0.0,62.0,16.8,observed
2025-10-11T16:00:00Z,22.4,0.0,56.0,11.8,observed
11/10/2025 17:00,20.4,0.0,60.0,9.5,observed
2025-10-11T18:00:00Z,18.2,0.0,52.0,8.6,observed
11/10/2025 19:00,17.2,0.0,70.0,13.5,observed
2025-10-11T20:00:00Z,15.7,0.0,68.0,12.2,observed
2025-10-11T21:00:00Z,11.6,0.0,75.0,10.1,observed
2025-10-11T22:00:00Z,11.6,0.0,83.0,16.9,observed
2025-10-11T23:00:00Z,11.1,0.0,89.0,8.2,observed
2025-10-12T00:00:00Z,10.6,0.0,88.0,10.1,observed
12/10/2025 00:00,9.6,0.0,88.0,10.1,observed
2025-10-12T01:00:00Z,10.3,0.0,82.0,8.0,observed
2025-10-12T02:00:00Z,11.4,0.0,90.0,12.0,observed
2025-10-12T03:00:00Z,13.1,0.0,85.0,5.8,observed
2025-10-12T04:00:00Z,14.0,0.0,71.0,6.0,observed
2025-10-12T05:00:00Z,15.8,0.0,81.0,5.2,observed
12/10/2025 06:00,17.4,0.0,77.0,8.0,observed
2025-10-12T07:00:00Z,19.1,0.0,64.0,6.5,observed
2025-10-12T08:00:00Z,21.2,0.0,55.0,14.9,observed
12/10/2025 09:00,20.8,0.0,67.0,11.1,observed
2025-10-12T10:00:00Z,22.9,0.0,64.0,12.1,observed
2025-10-12T11:00:00Z,24.2,0.0,57.0,11.1,observed
12/10/2025 12:00,24.5,0.0,52.0,9.2,observed
2025-10-12T13:00:00Z,23.9,0.0,60.0,20.4,observed
2025-10-12T14:00:00Z,23.0,0.0,70.0,7.8,observed
2025-10-12T15:00:00Z,22.2,0.0,58.0,11.6,observed
2025-10-12T16:00:00Z,20.3,0.0,63.0,9.7,observed
2025-10-12T17:00:00Z,,0.0,67.0,5.8,observed
12/10/2025 18:00,17.1,0.0,70.0,9.2,observed
2025-10-12T19:00:00Z,16.5,0.0,81.0,9.4,observed
2025-10-12T20:00:00Z,14.0,0.0,79.0,9.2,observed
2025-10-12T21:00:00Z,13.7,0.0,83.0,8.6,observed
2025-10-12T22:00:00Z,12.1,0.0,92.0,10.3,observed
2025-10-12T23:00:00Z,11.3,0.0,88.0,12.2,observed
2025-10-13T00:00:00Z,11.3,0.0,81.0,8.1,observed
2025-10-13T01:00:00Z,12.2,0.0,,13.0,observed
13/10/2025 02:00,12.0,0.0,83.0,9.2,observed
2025-10-13T03:00:00Z,14.2,0.0,94.0,10.5,observed
2025-10-13T04:00:00Z,14.3,0.0,74.0,9.1,observed
2025-10-13T05:00:00Z,17.0,0.0,63.0,7.6,observed
2025-10-13T06:00:00Z,17.7,0.0,68.0,11.0,observed
2025-10-13T07:00:00Z,20.1,0.0,64.0,11.2,observed
2025-10-13T08:00:00Z,20.6,0.0,69.0,5.7,observed
2025-10-13T09:00:00Z,22.9,0.0,55.0,7.7,observed
2025-10-13T10:00:00Z,22.7,0.7,69.0,14.8,observed
13/10/2025 11:00,24.7,0.0,62.0,9.2,observed
2025-10-13T12:00:00Z,23.1,2.3,68.0,12.1,observed
2025-10-13T13:00:00Z,23.6,2.4,75.0,8.0,observed
2025-10-13T14:00:00Z,21.5,1.7,76.0,7.5,observed
2025-10-13T15:00:00Z,21.7,5.9,72.0,11.7,observed
2025-10-13T16:00:00Z,21.4,0.0,62.0,8.3,observed
13/10/2025 17:00,18.3,4.4,82.0,8.6,observed
2025-10-13T18:00:00Z,18.2,0.0,70.0,13.1,observed
2025-10-13T19:00:00Z,16.7,0.0,76.0,7.7,observed
2025-10-13T20:00:00Z,14.9,0.0,79.0,7.3,observed
2025-10-13T21:00:00Z,13.8,0.0,75.0,11.4,observed
2025-10-13T22:00:00Z,11.6,0.0,83.0,12.0,observed
2025-10-13T23:00:00Z,11.7,0.0,83.0,9.7,observed
2025-10-14T00:00:00Z,11.3,0.0,94.0,9.4,observed
2025-10-14T01:00:00Z,11.3,0.0,86.0,14.1,observed
2025-10-14T01:00:00Z,11.0,0.0,86.0,14.1,observed
14/10/2025 02:00,12.0,0.0,90.0,6.0,observed
2025-10-14T03:00:00Z,14.3,0.0,80.0,12.1,observed
2025-10-14T04:00:00Z,14.6,-9999.0,84.0,23.2,observed
2025-10-14T05:00:00Z,16.7,0.0,65.0,6.0,observed
2025-10-14T06:00:00Z,18.5,0.0,65.0,11.0,observed
2025-10-14T07:00:00Z,19.7,0.0,71.0,9.2,observed
2025-10-14T09:00:00Z,22.9,0.0,53.0,6.5,observed
2025-10-14T10:00:00Z,24.4,0.0,57.0,9.2,observed
2025-10-14T11:00:00Z,24.2,0.0,50.0,12.2,observed
2025-10-14T12:00:00Z,25.8,0.0,53.0,9.6,observed
2025-10-14T13:00:00Z,24.8,0.0,51.0,5.5,observed
2025-10-14T14:00:00Z,24.0,0.0,59.0,6.4,observed
2025-10-14T15:00:00Z,23.5,0.0,62.0,9.6,observed
2025-10-14T16:00:00Z,21.8,0.0,53.0,12.1,observed
2025-10-14T17:00:00Z,19.8,0.0,68.0,8.1,observed
2025-10-14T18:00:00Z,18.7,0.0,73.0,7.3,observed
2025-10-14T19:00:00Z,16.4,0.0,79.0,6.8,observed
2025-10-14T20:00:00Z,15.1,0.0,80.0,7.7,observed
2025-10-14T21:00:00Z,12.7,0.0,84.0,4.6,observed
2025-10-14T22:00:00Z,11.0,0.0,88.0,5.9,observed
2025-10-14T23:00:00Z,10.8,0.0,85.0,10.6,observed
2025-10-15T00:00:00Z,9.9,0.0,86.0,13.7,observed
2025-10-15T01:00:00Z,9.7,0.0,,6.2,observed
2025-10-15T02:00:00Z,11.2,0.0,90.0,10.0,observed
2025-10-15T03:00:00Z,12.3,0.0,78.0,8.7,observed
2025-10-15T04:00:00Z,13.5,0.0,84.0,12.4,observed
2025-10-15T05:00:00Z,14.9,0.0,81.0,8.1,observed
2025-10-15T06:00:00Z,17.2,0.0,72.0,12.1,observed
2025-10-15T07:00:00Z,18.9,0.0,69.0,13.1,observed
2025-10-15T08:00:00Z,20.7,0.0,62.0,4.8,observed
2025-10-15T09:00:00Z,21.7,0.0,61.0,12.4,observed
2025-10-15T10:00:00Z,23.3,0.0,62.0,14.9,observed
2025-10-15T11:00:00Z,23.2,0.0,58.0,6.9,observed
2025-10-15T13:00:00Z,22.5,0.0,,9.5,observed
2025-10-15T14:00:00Z,24.0,0.0,52.0,15.3,observed
2025-10-15T15:00:00Z,22.0,0.0,56.0,10.4,observed
2025-10-15T16:00:00Z,20.4,0.0,70.0,17.9,observed
2025-10-15T17:00:00Z,18.7,0.0,59.0,8.1,observed
2025-10-15T18:00:00Z,17.1,0.0,75.0,12.1,observed
2025-10-15T19:00:00Z,14.9,0.0,86.0,8.5,observed
2025-10-15T20:00:00Z,13.8,0.0,75.0,20.6,observed
2025-10-15T21:00:00Z,13.3,0.0,84.0,7.4,observed
15/10/2025 22:00,10.0,0.0,99.0,10.9,observed
2025-10-15T23:00:00Z,10.9,0.0,96.0,20.9,observed
2025-10-16T00:00:00Z,10.5,0.0,86.0,16.1,observed
2025-10-16T01:00:00Z,11.0,0.0,85.0,10.2,observed
2025-10-16T02:00:00Z,11.7,0.0,81.0,11.3,observed
2025-10-16T03:00:00Z,12.1,0.0,84.0,10.4,observed
2025-10-16T04:00:00Z,13.7,0.0,85.0,5.4,observed
2025-10-16T05:00:00Z,15.8,0.0,74.0,9.7,observed
2025-10-16T06:00:00Z,17.5,0.0,67.0,18.7,observed
2025-10-16T07:00:00Z,19.5,0.0,66.0,4.5,observed
2025-10-16T08:00:00Z,20.8,0.0,61.0,8.8,observed
2025-10-16T08:00:00Z,21.3,0.0,61.0,8.8,observed
2025-10-16T10:00:00Z,22.5,0.0,65.0,7.6,observed
2025-10-16T11:00:00Z,24.5,0.0,57.0,7.0,observed
2025-10-16T12:00:00Z,23.8,0.0,63.0,10.6,observed
2025-10-16T13:00:00Z,23.7,0.0,54.0,9.1,observed
2025-10-16T14:00:00Z,23.0,0.0,63.0,11.0,observed
2025-10-16T15:00:00Z,21.9,0.0,48.0,6.8,observed
2025-10-16T16:00:00Z,20.3,0.0,68.0,9.5,observed
2025-10-16T17:00:00Z,18.8,0.0,68.0,5.5,observed
2025-10-16T18:00:00Z,16.6,0.0,83.0,11.9,observed
16/10/2025 19:00,15.8,0.0,81.0,14.4,observed
2025-10-16T20:00:00Z,13.0,0.0,85.0,13.6,observed
2025-10-16T21:00:00Z,12.0,0.0,82.0,11.9,observed
2025-10-16T22:00:00Z,11.3,0.0,87.0,10.5,observed
2025-10-16T23:00:00Z,10.9,0.0,82.0,11.6,observed
17/10/2025 00:00,10.4,0.0,90.0,20.0,observed
2025-10-17T01:00:00Z,11.6,0.0,91.0,11.1,observed
2025-10-17T02:00:00Z,11.4,0.0,87.0,10.4,observed
2025-10-17T02:00:00Z,11.3,0.0,87.0,10.4,observed
2025-10-17T03:00:00Z,13.4,0.0,79.0,12.4,observed
2025-10-17T04:00:00Z,14.0,0.0,81.0,7.3,observed
17/10/2025 05:00,15.6,0.0,81.0,18.7,observed
2025-10-17T06:00:00Z,17.8,0.0,65.0,4.7,observed
2025-10-17T07:00:00Z,19.2,0.0,67.0,15.1,observed
2025-10-17T08:00:00Z,21.2,0.0,67.0,10.1,observed
2025-10-17T09:00:00Z,22.7,0.0,60.0,11.3,observed
17/10/2025 10:00,23.8,0.0,54.0,13.2,observed
17/10/2025 11:00,25.0,0.0,50.0,9.0,observed
17/10/2025 12:00,24.7,0.0,54.0,19.7,observed
2025-10-17T13:00:00Z,23.5,0.0,49.0,5.9,observed
2025-10-17T14:00:00Z,23.7,0.0,53.0,12.5,observed
17/10/2025 15:00,23.0,0.0,65.0,21.3,observed
17/10/2025 16:00,21.9,0.0,73.0,15.3,observed
2025-10-17T17:00:00Z,19.5,0.0,61.0,10.8,observed
2025-10-17T18:00:00Z,17.3,0.0,69.0,7.3,observed
2025-10-17T19:00:00Z,16.2,0.0,79.0,11.3,observed
2025-10-17T20:00:00Z,14.2,0.0,81.0,19.4,observed
2025-10-17T21:00:00Z,13.0,0.0,82.0,6.6,observed
2025-10-17T22:00:00Z,10.7,0.0,89.0,10.7,observed
17/10/2025 23:00,10.5,0.0,89.0,12.2,observed
18/10/2025 00:00,10.9,0.0,,4.5,observed
2025-10-18T01:00:00Z,10.9,0.0,92.0,7.4,observed
2025-10-18T02:00:00Z,11.0,0.0,83.0,13.2,observed
2025-10-18T03:00:00Z,13.6,0.0,84.0,14.7,observed
2025-10-18T04:00:00Z,14.8,0.0,82.0,18.4,observed
2025-10-18T05:00:00Z,16.1,0.0,76.0,16.3,observed
2025-10-18T06:00:00Z,17.4,0.0,77.0,17.7,observed
18/10/2025 07:00,18.9,0.0,67.0,15.1,observed
18/10/2025 08:00,21.1,0.0,62.0,9.7,observed
2025-10-18T09:00:00Z,22.1,0.0,57.0,8.6,observed
2025-10-18T10:00:00Z,23.7,0.0,63.0,19.5,observed
2025-10-18T11:00:00Z,23.5,0.0,47.0,9.4,observed
2025-10-18T13:00:00Z,23.7,0.0,55.0,19.8,observed
2025-10-18T14:00:00Z,23.7,0.0,57.0,14.9,observed
2025-10-18T15:00:00Z,21.9,0.0,64.0,9.1,observed
2025-10-18T16:00:00Z,21.9,0.0,64.0,5.5,observed
2025-10-18T17:00:00Z,19.7,0.0,63.0,9.9,observed
2025-10-18T19:00:00Z,16.0,0.0,79.0,5.0,observed
2025-10-18T20:00:00Z,14.1,0.0,84.0,12.6,observed
2025-10-18T21:00:00Z,,0.0,86.0,10.0,observed
2025-10-18T22:00:00Z,11.4,0.0,89.0,6.5,observed
2025-10-18T23:00:00Z,10.8,0.0,87.0,8.6,observed
2025-10-19T00:00:00Z,9.9,0.0,93.0,8.8,observed
2025-10-19T01:00:00Z,10.2,0.0,83.0,7.8,observed
2025-10-19T02:00:00Z,11.1,0.0,85.0,12.6,observed
2025-10-19T02:00:00Z,11.3,0.0,85.0,12.6,observed
2025-10-19T03:00:00Z,12.6,0.0,85.0,14.9,observed
19/10/2025 04:00,12.6,0.0,80.0,13.9,observed
2025-10-19T05:00:00Z,15.2,0.0,83.0,4.1,observed
19/10/2025 06:00,16.8,0.0,75.0,12.7,observed
2025-10-19T07:00:00Z,17.9,0.0,72.0,11.6,observed
2025-10-19T08:00:00Z,19.6,0.0,64.0,13.3,observed
19/10/2025 09:00,21.3,0.0,63.0,10.0,observed
2025-10-19T10:00:00Z,22.7,0.0,60.0,5.1,observed
2025-10-19T11:00:00Z,22.3,0.0,63.0,11.0,observed
19/10/2025 12:00,23.2,0.0,51.0,16.2,observed
2025-10-19T13:00:00Z,23.4,0.0,60.0,7.3,observed
2025-10-19T14:00:00Z,22.6,0.0,60.0,6.4,observed
19/10/2025 15:00,20.9,0.0,65.0,9.6,observed
2025-10-19T16:00:00Z,20.7,0.0,48.0,15.0,observed
2025-10-19T17:00:00Z,18.7,0.0,76.0,11.9,observed
2025-10-19T18:00:00Z,16.7,0.0,74.0,9.0,observed
2025-10-19T19:00:00Z,15.1,0.0,84.0,10.3,observed
2025-10-19T20:00:00Z,13.7,0.0,78.0,10.8,observed
2025-10-19T21:00:00Z,11.0,0.0,90.0,9.5,observed
2025-10-19T22:00:00Z,10.1,0.0,90.0,7.3,observed
19/10/2025 23:00,8.9,0.0,89.0,5.0,observed
2025-10-20T00:00:00Z,9.5,0.0,95.0,12.4,observed
2025-10-20T01:00:00Z,9.3,0.0,87.0,18.0,observed
2025-10-20T02:00:00Z,9.8,0.0,89.0,12.6,observed
2025-10-20T04:00:00Z,12.3,0.0,69.0,15.4,observed
2025-10-20T05:00:00Z,13.9,0.0,79.0,15.0,observed
2025-10-20T05:00:00Z,13.5,0.0,79.0,15.0,observed
2025-10-20T06:00:00Z,15.2,0.0,77.0,12.4,observed
2025-10-20T07:00:00Z,17.4,0.0,69.0,11.6,observed
20/10/2025 08:00,,0.0,63.0,10.2,observed
2025-10-20T09:00:00Z,20.8,0.0,,18.8,observed
2025-10-20T10:00:00Z,21.3,0.0,63.0,10.9,observed
2025-10-20T11:00:00Z,21.4,0.0,58.0,14.7,observed
2025-10-20T12:00:00Z,21.2,0.0,58.0,6.7,observed
2025-10-20T13:00:00Z,22.2,0.0,56.0,19.7,observed
2025-10-20T14:00:00Z,22.0,0.0,59.0,4.1,observed
2025-10-20T15:00:00Z,20.8,0.0,66.0,17.8,observed
2025-10-20T16:00:00Z,18.7,0.0,62.0,8.3,observed
2025-10-20T17:00:00Z,18.8,0.0,69.0,11.0,observed
2025-10-20T18:00:00Z,15.9,0.0,75.0,5.5,observed
2025-10-20T19:00:00Z,13.4,0.0,83.0,14.2,observed
20/10/2025 20:00,12.5,0.0,89.0,10.8,observed
2025-10-20T21:00:00Z,10.4,0.0,86.0,13.1,observed
2025-10-20T22:00:00Z,9.3,0.0,89.0,9.9,observed
2025-10-20T23:00:00Z,8.5,0.0,95.0,16.8,observed
2025-10-21T00:00:00Z,9.9,0.0,87.0,13.1,observed
2025-10-21T01:00:00Z,8.7,0.0,90.0,8.8,observed
2025-10-21T02:00:00Z,9.0,0.0,96.0,7.5,observed
2025-10-21T03:00:00Z,10.1,0.0,87.0,8.3,observed
2025-10-21T05:00:00Z,13.2,0.0,76.0,8.6,observed
2025-10-21T06:00:00Z,14.6,0.0,71.0,14.8,observed
2025-10-21T07:00:00Z,17.0,0.0,69.0,7.5,observed
21/10/2025 08:00,17.7,0.0,74.0,11.3,observed
2025-10-21T09:00:00Z,20.0,0.0,62.0,9.6,observed
2025-10-21T10:00:00Z,20.9,0.0,59.0,10.6,observed
2025-10-21T11:00:00Z,21.6,0.0,63.0,7.0,observed
2025-10-21T12:00:00Z,22.2,0.0,58.0,6.1,observed
2025-10-21T13:00:00Z,21.6,0.0,66.0,9.6,observed
2025-10-21T14:00:00Z,21.1,0.0,68.0,6.1,observed
2025-10-21T15:00:00Z,19.4,0.0,68.0,7.3,observed
2025-10-21T15:00:00Z,19.6,0.0,68.0,7.3,observed
2025-10-21T16:00:00Z,18.6,0.0,68.0,11.0,observed
2025-10-21T17:00:00Z,16.6,0.0,64.0,10.1,observed
2025-10-21T18:00:00Z,14.2,0.0,75.0,11.1,observed
2025-10-21T19:00:00Z,13.6,0.0,68.0,8.3,observed
2025-10-21T20:00:00Z,11.7,0.0,77.0,13.3,observed
2025-10-21T21:00:00Z,10.9,0.0,87.0,9.8,observed
2025-10-21T22:00:00Z,8.8,0.0,87.0,10.4,observed
2025-10-21T23:00:00Z,7.7,0.0,97.0,17.8,observed
2025-10-22T00:00:00Z,8.7,0.0,89.0,4.4,observed
2025-10-22T01:00:00Z,9.0,0.0,98.0,6.9,observed
2025-10-22T02:00:00Z,8.7,0.0,90.0,8.9,observed
2025-10-22T03:00:00Z,10.7,0.0,85.0,11.5,observed
2025-10-22T04:00:00Z,10.8,0.0,89.0,10.5,observed
2025-10-22T05:00:00Z,13.0,0.0,78.0,19.4,observed
2025-10-22T06:00:00Z,15.6,0.0,78.0,9.6,observed
2025-10-22T07:00:00Z,16.7,0.0,74.0,10.3,observed
2025-10-22T08:00:00Z,19.6,0.0,63.0,8.5,observed
2025-10-22T09:00:00Z,20.2,0.0,64.0,14.1,observed
2025-10-22T10:00:00Z,21.0,0.0,67.0,10.4,observed
2025-10-22T11:00:00Z,22.4,0.0,56.0,10.5,observed
22/10/2025 12:00,22.9,0.0,54.0,16.2,observed
2025-10-22T13:00:00Z,22.5,0.0,49.0,8.0,observed
2025-10-22T14:00:00Z,20.3,0.0,67.0,10.0,observed
2025-10-22T15:00:00Z,19.9,0.0,69.0,12.5,observed
2025-10-22T16:00:00Z,18.3,0.0,71.0,8.7,observed
22/10/2025 17:00,17.9,0.0,65.0,13.7,observed
2025-10-22T18:00:00Z,15.5,0.0,74.0,7.8,observed
2025-10-22T19:00:00Z,12.8,0.0,84.0,11.0,observed
2025-10-22T20:00:00Z,11.8,0.0,87.0,8.7,observed
2025-10-22T21:00:00Z,9.9,0.0,95.0,19.5,observed
2025-10-22T22:00:00Z,8.4,0.0,91.0,17.8,observed
2025-10-22T23:00:00Z,8.1,0.0,98.0,9.4,observed
23/10/2025 00:00,8.6,-9999.0,94.0,6.6,observed
2025-10-23T01:00:00Z,9.3,0.0,96.0,10.1,observed
2025-10-23T02:00:00Z,9.7,0.0,95.0,12.3,observed
2025-10-23T03:00:00Z,10.1,0.0,94.0,10.3,observed
2025-10-23T04:00:00Z,11.7,0.0,89.0,14.8,observed
2025-10-23T05:00:00Z,13.0,0.0,74.0,11.0,observed
2025-10-23T06:00:00Z,14.9,0.0,75.0,10.8,observed
2025-10-23T07:00:00Z,17.3,0.0,70.0,8.7,observed
23/10/2025 08:00,17.3,0.0,88.0,7.5,observed
2025-10-23T09:00:00Z,19.6,0.0,64.0,7.5,observed
2025-10-23T10:00:00Z,21.7,0.0,64.0,5.2,observed
2025-10-23T11:00:00Z,21.6,0.0,65.0,9.4,observed
2025-10-23T12:00:00Z,21.0,0.0,57.0,11.0,observed
23/10/2025 13:00,21.8,0.0,64.0,6.9,observed
2025-10-23T14:00:00Z,20.7,0.0,65.0,10.5,observed
23/10/2025 15:00,19.0,0.0,72.0,9.1,observed
2025-10-23T16:00:00Z,18.0,0.0,79.0,7.2,observed
2025-10-23T17:00:00Z,16.8,0.0,78.0,10.4,observed
2025-10-23T18:00:00Z,15.0,0.0,81.0,5.0,observed
2025-10-23T19:00:00Z,13.0,0.0,81.0,12.2,observed
2025-10-23T20:00:00Z,11.7,0.0,83.0,5.8,observed
23/10/2025 21:00,12.1,0.0,78.0,12.4,observed
2025-10-23T22:00:00Z,11.1,0.0,92.0,14.5,observed
2025-10-23T23:00:00Z,9.9,0.0,93.0,14.0,observed
2025-10-24T00:00:00Z,9.9,0.0,86.0,11.2,observed
2025-10-24T01:00:00Z,10.5,0.0,87.0,18.2,observed
2025-10-24T02:00:00Z,10.8,0.0,87.0,7.7,observed
2025-10-24T03:00:00Z,12.7,0.0,,9.8,observed
2025-10-24T04:00:00Z,13.3,0.0,82.0,13.9,observed
2025-10-24T05:00:00Z,14.7,0.0,82.0,14.0,observed
2025-10-24T06:00:00Z,,0.0,71.0,11.1,observed
2025-10-24T07:00:00Z,18.0,0.0,80.0,5.2,observed
2025-10-24T08:00:00Z,19.8,0.0,71.0,6.2,observed
2025-10-24T09:00:00Z,20.4,0.0,75.0,8.9,observed
2025-10-24T10:00:00Z,23.0,0.0,57.0,10.8,observed
2025-10-24T11:00:00Z,23.0,0.0,52.0,7.6,observed
2025-10-24T12:00:00Z,23.8,0.0,46.0,14.5,observed
2025-10-24T13:00:00Z,22.8,0.0,56.0,10.1,observed
2025-10-24T14:00:00Z,21.6,-9999.0,63.0,9.6,observed
2025-10-24T15:00:00Z,21.2,0.0,53.0,8.4,observed
2025-10-24T16:00:00Z,19.4,0.0,70.0,5.9,observed
2025-10-24T17:00:00Z,18.6,0.0,69.0,21.3,observed
2025-10-24T18:00:00Z,17.0,0.0,78.0,18.8,observed
2025-10-24T19:00:00Z,14.5,0.0,87.0,4.4,observed
2025-10-24T20:00:00Z,12.8,0.0,85.0,14.7,observed
2025-10-24T21:00:00Z,12.8,0.0,79.0,15.4,observed
2025-10-24T22:00:00Z,11.0,0.0,80.0,9.7,observed
2025-10-24T23:00:00Z,10.5,0.0,95.0,7.1,observed
2025-10-25T00:00:00Z,9.9,0.0,83.0,13.4,observed
2025-10-25T01:00:00Z,10.0,0.0,94.0,7.5,observed
2025-10-25T02:00:00Z,11.3,0.0,85.0,13.5,observed
2025-10-25T03:00:00Z,12.7,0.0,,11.1,observed
2025-10-25T04:00:00Z,13.2,0.0,81.0,17.9,observed
2025-10-25T05:00:00Z,14.7,0.0,83.0,3.9,observed
2025-10-25T06:00:00Z,16.6,0.0,70.0,5.2,observed
2025-10-25T07:00:00Z,18.6,0.0,73.0,6.9,observed
2025-10-25T08:00:00Z,19.6,0.0,67.0,7.6,observed
2025-10-25T09:00:00Z,21.0,0.0,61.0,11.4,observed
2025-10-25T10:00:00Z,22.6,0.0,57.0,7.1,observed
2025-10-25T11:00:00Z,23.3,0.0,66.0,17.3,observed
2025-10-25T12:00:00Z,23.6,0.0,49.0,12.3,observed
2025-10-25T13:00:00Z,23.4,0.0,45.0,12.1,observed
2025-10-25T14:00:00Z,22.6,0.0,53.0,7.1,observed
2025-10-25T15:00:00Z,21.4,0.0,69.0,11.7,observed
2025-10-25T16:00:00Z,20.4,0.0,64.0,16.6,observed
2025-10-25T17:00:00Z,18.6,0.0,66.0,5.9,observed
2025-10-25T18:00:00Z,17.2,0.0,71.0,4.5,observed
2025-10-25T19:00:00Z,15.7,0.0,78.0,5.4,observed
2025-10-25T20:00:00Z,13.8,-9999.0,77.0,9.0,observed
2025-10-25T21:00:00Z,10.6,0.0,90.0,12.7,observed
2025-10-25T22:00:00Z,9.1,0.0,88.0,12.7,observed
2025-10-25T23:00:00Z,9.3,0.0,89.0,5.4,observed
2025-10-26T00:00:00Z,8.4,0.0,91.0,15.6,observed
2025-10-26T01:00:00Z,8.4,0.0,95.0,3.8,observed
2025-10-26T03:00:00Z,10.7,0.0,86.0,9.8,observed
2025-10-26T04:00:00Z,,0.0,86.0,10.2,observed
2025-10-26T05:00:00Z,13.6,0.0,84.0,17.4,observed
26/10/2025 06:00,15.5,0.0,75.0,6.5,observed
2025-10-26T07:00:00Z,17.0,0.0,75.0,12.3,observed
2025-10-26T08:00:00Z,18.7,0.0,61.0,12.8,observed
2025-10-26T09:00:00Z,20.8,0.0,54.0,8.0,observed
26/10/2025 10:00,21.1,0.0,52.0,7.1,observed
2025-10-26T11:00:00Z,22.0,0.0,62.0,6.6,observed
2025-10-26T12:00:00Z,21.5,0.0,64.0,14.6,observed
2025-10-26T13:00:00Z,22.1,0.0,60.0,8.2,observed
2025-10-26T14:00:00Z,21.7,0.0,62.0,9.2,observed
26/10/2025 15:00,20.4,0.0,65.0,10.9,observed
2025-10-26T16:00:00Z,19.1,0.0,57.0,6.0,observed
2025-10-26T17:00:00Z,16.9,0.0,75.0,20.3,observed
2025-10-26T18:00:00Z,14.8,0.0,75.0,10.9,observed
2025-10-26T19:00:00Z,14.0,0.0,79.0,7.5,observed
2025-10-26T20:00:00Z,11.6,0.0,74.0,6.0,observed
2025-10-26T21:00:00Z,11.5,0.0,90.0,6.4,observed
26/10/2025 22:00,11.1,0.0,91.0,7.0,observed
2025-10-26T23:00:00Z,9.8,0.0,98.0,7.1,observed
2025-10-27T00:00:00Z,10.1,0.0,80.0,8.9,observed
2025-10-27T01:00:00Z,8.3,0.0,87.0,5.3,observed
2025-10-27T02:00:00Z,10.5,0.0,84.0,5.2,observed
2025-10-27T03:00:00Z,11.8,0.0,86.0,12.3,observed
2025-10-27T04:00:00Z,13.9,0.0,72.0,4.9,observed
2025-10-27T05:00:00Z,14.7,0.0,72.0,15.1,observed
2025-10-27T06:00:00Z,15.9,0.0,79.0,12.3,observed
2025-10-27T07:00:00Z,17.9,0.0,70.0,10.6,observed
2025-10-27T08:00:00Z,20.1,0.0,73.0,9.7,observed
27/10/2025 09:00,21.1,0.0,55.0,6.5,observed
2025-10-27T10:00:00Z,22.4,-9999.0,57.0,4.8,observed
2025-10-27T11:00:00Z,22.9,0.0,55.0,11.2,observed
2025-10-27T12:00:00Z,22.6,0.0,53.0,13.6,observed
2025-10-27T13:00:00Z,23.1,0.0,69.0,10.2,observed
2025-10-27T14:00:00Z,22.8,0.0,53.0,13.5,observed
27/10/2025 15:00,21.7,0.0,60.0,6.4,observed
2025-10-27T16:00:00Z,19.6,0.0,58.0,19.0,observed
2025-10-27T17:00:00Z,17.8,0.0,63.0,12.0,observed
2025-10-27T18:00:00Z,15.9,0.0,67.0,12.3,observed
2025-10-27T19:00:00Z,14.3,0.0,84.0,10.6,observed
2025-10-27T20:00:00Z,12.7,0.0,81.0,8.8,observed
2025-10-27T21:00:00Z,12.7,0.0,,21.4,observed
2025-10-27T22:00:00Z,10.3,0.0,90.0,5.8,observed
2025-10-27T23:00:00Z,10.7,0.0,89.0,11.5,observed
2025-10-28T00:00:00Z,9.5,0.0,89.0,9.5,observed
2025-10-28T01:00:00Z,10.0,0.0,88.0,10.2,observed
2025-10-28T02:00:00Z,11.2,0.0,82.0,14.0,observed
2025-10-28T03:00:00Z,12.8,0.0,87.0,7.4,observed
2025-10-28T04:00:00Z,13.1,0.0,81.0,11.3,observed
2025-10-28T05:00:00Z,14.4,0.0,76.0,12.0,observed
2025-10-28T06:00:00Z,17.5,0.0,74.0,14.1,observed
2025-10-28T07:00:00Z,17.8,0.0,72.0,13.3,observed
2025-10-28T09:00:00Z,22.0,0.0,53.0,10.4,observed
2025-10-28T10:00:00Z,19.6,4.8,75.0,13.3,observed
2025-10-28T11:00:00Z,20.0,12.1,87.0,21.7,observed
2025-10-28T12:00:00Z,23.4,0.0,63.0,8.4,observed
2025-10-28T13:00:00Z,21.6,1.2,74.0,8.2,observed
2025-10-28T14:00:00Z,23.5,0.0,63.0,5.2,observed
28/10/2025 15:00,18.8,6.5,86.0,6.5,observed
2025-10-28T16:00:00Z,20.5,0.3,66.0,17.0,observed
2025-10-28T17:00:00Z,19.2,0.0,64.0,5.4,observed
28/10/2025 18:00,15.7,0.0,67.0,8.1,observed
2025-10-28T19:00:00Z,15.6,0.0,75.0,6.1,observed
2025-10-28T20:00:00Z,13.4,0.0,80.0,9.2,observed
2025-10-28T21:00:00Z,,0.0,86.0,18.1,observed
2025-10-28T22:00:00Z,10.5,0.0,91.0,10.5,observed
2025-10-28T23:00:00Z,9.8,0.0,86.0,17.5,observed
2025-10-29T00:00:00Z,9.9,0.0,88.0,12.2,observed
2025-10-29T01:00:00Z,9.9,0.0,88.0,11.6,observed
2025-10-29T02:00:00Z,11.5,0.0,90.0,10.2,observed
29/10/2025 03:00,11.8,0.0,97.0,11.5,observed
2025-10-29T04:00:00Z,14.1,0.0,78.0,13.5,observed
2025-10-29T05:00:00Z,15.2,0.0,75.0,6.1,observed
2025-10-29T06:00:00Z,17.0,0.0,80.0,12.5,observed
2025-10-29T07:00:00Z,19.3,0.0,65.0,18.8,observed
2025-10-29T08:00:00Z,20.1,0.0,69.0,6.5,observed
2025-10-29T09:00:00Z,21.1,0.0,67.0,7.6,observed
29/10/2025 10:00,23.8,0.0,56.0,9.0,observed
2025-10-29T11:00:00Z,23.7,0.0,53.0,4.8,observed
2025-10-29T12:00:00Z,23.6,0.0,48.0,15.3,observed
2025-10-29T13:00:00Z,21.5,4.6,84.0,8.8,observed
2025-10-29T14:00:00Z,21.2,1.0,74.0,14.6,observed
2025-10-29T15:00:00Z,19.6,3.5,87.0,5.9,observed
2025-10-29T16:00:00Z,20.0,0.0,69.0,11.8,observed
2025-10-29T17:00:00Z,16.9,2.3,88.0,6.8,observed
2025-10-29T18:00:00Z,17.2,0.0,75.0,12.9,observed
2025-10-29T19:00:00Z,15.4,-9999.0,75.0,10.1,observed
29/10/2025 20:00,13.4,0.0,86.0,14.1,observed
2025-10-29T21:00:00Z,12.3,0.0,80.0,10.9,observed
2025-10-29T22:00:00Z,11.6,0.0,81.0,15.3,observed
2025-10-29T23:00:00Z,11.2,0.0,89.0,7.4,observed
2025-10-30T00:00:00Z,11.0,0.0,81.0,6.4,observed
2025-10-30T01:00:00Z,10.8,0.0,99.0,5.5,observed
2025-10-30T02:00:00Z,11.5,-9999.0,79.0,15.2,observed
2025-10-30T03:00:00Z,12.0,0.0,97.0,9.8,observed
30/10/2025 04:00,14.7,0.0,84.0,5.8,observed
2025-10-30T05:00:00Z,15.4,0.0,75.0,12.2,observed
2025-10-30T06:00:00Z,17.3,0.0,67.0,12.9,observed
2025-10-30T07:00:00Z,19.1,0.0,68.0,13.2,observed
2025-10-30T08:00:00Z,21.9,0.0,53.0,12.9,observed
30/10/2025 09:00,21.4,0.0,64.0,7.6,observed
2025-10-30T10:00:00Z,23.9,0.0,55.0,7.3,observed
2025-10-30T11:00:00Z,24.6,0.0,49.0,7.1,observed
30/10/2025 13:00,23.7,0.0,55.0,10.8,observed
2025-10-30T15:00:00Z,21.2,0.0,61.0,8.7,observed
2025-10-30T16:00:00Z,21.0,0.0,66.0,12.6,observed
2025-10-30T17:00:00Z,18.6,0.0,68.0,10.4,observed
30/10/2025 18:00,16.7,0.0,72.0,13.0,observed
2025-10-30T19:00:00Z,15.6,0.0,74.0,6.1,observed
2025-10-30T20:00:00Z,14.2,0.0,81.0,8.9,observed
2025-10-30T21:00:00Z,12.9,0.0,81.0,5.7,observed
2025-10-30T22:00:00Z,12.0,-9999.0,84.0,10.3,observed
2025-10-30T23:00:00Z,11.5,-9999.0,91.0,20.2,observed
2025-10-31T00:00:00Z,10.9,0.0,91.0,8.6,observed
2025-10-31T01:00:00Z,10.4,0.0,90.0,12.1,observed
2025-10-31T02:00:00Z,12.4,0.0,84.0,15.2,observed
2025-10-31T03:00:00Z,13.7,0.0,79.0,3.8,observed
2025-10-31T04:00:00Z,15.1,0.0,73.0,6.5,observed
2025-10-31T05:00:00Z,16.3,0.0,78.0,10.0,observed
2025-10-31T06:00:00Z,16.8,0.0,69.0,6.4,observed
2025-10-31T07:00:00Z,20.3,0.0,67.0,7.6,observed
2025-10-31T08:00:00Z,21.6,0.0,64.0,8.8,observed
2025-10-31T09:00:00Z,22.6,0.0,60.0,10.4,observed
2025-10-31T10:00:00Z,23.5,0.0,49.0,11.2,observed
31/10/2025 11:00,24.8,0.0,54.0,18.6,observed
2025-10-31T12:00:00Z,24.2,0.0,51.0,17.8,observed
2025-10-31T13:00:00Z,24.1,0.0,56.0,23.8,observed
2025-10-31T14:00:00Z,23.5,0.0,54.0,12.8,observed
2025-10-31T15:00:00Z,22.0,0.0,62.0,12.1,observed
2025-10-31T16:00:00Z,21.8,0.0,67.0,5.5,observed
2025-10-31T17:00:00Z,19.1,0.0,67.0,5.3,observed
31/10/2025 18:00,18.4,0.0,68.0,10.2,observed
2025-10-31T19:00:00Z,16.4,0.0,78.0,11.0,observed
2025-10-31T20:00:00Z,14.5,0.0,85.0,10.0,observed
2025-10-31T21:00:00Z,14.2,0.0,85.0,5.7,forecast
31/10/2025 22:00,10.9,0.0,88.0,9.8,forecast
2025-10-31T23:00:00Z,11.2,0.0,,9.4,forecast
2025-11-01T00:00:00Z,10.4,0.0,78.0,9.8,forecast
2025-11-01T01:00:00Z,11.5,0.0,83.0,13.4,forecast
2025-11-01T02:00:00Z,12.2,0.0,87.0,7.0,forecast
2025-11-01T03:00:00Z,13.2,0.0,84.0,7.8,forecast
2025-11-01T04:00:00Z,15.1,0.0,67.0,13.3,forecast
2025-11-01T05:00:00Z,16.1,0.0,79.0,8.0,forecast
2025-11-01T06:00:00Z,17.8,0.0,69.0,7.8,forecast
2025-11-01T07:00:00Z,19.3,0.0,67.0,7.2,forecast
01/11/2025 08:00,21.1,0.0,59.0,14.6,forecast
2025-11-01T09:00:00Z,22.9,0.0,56.0,6.1,forecast
2025-11-01T10:00:00Z,21.8,0.0,48.0,17.9,forecast
2025-11-01T11:00:00Z,25.5,0.0,54.0,8.3,forecast
2025-11-01T12:00:00Z,23.4,0.0,56.0,6.4,forecast
2025-11-01T12:00:00Z,24.4,0.0,56.0,6.4,forecast
2025-11-01T13:00:00Z,24.2,-9999.0,51.0,4.1,forecast
01/11/2025 14:00,22.8,0.0,60.0,7.1,forecast
2025-11-01T15:00:00Z,22.4,0.0,65.0,9.3,forecast
01/11/2025 16:00,22.8,0.0,56.0,21.6,forecast
01/11/2025 17:00,20.1,0.0,64.0,10.9,forecast
2025-11-01T18:00:00Z,17.0,0.0,65.0,12.9,forecast
2025-11-01T19:00:00Z,15.4,0.0,73.0,11.0,forecast
2025-11-01T20:00:00Z,14.6,0.0,80.0,14.1,forecast
2025-11-01T21:00:00Z,13.1,0.0,84.0,14.9,forecast
01/11/2025 22:00,11.0,0.0,84.0,3.8,forecast
2025-11-01T23:00:00Z,10.7,0.0,82.0,16.2,forecast
2025-11-02T00:00:00Z,11.0,0.0,81.0,11.9,forecast
02/11/2025 01:00,11.7,0.0,94.0,10.4,forecast
2025-11-02T02:00:00Z,11.9,0.0,82.0,16.0,forecast
02/11/2025 03:00,12.9,0.0,73.0,12.7,forecast
2025-11-02T04:00:00Z,16.0,0.0,83.0,9.1,forecast
02/11/2025 05:00,16.1,0.0,74.0,17.1,forecast
2025-11-02T06:00:00Z,18.5,0.2,67.0,11.2,forecast
2025-11-02T07:00:00Z,20.1,0.0,65.0,13.7,forecast
2025-11-02T08:00:00Z,21.5,0.0,60.0,15.3,forecast
2025-11-02T09:00:00Z,23.5,0.3,53.0,5.6,forecast
2025-11-02T11:00:00Z,24.9,0.0,62.0,4.9,forecast
2025-11-02T12:00:00Z,24.3,0.6,69.0,15.0,forecast
2025-11-02T13:00:00Z,24.9,0.0,56.0,6.9,forecast
02/11/2025 14:00,22.8,13.0,65.0,4.1,forecast
2025-11-02T15:00:00Z,23.7,0.0,57.0,12.0,forecast
2025-11-02T16:00:00Z,21.0,0.0,60.0,8.6,forecast
2025-11-02T17:00:00Z,18.9,0.0,62.0,20.8,forecast
2025-11-02T18:00:00Z,18.3,0.0,64.0,6.8,forecast
02/11/2025 19:00,15.6,0.0,72.0,13.5,forecast
2025-11-02T20:00:00Z,15.7,0.0,75.0,8.9,forecast
2025-11-02T21:00:00Z,13.8,0.0,80.0,15.5,forecast
2025-11-02T22:00:00Z,11.9,0.0,86.0,7.5,forecast
2025-11-02T23:00:00Z,12.9,0.0,78.0,7.0,forecast
2025-11-03T00:00:00Z,14.3,0.0,85.0,14.8,forecast
03/11/2025 01:00,12.4,0.0,84.0,7.4,forecast
2025-11-03T02:00:00Z,12.8,0.0,84.0,7.8,forecast
2025-11-03T03:00:00Z,14.2,0.0,82.0,13.7,forecast
2025-11-03T04:00:00Z,15.2,0.0,65.0,10.3,forecast
2025-11-03T05:00:00Z,16.0,0.0,69.0,10.7,forecast
2025-11-03T06:00:00Z,19.9,0.0,71.0,12.8,forecast
2025-11-03T07:00:00Z,18.0,0.0,64.0,17.1,forecast
03/11/2025 08:00,19.9,0.0,67.0,12.1,forecast
2025-11-03T09:00:00Z,22.8,0.0,58.0,7.2,forecast
2025-11-03T10:00:00Z,24.8,0.0,54.0,12.6,forecast
2025-11-03T11:00:00Z,24.8,0.0,46.0,13.3,forecast
2025-11-03T12:00:00Z,25.6,0.0,41.0,11.9,forecast
03/11/2025 13:00,25.3,0.0,51.0,15.5,forecast
2025-11-03T14:00:00Z,24.0,0.0,55.0,11.0,forecast
2025-11-03T15:00:00Z,24.4,0.0,61.0,8.3,forecast
03/11/2025 16:00,21.6,0.0,63.0,7.9,forecast
2025-11-03T17:00:00Z,19.8,0.0,60.0,7.7,forecast
2025-11-03T18:00:00Z,19.9,0.0,61.0,6.6,forecast
2025-11-03T19:00:00Z,18.3,0.0,66.0,10.8,forecast
03/11/2025 20:00,13.7,0.0,87.0,5.8,forecast
2025-11-03T21:00:00Z,12.9,0.0,72.0,13.9,forecast
2025-11-03T22:00:00Z,13.2,0.0,69.0,9.0,forecast
2025-11-03T23:00:00Z,11.8,0.0,78.0,10.9,forecast
04/11/2025 00:00,11.5,0.0,89.0,15.9,forecast
2025-11-04T01:00:00Z,11.2,0.3,85.0,7.5,forecast
2025-11-04T02:00:00Z,13.2,0.0,86.0,8.4,forecast
2025-11-04T03:00:00Z,14.0,0.0,81.0,10.9,forecast
2025-11-04T04:00:00Z,14.7,0.0,81.0,13.7,forecast
2025-11-04T05:00:00Z,16.9,0.0,71.0,16.3,forecast
2025-11-04T06:00:00Z,18.5,0.0,64.0,13.7,forecast
04/11/2025 07:00,21.5,0.0,68.0,8.7,forecast
2025-11-04T08:00:00Z,22.0,0.0,61.0,6.6,forecast
2025-11-04T09:00:00Z,23.7,0.0,63.0,12.5,forecast
2025-11-04T10:00:00Z,23.6,0.3,54.0,14.0,forecast
2025-11-04T11:00:00Z,26.3,0.0,45.0,6.6,forecast
2025-11-04T12:00:00Z,25.2,0.0,51.0,9.0,forecast
2025-11-04T13:00:00Z,25.5,0.3,42.0,8.6,forecast
2025-11-04T14:00:00Z,24.1,0.0,54.0,12.8,forecast
04/11/2025 15:00,22.9,0.0,45.0,12.4,forecast
2025-11-04T16:00:00Z,23.6,0.0,,20.6,forecast
2025-11-04T17:00:00Z,21.1,0.0,69.0,7.7,forecast
2025-11-04T18:00:00Z,18.6,0.0,70.0,15.3,forecast
04/11/2025 19:00,17.5,0.0,69.0,10.0,forecast
2025-11-04T20:00:00Z,16.9,0.0,70.0,6.0,forecast
2025-11-04T21:00:00Z,13.8,0.0,80.0,9.9,forecast
2025-11-04T22:00:00Z,12.6,0.0,78.0,5.0,forecast
2025-11-04T23:00:00Z,11.2,0.0,77.0,25.5,forecast
2025-11-05T00:00:00Z,12.3,0.0,83.0,12.9,forecast
2025-11-05T01:00:00Z,12.9,0.0,80.0,8.5,forecast
2025-11-05T02:00:00Z,13.0,0.0,86.0,13.5,forecast
2025-11-05T03:00:00Z,13.9,0.0,75.0,9.9,forecast
2025-11-05T04:00:00Z,15.7,0.0,86.0,7.4,forecast
2025-11-05T05:00:00Z,18.0,0.0,72.0,7.8,forecast
2025-11-05T06:00:00Z,19.3,0.0,61.0,12.6,forecast
2025-11-05T07:00:00Z,20.7,0.0,61.0,11.2,forecast
05/11/2025 08:00,21.1,0.0,65.0,8.2,forecast
2025-11-05T09:00:00Z,23.8,0.0,58.0,15.0,forecast
2025-11-05T10:00:00Z,22.9,0.0,56.0,7.5,forecast
05/11/2025 11:00,25.2,-9999.0,53.0,8.3,forecast
2025-11-05T12:00:00Z,24.1,0.0,45.0,20.0,forecast
2025-11-05T13:00:00Z,25.4,0.0,56.0,5.1,forecast
2025-11-05T14:00:00Z,24.9,0.0,49.0,8.3,forecast
2025-11-05T15:00:00Z,23.5,0.0,63.0,11.8,forecast
2025-11-05T16:00:00Z,20.8,0.0,55.0,12.0,forecast
2025-11-05T17:00:00Z,17.9,0.0,54.0,10.9,forecast
05/11/2025 18:00,17.1,0.0,70.0,7.0,forecast
2025-11-05T19:00:00Z,16.1,0.0,65.0,10.1,forecast
2025-11-05T20:00:00Z,14.7,0.0,70.0,8.1,forecast
2025-11-05T21:00:00Z,10.6,0.0,85.0,11.6,forecast
2025-11-05T22:00:00Z,10.5,0.0,85.0,10.5,forecast
2025-11-05T23:00:00Z,9.8,0.0,91.0,11.0,forecast
06/11/2025 00:00,12.0,0.1,89.0,11.9,forecast
2025-11-06T02:00:00Z,12.2,0.0,74.0,8.0,forecast
2025-11-06T03:00:00Z,13.0,0.0,82.0,12.5,forecast
2025-11-06T04:00:00Z,14.3,0.0,71.0,13.1,forecast
2025-11-06T05:00:00Z,17.7,0.0,69.0,15.0,forecast
2025-11-06T06:00:00Z,18.8,0.0,65.0,7.3,forecast
2025-11-06T07:00:00Z,19.3,0.0,69.0,6.9,forecast
2025-11-06T08:00:00Z,19.4,0.0,57.0,8.3,forecast
2025-11-06T09:00:00Z,20.4,0.0,52.0,17.3,forecast
2025-11-06T10:00:00Z,23.2,0.0,58.0,7.7,forecast
2025-11-06T11:00:00Z,25.1,0.0,51.0,6.2,forecast
06/11/2025 12:00,27.0,0.0,58.0,7.5,forecast
2025-11-06T13:00:00Z,25.7,0.0,49.0,12.2,forecast
2025-11-06T14:00:00Z,22.1,0.0,65.0,8.6,forecast
2025-11-06T15:00:00Z,21.1,0.0,59.0,16.7,forecast
2025-11-06T16:00:00Z,20.6,0.0,64.0,9.3,forecast
2025-11-06T17:00:00Z,19.2,0.0,66.0,14.1,forecast
2025-11-06T18:00:00Z,15.9,0.0,65.0,7.8,forecast
2025-11-06T19:00:00Z,16.5,0.0,76.0,8.2,forecast
2025-11-06T20:00:00Z,15.8,0.0,76.0,12.3,forecast
2025-11-06T21:00:00Z,12.4,0.0,86.0,4.7,forecast
06/11/2025 22:00,11.8,0.0,85.0,11.0,forecast
2025-11-06T23:00:00Z,11.9,0.0,92.0,6.4,forecast
2025-11-07T00:00:00Z,10.7,0.0,87.0,11.2,forecast
2025-11-07T01:00:00Z,10.1,0.0,84.0,6.8,forecast
2025-11-07T02:00:00Z,13.5,0.0,77.0,13.1,forecast
2025-11-07T03:00:00Z,14.0,0.0,75.0,8.5,forecast
2025-11-07T04:00:00Z,13.9,0.0,87.0,13.4,forecast
2025-11-07T05:00:00Z,15.3,1.2,74.0,12.2,forecast
2025-11-07T06:00:00Z,19.4,0.0,,8.5,forecast
2025-11-07T07:00:00Z,19.4,0.0,59.0,4.9,forecast
2025-11-07T08:00:00Z,20.3,0.0,71.0,9.9,forecast
2025-11-07T09:00:00Z,21.5,0.0,57.0,11.8,forecast
2025-11-07T10:00:00Z,23.1,0.0,50.0,18.1,forecast
2025-11-07T11:00:00Z,23.2,0.0,44.0,13.3,forecast
2025-11-07T12:00:00Z,24.9,0.0,58.0,7.4,forecast
2025-11-07T13:00:00Z,25.7,0.0,52.0,11.2,forecast
2025-11-07T14:00:00Z,23.4,0.0,64.0,14.9,forecast
2025-11-07T15:00:00Z,22.1,0.0,65.0,13.0,forecast
2025-11-07T16:00:00Z,20.2,0.0,67.0,11.6,forecast
2025-11-07T17:00:00Z,21.5,0.0,63.0,26.2,forecast
2025-11-07T18:00:00Z,17.0,0.0,69.0,7.2,forecast
2025-11-07T19:00:00Z,16.0,0.0,81.0,19.3,forecast
2025-11-07T20:00:00Z,12.8,0.0,77.0,10.2,forecast
2025-11-07T21:00:00Z,12.9,0.0,79.0,10.5,forecast
2025-11-07T22:00:00Z,12.3,0.0,84.0,15.4,forecast
2025-11-07T23:00:00Z,11.6,0.0,83.0,5.4,forecast
2025-11-08T00:00:00Z,10.5,0.0,95.0,13.8,forecast
2025-11-08T01:00:00Z,9.8,0.0,84.0,7.3,forecast
2025-11-08T02:00:00Z,11.1,0.0,85.0,18.7,forecast
2025-11-08T03:00:00Z,12.5,0.0,77.0,19.2,forecast
2025-11-08T04:00:00Z,13.3,0.0,71.0,9.1,forecast
2025-11-08T05:00:00Z,14.5,0.0,73.0,7.0,forecast
2025-11-08T06:00:00Z,19.1,0.0,63.0,13.4,forecast
2025-11-08T07:00:00Z,18.8,0.0,66.0,6.4,forecast
2025-11-08T07:00:00Z,19.8,0.0,66.0,6.4,forecast
2025-11-08T08:00:00Z,20.9,0.0,60.0,3.8,forecast
2025-11-08T09:00:00Z,22.7,0.0,65.0,20.3,forecast
2025-11-08T10:00:00Z,24.0,0.0,58.0,6.3,forecast
08/11/2025 11:00,23.1,0.0,61.0,12.4,forecast
08/11/2025 12:00,23.0,0.0,60.0,5.8,forecast
2025-11-08T13:00:00Z,23.4,0.0,59.0,8.4,forecast
2025-11-08T14:00:00Z,23.2,0.0,56.0,7.7,forecast
08/11/2025 15:00,22.9,0.0,56.0,15.4,forecast
2025-11-08T17:00:00Z,19.8,0.0,70.0,12.6,forecast
2025-11-08T18:00:00Z,17.7,0.0,73.0,8.6,forecast
2025-11-08T19:00:00Z,15.2,0.0,75.0,9.0,forecast
2025-11-08T20:00:00Z,14.2,0.0,81.0,3.8,forecast
2025-11-08T21:00:00Z,11.3,0.0,83.0,11.4,forecast
2025-11-08T22:00:00Z,9.3,0.0,89.0,8.3,forecast
2025-11-08T23:00:00Z,9.1,0.0,91.0,13.7,forecast
2025-11-09T00:00:00Z,9.3,0.0,92.0,12.9,forecast
2025-11-09T01:00:00Z,9.3,0.0,88.0,9.5,forecast
2025-11-09T02:00:00Z,9.5,0.0,97.0,17.2,forecast
2025-11-09T04:00:00Z,12.2,0.0,76.0,3.7,forecast
2025-11-09T05:00:00Z,15.2,0.0,77.0,6.7,forecast
2025-11-09T06:00:00Z,16.1,0.0,78.0,12.7,forecast
2025-11-09T07:00:00Z,18.3,0.0,63.0,11.6,forecast
2025-11-09T08:00:00Z,19.9,0.0,64.0,12.1,forecast
2025-11-09T09:00:00Z,19.0,0.0,63.0,12.1,forecast
2025-11-09T10:00:00Z,21.4,0.0,53.0,10.2,forecast
2025-11-09T11:00:00Z,23.0,0.0,56.0,8.6,forecast
2025-11-09T12:00:00Z,23.9,0.0,61.0,12.4,forecast
2025-11-09T13:00:00Z,20.6,0.0,62.0,8.2,forecast
2025-11-09T14:00:00Z,20.8,0.0,59.0,22.5,forecast
09/11/2025 15:00,21.2,0.0,70.0,11.9,forecast
2025-11-09T16:00:00Z,20.4,0.0,64.0,10.6,forecast
2025-11-09T17:00:00Z,15.6,0.0,73.0,7.2,forecast
2025-11-09T18:00:00Z,17.4,0.0,79.0,13.2,forecast
2025-11-09T19:00:00Z,15.9,0.0,,12.5,forecast
2025-11-09T20:00:00Z,14.7,0.0,85.0,15.0,forecast
2025-11-09T21:00:00Z,10.3,0.0,90.0,11.9,forecast
2025-11-09T22:00:00Z,7.8,2.1,94.0,7.5,forecast
2025-11-09T23:00:00Z,8.8,0.0,90.0,13.7,forecast
2025-11-10T00:00:00Z,8.8,0.0,,7.0,forecast
2025-11-10T01:00:00Z,8.3,0.0,96.0,13.5,forecast
2025-11-10T02:00:00Z,9.7,0.0,79.0,10.1,forecast
2025-11-10T03:00:00Z,8.0,0.0,91.0,3.1,forecast
10/11/2025 04:00,12.0,0.0,90.0,10.3,forecast
2025-11-10T05:00:00Z,11.9,0.0,84.0,6.6,forecast
2025-11-10T06:00:00Z,15.4,0.0,80.0,14.4,forecast
2025-11-10T07:00:00Z,16.1,0.0,76.0,8.3,forecast
2025-11-10T08:00:00Z,17.9,0.0,73.0,9.3,forecast
2025-11-10T09:00:00Z,20.8,0.0,61.0,14.6,forecast
2025-11-10T10:00:00Z,21.0,0.0,58.0,5.7,forecast
2025-11-10T11:00:00Z,19.7,0.0,65.0,12.9,forecast
2025-11-10T12:00:00Z,21.9,0.0,63.0,17.5,forecast
2025-11-10T13:00:00Z,21.4,0.0,57.0,11.8,forecast
2025-11-10T14:00:00Z,20.3,0.0,60.0,6.1,forecast
2025-11-10T15:00:00Z,19.6,0.0,60.0,7.3,forecast
2025-11-10T16:00:00Z,17.2,0.0,71.0,26.7,forecast
2025-11-10T17:00:00Z,17.9,0.0,73.0,13.0,forecast
10/11/2025 18:00,14.7,0.0,74.0,6.8,forecast
2025-11-10T19:00:00Z,13.8,0.0,64.0,12.1,forecast
10/11/2025 20:00,12.7,0.0,86.0,7.2,forecast
2025-11-10T21:00:00Z,9.1,0.0,88.0,8.6,forecast
2025-11-10T22:00:00Z,8.3,0.0,82.0,11.6,forecast
2025-11-10T23:00:00Z,8.5,0.0,96.0,8.6,forecast
2025-11-11T00:00:00Z,6.7,0.0,95.0,15.1,forecast
2025-11-11T01:00:00Z,6.9,0.0,93.0,9.0,forecast
2025-11-11T02:00:00Z,8.4,0.0,86.0,11.2,forecast
11/11/2025 03:00,9.4,0.0,89.0,5.8,forecast
2025-11-11T04:00:00Z,9.8,0.0,91.0,5.9,forecast
2025-11-11T05:00:00Z,14.0,0.0,86.0,7.8,forecast
2025-11-11T06:00:00Z,15.2,0.0,82.0,6.5,forecast
2025-11-11T07:00:00Z,16.4,0.0,72.0,12.1,forecast
2025-11-11T08:00:00Z,17.4,0.0,66.0,11.7,forecast
2025-11-11T09:00:00Z,20.1,0.0,71.0,15.1,forecast
2025-11-11T10:00:00Z,19.8,0.0,77.0,9.4,forecast
2025-11-11T11:00:00Z,19.6,0.0,60.0,10.7,forecast
2025-11-11T12:00:00Z,22.6,0.0,58.0,12.4,forecast
2025-11-11T13:00:00Z,20.6,0.0,65.0,8.9,forecast
2025-11-11T14:00:00Z,20.4,0.0,62.0,8.3,forecast
2025-11-11T15:00:00Z,17.1,0.0,59.0,11.2,forecast
11/11/2025 16:00,17.2,0.2,67.0,9.7,forecast
2025-11-11T17:00:00Z,17.3,0.0,82.0,7.2,forecast
2025-11-11T18:00:00Z,13.7,0.0,85.0,11.7,forecast
2025-11-11T19:00:00Z,12.6,0.0,86.0,4.0,forecast
2025-11-11T20:00:00Z,12.6,0.0,80.0,9.2,forecast
2025-11-11T21:00:00Z,10.2,0.0,83.0,10.5,forecast
2025-11-11T22:00:00Z,10.3,0.0,83.0,11.7,forecast
11/11/2025 23:00,9.2,0.0,94.0,11.6,forecast
2025-11-12T00:00:00Z,7.7,0.0,95.0,6.2,forecast
2025-11-12T01:00:00Z,8.1,0.0,97.0,10.8,forecast
2025-11-12T02:00:00Z,7.4,0.0,95.0,4.4,forecast
2025-11-12T03:00:00Z,11.2,0.0,88.0,9.0,forecast
12/11/2025 04:00,10.5,0.0,79.0,18.7,forecast
2025-11-12T05:00:00Z,12.7,0.0,85.0,11.2,forecast
2025-11-12T06:00:00Z,13.1,2.6,82.0,10.4,forecast
2025-11-12T07:00:00Z,16.7,0.0,71.0,12.3,forecast
2025-11-12T08:00:00Z,18.4,0.2,67.0,5.5,forecast
2025-11-12T09:00:00Z,18.0,0.0,62.0,13.0,forecast
2025-11-12T10:00:00Z,21.7,0.0,60.0,6.5,forecast
2025-11-12T11:00:00Z,21.6,0.0,75.0,12.5,forecast
2025-11-12T12:00:00Z,21.4,0.1,71.0,10.6,forecast
2025-11-12T13:00:00Z,21.9,0.0,59.0,5.2,forecast
2025-11-12T14:00:00Z,18.9,0.0,66.0,14.0,forecast
2025-11-12T15:00:00Z,17.4,0.0,68.0,6.8,forecast
2025-11-12T16:00:00Z,16.5,0.0,61.0,10.2,forecast
2025-11-12T17:00:00Z,16.7,0.0,64.0,8.7,forecast
2025-11-12T18:00:00Z,16.1,0.0,74.0,13.8,forecast
2025-11-12T19:00:00Z,13.2,1.2,71.0,14.1,forecast
2025-11-12T20:00:00Z,10.6,0.0,90.0,21.8,forecast
12/11/2025 21:00,10.5,0.8,,8.8,forecast
2025-11-12T22:00:00Z,11.2,0.0,87.0,14.0,forecast
2025-11-12T23:00:00Z,9.0,0.0,99.0,14.4,forecast
2025-11-13T00:00:00Z,8.9,0.0,86.0,12.7,forecast
2025-11-13T01:00:00Z,7.9,1.2,96.0,5.7,forecast
2025-11-13T02:00:00Z,9.1,0.0,91.0,8.1,forecast
13/11/2025 03:00,9.1,0.0,99.0,5.5,forecast
2025-11-13T04:00:00Z,13.4,0.0,85.0,4.7,forecast
2025-11-13T05:00:00Z,15.0,0.0,77.0,14.1,forecast
2025-11-13T06:00:00Z,15.1,0.0,73.0,4.6,forecast
2025-11-13T07:00:00Z,18.3,0.0,62.0,8.9,forecast
2025-11-13T08:00:00Z,17.4,0.0,72.0,7.7,forecast
2025-11-13T09:00:00Z,,0.0,64.0,13.1,forecast
2025-11-13T10:00:00Z,19.0,0.8,86.0,14.7,forecast
13/11/2025 11:00,19.0,3.6,75.0,4.4,forecast
2025-11-13T12:00:00Z,21.2,25.7,84.0,9.8,forecast
2025-11-13T13:00:00Z,19.3,3.0,85.0,9.6,forecast
2025-11-13T14:00:00Z,19.3,3.6,82.0,15.5,forecast
2025-11-13T15:00:00Z,19.5,3.6,82.0,9.1,forecast
13/11/2025 16:00,20.5,0.3,68.0,12.0,forecast
2025-11-13T17:00:00Z,16.7,0.0,62.0,16.8,forecast
2025-11-13T17:00:00Z,16.5,0.0,62.0,16.8,forecast
2025-11-13T18:00:00Z,15.2,0.0,81.0,15.7,forecast
2025-11-13T19:00:00Z,14.9,0.0,87.0,24.1,forecast
2025-11-13T20:00:00Z,11.9,1.0,91.0,6.9,forecast
2025-11-13T21:00:00Z,12.3,0.0,82.0,8.6,forecast
2025-11-13T22:00:00Z,10.9,0.0,90.0,13.8,forecast
2025-11-13T23:00:00Z,9.8,0.0,97.0,3.6,forecast
2025-11-14T00:00:00Z,8.9,0.0,82.0,11.6,forecast
2025-11-14T01:00:00Z,9.3,0.0,92.0,15.9,forecast
2025-11-14T02:00:00Z,8.8,0.0,90.0,15.5,forecast
2025-11-14T03:00:00Z,12.0,0.0,77.0,12.1,forecast
2025-11-14T04:00:00Z,13.5,0.0,89.0,3.7,forecast
2025-11-14T05:00:00Z,14.9,0.0,78.0,22.1,forecast
14/11/2025 06:00,16.7,0.0,73.0,13.2,forecast
2025-11-14T08:00:00Z,19.6,0.0,66.0,14.2,forecast
2025-11-14T09:00:00Z,21.2,0.0,,7.9,forecast
2025-11-14T10:00:00Z,21.5,0.0,55.0,16.1,forecast
2025-11-14T11:00:00Z,22.8,0.0,62.0,15.1,forecast
2025-11-14T12:00:00Z,21.7,0.0,61.0,18.0,forecast
2025-11-14T13:00:00Z,22.5,0.0,66.0,18.3,forecast
14/11/2025 14:00,22.4,0.0,66.0,6.5,forecast
2025-11-14T15:00:00Z,20.4,0.0,61.0,10.6,forecast
2025-11-14T16:00:00Z,20.1,0.0,68.0,8.1,forecast
2025-11-14T17:00:00Z,17.6,0.0,71.0,6.0,forecast
2025-11-14T18:00:00Z,16.1,0.0,84.0,4.4,forecast
14/11/2025 19:00,14.9,0.0,78.0,3.7,forecast
2025-11-14T20:00:00Z,11.5,0.0,86.0,8.4,forecast
